{
    "Ranking": "D > B",
    "Number Of Seats": 2,
    "Stats": {
        "votes_needed_to_win": 188,
        "rounds": {
            "1": {
                "D": 153,
                "B": 147,
                "C": 142,
                "A": 119
            },
            "2": {
                "D": 189,
                "B": 180,
                "C": 168
            },
            "3": {
                "B": 193.47619045,
                "C": 179.2116402
            }
        }
    }
}