{
    "Ranking": "D > B > C > A",
    "Number Of Seats": 2,
    "Stats": {
        "A": {
            "B": 1.1355932203389831,
            "C": 1.1355932203389831,
            "D": 1.1355932203389831
        },
        "B": {
            "A": 1.1492537313432836,
            "C": 1.392156862745098,
            "D": 1.1355932203389831
        },
        "C": {
            "A": 1.1492537313432836,
            "B": 1.1355932203389831,
            "D": 1.1355932203389831
        },
        "D": {
            "A": 1.1492537313432836,
            "B": 1.2450980392156863,
            "C": 1.2592592592592593
        }
    }
}