{
    "Ranking": "B > C > D > A",
    "Number Of Seats": 2,
    "Stats": {
        "B": 254.333333333,
        "C": 236.166666667,
        "D": 226,
        "A": 180.833333333
    }
}