{
    "Ranking": "1 > 3 > 8 > 5 > 9 > 10 > 7 > 6 > 2 > 4",
    "Number Of Seats": 6,
    "Stats": {
        "1": 481.9049094545265,
        "3": 341.55658541194595,
        "8": 271.10591852481735,
        "5": 265.7955150856644,
        "9": 251.81591883975744,
        "10": 247.63593742126437,
        "7": 245.3993868102789,
        "6": 244.65483796296212,
        "2": 237.91453782438856,
        "4": 232.81288123582743
    }
}