{
    "Ranking": "1 > 3 > 5 > 6 > 9 > 7 > 2 > 10 > 8 > 4",
    "Number Of Seats": 6,
    "Stats": {
        "1": {
            "2": 3.304054054054054,
            "3": 1.96137339055794,
            "4": 3.5208333333333335,
            "5": 2.4947368421052634,
            "6": 4.4907407407407405,
            "7": 6.876712328767123,
            "8": 2.7262569832402233,
            "9": 2.365979381443299,
            "10": 2.82183908045977
        },
        "2": {
            "1": 0,
            "3": 0,
            "4": 1.522875816993464,
            "5": 0,
            "6": 0,
            "7": 0,
            "8": 1.1794871794871795,
            "9": 0,
            "10": 1.0696517412935322
        },
        "3": {
            "1": 0,
            "2": 1.3222748815165877,
            "4": 1.7988165680473374,
            "5": 1.0874524714828897,
            "6": 1.0874524714828897,
            "7": 1.0874524714828897,
            "8": 1.6833333333333333,
            "9": 1.184873949579832,
            "10": 1.3744075829383886
        },
        "4": {
            "1": 0,
            "2": 0,
            "3": 0,
            "5": 0,
            "6": 0,
            "7": 0,
            "8": 0,
            "9": 0,
            "10": 0
        },
        "5": {
            "1": 0,
            "2": 1.4108108108108108,
            "3": 0,
            "4": 1.7116564417177915,
            "6": 1.104602510460251,
            "7": 1.1877551020408164,
            "8": 1.6721311475409837,
            "9": 1.104602510460251,
            "10": 1.4725274725274726
        },
        "6": {
            "1": 0,
            "2": 1.3051643192488263,
            "3": 0,
            "4": 1.8333333333333333,
            "5": 0,
            "7": 1.2272727272727273,
            "8": 1.4234693877551021,
            "9": 1.1416309012875536,
            "10": 1.3177570093457944
        },
        "7": {
            "1": 0,
            "2": 1.1043478260869566,
            "3": 0,
            "4": 1.631578947368421,
            "5": 0,
            "6": 0,
            "8": 1.4,
            "9": 0,
            "10": 1.2924528301886793
        },
        "8": {
            "1": 0,
            "2": 0,
            "3": 0,
            "4": 1.0618556701030928,
            "5": 0,
            "6": 0,
            "7": 0,
            "9": 0,
            "10": 0
        },
        "9": {
            "1": 0,
            "2": 1.3333333333333333,
            "3": 0,
            "4": 1.8775510204081634,
            "5": 0,
            "6": 0,
            "7": 1.049618320610687,
            "8": 1.3248730964467006,
            "10": 1.3157894736842106
        },
        "10": {
            "1": 0,
            "2": 0,
            "3": 0,
            "4": 1.4415584415584415,
            "5": 0,
            "6": 0,
            "7": 0,
            "8": 1.0682926829268293,
            "9": 0
        }
    }
}