{
    "Ranking": "1 > 3 > 8 > 5 > 9 > 10 > 7 > 6 > 2 > 4",
    "Number Of Seats": 6,
    "Stats": {
        "1": 481.904909455,
        "3": 341.556585412,
        "8": 271.105918525,
        "5": 265.795515086,
        "9": 251.81591884,
        "10": 247.635937421,
        "7": 245.39938681,
        "6": 244.654837963,
        "2": 237.914537824,
        "4": 232.812881236
    }
}