{
    "Ranking": "1 > 3 > 7 > 5 > 8 > 9",
    "Number Of Seats": 6,
    "Stats": {
        "votes_needed_to_win": 138,
        "rounds": {
            "1": {
                "1": 325,
                "3": 200,
                "8": 114,
                "10": 65,
                "4": 60,
                "5": 59,
                "9": 47,
                "2": 44,
                "7": 31,
                "6": 18
            },
            "2": {
                "8": 117.94076923,
                "7": 88.40692304,
                "5": 77.41692307,
                "10": 70.577692305,
                "6": 66.466153815,
                "4": 63.276153845,
                "9": 61.87538461,
                "2": 56.970769225
            },
            "3": {
                "8": 122.94076923,
                "7": 92.17769227,
                "5": 87.4976923,
                "9": 77.760769225,
                "4": 73.78153846,
                "10": 73.15307692,
                "6": 70.236923045
            },
            "4": {
                "7": 136.586153785,
                "8": 128.94076923,
                "5": 95.49153845,
                "9": 83.833076915,
                "4": 76.356923075,
                "10": 73.46307692
            },
            "5": {
                "7": 140.1615384,
                "8": 131.826153845,
                "5": 115.376923065,
                "9": 94.17923076,
                "4": 92.24230769
            },
            "6": {
                "8": 136.513151222,
                "5": 122.548721577,
                "9": 109.007034513,
                "4": 101.783994749
            },
            "7": {
                "5": 148.506413882,
                "8": 145.64018575,
                "9": 127.777803743
            },
            "8": {
                "9": 195.041411726
            }
        }
    }
}