{
    "Ranking": "A > C > B > D",
    "Number Of Seats": 1,
    "Stats": {
        "A": 426.86111111111074,
        "C": 257.7777777777782,
        "B": 247.30555555555577,
        "D": 236.8055555555559
    }
}