{
    "Ranking": "6 > 4 > 5 > 2 > 3 > 1",
    "Number Of Seats": 4,
    "Stats": {
        "6": 127.616666667,
        "4": 62.75,
        "5": 40.916666667,
        "2": 37.25,
        "3": 30.166666667,
        "1": 10.783333333
    }
}