{
    "Ranking": "5 > 6 > 3 > 4 > 1 = 2 > 7",
    "Number Of Seats": 2,
    "Stats": {
        "1": {
            "6": 36.142857143,
            "5": 34.142857143,
            "3": 30.142857143,
            "4": 20.142857143,
            "1": 14.142857143,
            "2": 14.142857143,
            "7": 7.142857143
        },
        "2": {
            "5": 81.5,
            "6": 74.5
        }
    }
}