{
    "Ranking": "6 > 3 > 5 > 4 > 1 > 7 > 2",
    "Number Of Seats": 2,
    "Stats": {
        "6": 66.097035147,
        "3": 65.683939909,
        "5": 65.201400227,
        "4": 56.249098639,
        "1": 52.320844671,
        "7": 49.602670068,
        "2": 49.330725624
    }
}