{
    "Ranking": "6 > 3 > 5 > 4 > 1 > 7 > 2",
    "Number Of Seats": 2,
    "Stats": {
        "6": 66.09703514739236,
        "3": 65.68393990929707,
        "5": 65.20140022675751,
        "4": 56.249098639455845,
        "1": 52.320844671201904,
        "7": 49.60267006802727,
        "2": 49.33072562358283
    }
}