{
    "Ranking": "6 > 12 > 7 > 14 > 1 > 4 > 9 > 8 > 3 > 11 > 13 > 5 > 2 > 10",
    "Number Of Seats": 1,
    "Stats": {
        "1": {
            "2": 1.8333333333333333,
            "3": 1.434782608695652,
            "4": 1.2,
            "5": 1.7435897435897436,
            "6": 0,
            "7": 0,
            "8": 1.4047619047619047,
            "9": 1.4047619047619047,
            "10": 1.6666666666666667,
            "11": 1.2272727272727273,
            "12": 0,
            "13": 1.2272727272727273,
            "14": 0
        },
        "2": {
            "1": 0,
            "3": 1.2195121951219512,
            "4": 0,
            "5": 1.2272727272727273,
            "6": 0,
            "7": 0,
            "8": 1.2037037037037037,
            "9": 1.1875,
            "10": 1.4285714285714286,
            "11": 1.2272727272727273,
            "12": 0,
            "13": 1.2272727272727273,
            "14": 0
        },
        "3": {
            "1": 0,
            "2": 1.255813953488372,
            "4": 0,
            "5": 1.346938775510204,
            "6": 0,
            "7": 0,
            "8": 1.2037037037037037,
            "9": 1.1875,
            "10": 1.5,
            "11": 1.2272727272727273,
            "12": 0,
            "13": 1.2272727272727273,
            "14": 0
        },
        "4": {
            "1": 0,
            "2": 1.3409090909090908,
            "3": 1.2195121951219512,
            "5": 1.2291666666666667,
            "6": 0,
            "7": 0,
            "8": 1.4489795918367347,
            "9": 1.1875,
            "10": 1.564102564102564,
            "11": 1.2272727272727273,
            "12": 0,
            "13": 1.2272727272727273,
            "14": 0
        },
        "5": {
            "1": 0,
            "2": 1.255813953488372,
            "3": 1.2195121951219512,
            "4": 0,
            "6": 0,
            "7": 0,
            "8": 1.2037037037037037,
            "9": 1.1875,
            "10": 1.3157894736842106,
            "11": 1.2272727272727273,
            "12": 0,
            "13": 1.2272727272727273,
            "14": 0
        },
        "6": {
            "1": 1.6938775510204083,
            "2": 2.393939393939394,
            "3": 2.1951219512195124,
            "4": 1.7627118644067796,
            "5": 1.9142857142857144,
            "7": 1.876543209876543,
            "8": 3.085714285714286,
            "9": 2.657142857142857,
            "10": 3.423076923076923,
            "11": 2.5416666666666665,
            "12": 1.1801801801801801,
            "13": 2.742857142857143,
            "14": 1.9142857142857144
        },
        "7": {
            "1": 1.170731707317073,
            "2": 1.3409090909090908,
            "3": 1.3518518518518519,
            "4": 1.6862745098039216,
            "5": 1.736842105263158,
            "6": 0,
            "8": 1.95,
            "9": 1.5319148936170213,
            "10": 2,
            "11": 1.5072463768115942,
            "12": 0,
            "13": 1.679245283018868,
            "14": 1.170731707317073
        },
        "8": {
            "1": 0,
            "2": 1.2291666666666667,
            "3": 1.2195121951219512,
            "4": 0,
            "5": 1.2291666666666667,
            "6": 0,
            "7": 0,
            "9": 1.1875,
            "10": 1.85,
            "11": 1.2272727272727273,
            "12": 0,
            "13": 1.2272727272727273,
            "14": 0
        },
        "9": {
            "1": 0,
            "2": 1.3333333333333333,
            "3": 1.2195121951219512,
            "4": 0,
            "5": 1.2291666666666667,
            "6": 0,
            "7": 0,
            "8": 1.4222222222222223,
            "10": 1.6857142857142857,
            "11": 1.2272727272727273,
            "12": 0,
            "13": 1.2272727272727273,
            "14": 0
        },
        "10": {
            "1": 0,
            "2": 1.0869565217391304,
            "3": 1.0869565217391304,
            "4": 0,
            "5": 1.0869565217391304,
            "6": 0,
            "7": 0,
            "8": 1.0869565217391304,
            "9": 1.0869565217391304,
            "11": 1.0869565217391304,
            "12": 0,
            "13": 1.0869565217391304,
            "14": 0
        },
        "11": {
            "1": 0,
            "2": 1.255813953488372,
            "3": 1.2195121951219512,
            "4": 0,
            "5": 1.3584905660377358,
            "6": 0,
            "7": 0,
            "8": 1.2037037037037037,
            "9": 1.1875,
            "10": 1.3157894736842106,
            "12": 0,
            "13": 1.3584905660377358,
            "14": 0
        },
        "12": {
            "1": 1.7413793103448276,
            "2": 1.9375,
            "3": 2.1463414634146343,
            "4": 1.6346153846153846,
            "5": 2.5483870967741935,
            "6": 0,
            "7": 1.2710280373831775,
            "8": 2.2051282051282053,
            "9": 1.9736842105263157,
            "10": 1.85,
            "11": 1.6666666666666667,
            "13": 3.90625,
            "14": 2
        },
        "13": {
            "1": 0,
            "2": 1.255813953488372,
            "3": 1.2195121951219512,
            "4": 0,
            "5": 1.4,
            "6": 0,
            "7": 0,
            "8": 1.2037037037037037,
            "9": 1.1875,
            "10": 1.3157894736842106,
            "11": 1.2272727272727273,
            "12": 0,
            "14": 0
        },
        "14": {
            "1": 1.6938775510204083,
            "2": 1.9375,
            "3": 1.9,
            "4": 1.4339622641509433,
            "5": 2.2903225806451615,
            "6": 0,
            "7": 0,
            "8": 1.4339622641509433,
            "9": 1.4047619047619047,
            "10": 1.6666666666666667,
            "11": 1.2272727272727273,
            "12": 0,
            "13": 1.2592592592592593
        }
    }
}