{
    "Ranking": "12 > 6 > 7 > 14 > 11 > 1 > 4 > 3 > 8 > 13 > 9 > 5 > 10 > 2",
    "Number Of Seats": 1,
    "Stats": {
        "12": 229.46900876900878,
        "6": 226.7219447219449,
        "7": 156.13890553890565,
        "14": 126.3220002220002,
        "11": 102.85246142746146,
        "1": 84.20149850149852,
        "4": 79.54678099678101,
        "3": 68.2502830502831,
        "8": 68.07233599733605,
        "13": 66.2500999001,
        "9": 59.39348984348992,
        "5": 55.61726329226333,
        "10": 46.04371461871467,
        "2": 41.10545010545013
    }
}