{
    "Ranking": "4 > 1 > 2 > 3",
    "Number Of Seats": 3,
    "Stats": {
        "4": 82.83333333333331,
        "1": 71.49999999999999,
        "2": 67.83333333333334,
        "3": 56.500000000000064
    }
}