{
    "Ranking": "4 > 1 > 2 > 3",
    "Number Of Seats": 3,
    "Stats": {
        "4": 82.833333333,
        "1": 71.5,
        "2": 67.833333333,
        "3": 56.5
    }
}