{
    "Ranking": "11 > 3 > 7 > 1 > 2 > 4 > 8 > 10 > 9 > 5 > 6",
    "Number Of Seats": 2,
    "Stats": {
        "11": 19.726190476,
        "3": 14.525,
        "7": 9.085714286,
        "1": 8.119444444,
        "2": 8.011111111,
        "4": 6.498412698,
        "8": 5.803571429,
        "10": 5.277380952,
        "9": 5.120634921,
        "5": 4.551190476,
        "6": 2.683333333
    }
}