{
    "Ranking": "7 > 1 > 5 > 6 > 3",
    "Number Of Seats": 4,
    "Stats": {
        "Votes Needed to Win": 73,
        "rounds": {
            "1": {
                "7": 77,
                "1": 53,
                "5": 46,
                "6": 45,
                "3": 44,
                "4": 37,
                "2": 33,
                "8": 27
            },
            "2": {
                "1": 53.051948052,
                "5": 46.935064936,
                "6": 45.415584416,
                "3": 44.207792208,
                "4": 38.81818182,
                "2": 33,
                "8": 27.207792208
            },
            "3": {
                "1": 60.051948052,
                "5": 54.03896104,
                "3": 50.25974026,
                "6": 46.415584416,
                "4": 40.870129872,
                "2": 36
            },
            "4": {
                "1": 74.051948052,
                "3": 57.25974026,
                "5": 57.03896104,
                "6": 47.415584416,
                "4": 43.870129872
            },
            "5": {
                "3": 66.766265656,
                "5": 59.095783208,
                "6": 49.4439955,
                "4": 46.983774208
            },
            "6": {
                "5": 91.252845894,
                "3": 69.898572844,
                "6": 55.991887104
            },
            "7": {
                "6": 86.903803628,
                "3": 74.2545667
            }
        }
    }
}