{
    "Ranking": "7 > 5 > 4 > 6 > 1 > 3 > 8 > 2",
    "Number Of Seats": 4,
    "Stats": {
        "7": 130.419047619,
        "5": 100.895238095,
        "4": 92.611904762,
        "6": 83.402380952,
        "1": 82.519047619,
        "3": 77.669047619,
        "8": 73.576190476,
        "2": 69.673809524
    }
}