{
    "Ranking": "Sam Hocevar > Steve McIntyre > Anthony Towns > Rapha\u00ebl Hertzog > Wouter Verhelst > Gustavo Franco > None Of The Above > Simon Richter > Aigars Mahinovs",
    "Number Of Seats": 1,
    "Stats": {
        "Sam Hocevar": 231.219299099,
        "Steve McIntyre": 204.581294092,
        "Anthony Towns": 184.009309965,
        "Rapha\u00ebl Hertzog": 176.113798816,
        "Wouter Verhelst": 166.235495717,
        "Gustavo Franco": 126.024813555,
        "None Of The Above": 108.211188744,
        "Simon Richter": 87.138621189,
        "Aigars Mahinovs": 80.028877236
    }
}