{
    "Ranking": "4 > 3 > 1 > 2",
    "Number Of Seats": 1,
    "Stats": {
        "4": 97.097222222,
        "3": 93.388888889,
        "1": 83.263888889,
        "2": 72.083333333
    }
}