{
    "Ranking": "4 > 3 > 1 > 2",
    "Number Of Seats": 1,
    "Stats": {
        "4": 97.09722222222224,
        "3": 93.38888888888896,
        "1": 83.26388888888899,
        "2": 72.0833333333334
    }
}