{
    "Ranking": "4 > 3 > 1 > 2",
    "Number Of Seats": 1,
    "Stats": {
        "1": {
            "2": 1.6170212765957446,
            "3": 0,
            "4": 0
        },
        "2": {
            "1": 0,
            "3": 0,
            "4": 0
        },
        "3": {
            "1": 1.396551724137931,
            "2": 2.073170731707317,
            "4": 0
        },
        "4": {
            "1": 1.296875,
            "2": 2.1956521739130435,
            "3": 1.1232876712328768
        }
    }
}