{
    "Ranking": "3 > 2 > 4 > 1",
    "Number Of Seats": 1,
    "Stats": {
        "3": 195.75,
        "2": 160.75,
        "4": 151.027777778,
        "1": 140.388888889
    }
}