{
    "Ranking": "4 > 1 > 3 > 2",
    "Number Of Seats": 1,
    "Stats": {
        "4": 91.99999999999997,
        "1": 84.83333333333333,
        "3": 71.5,
        "2": 37.500000000000014
    }
}