{
    "Ranking": "4 > 2 > 3 > 1 > 5",
    "Number Of Seats": 2,
    "Stats": {
        "1": {
            "2": 0,
            "3": 0,
            "4": 0,
            "5": 1.0909090909090908
        },
        "2": {
            "1": 1.3865030674846626,
            "3": 1.1844660194174756,
            "4": 0,
            "5": 1.4942528735632183
        },
        "3": {
            "1": 1.125,
            "2": 0,
            "4": 0,
            "5": 1.8253968253968254
        },
        "4": {
            "1": 1.9530201342281879,
            "2": 1.3513513513513513,
            "3": 1.435897435897436,
            "5": 2.0065359477124183
        },
        "5": {
            "1": 0,
            "2": 0,
            "3": 0,
            "4": 0
        }
    }
}