{
    "Ranking": "J > A > B > F > L > E > D > H > I",
    "Number Of Seats": 8,
    "Stats": {
        "votes_needed_to_win": 97,
        "rounds": {
            "1": {
                "J": 128,
                "A": 122,
                "B": 120,
                "L": 77,
                "F": 76,
                "I": 60,
                "E": 59,
                "M": 56,
                "D": 55,
                "K": 42,
                "H": 41,
                "C": 31,
                "G": 0
            },
            "2": {
                "F": 89.549214480874,
                "L": 89.105899931694,
                "I": 66.372336065574,
                "E": 64.551963797814,
                "D": 61.35293715847,
                "M": 60.282223360656,
                "K": 49.345705259563,
                "H": 49.282283128415,
                "C": 38.623027663934,
                "G": 4.098360655738
            },
            "3": {
                "F": 89.959050546448,
                "L": 89.310817964481,
                "I": 66.372336065574,
                "E": 64.756881830601,
                "D": 61.967691256831,
                "M": 60.487141393443,
                "K": 50.370295423497,
                "H": 50.101955259563,
                "C": 39.032863729508
            },
            "4": {
                "F": 94.406156079235,
                "L": 93.370192964481,
                "E": 77.426613729508,
                "I": 68.755669398907,
                "D": 66.016299521858,
                "M": 64.678808060109,
                "H": 54.225102459016,
                "K": 52.046337090164
            },
            "5": {
                "F": 102.672933743169,
                "L": 99.876673497268,
                "E": 85.344842896175,
                "D": 79.908598019126,
                "I": 72.828295765027,
                "M": 66.125913592896,
                "H": 60.324231557377
            },
            "6": {
                "E": 93.793184852235,
                "D": 87.940130554524,
                "I": 85.429221890396,
                "H": 75.833781501175,
                "M": 69.130210897249
            },
            "7": {
                "E": 119.414954490464,
                "D": 98.206908218459,
                "I": 91.870144109585,
                "H": 90.752582730683
            },
            "8": {
                "H": 138.661467551959,
                "I": 114.373588747122
            }
        }
    }
}