{
    "Ranking": "J > B > A > F > L > E > I > D > K > H > M > C > G",
    "Number Of Seats": 8,
    "Stats": {
        "J": 281.820395769,
        "B": 272.232263028,
        "A": 254.331599797,
        "F": 226.452149497,
        "L": 225.439967791,
        "E": 209.845054345,
        "I": 203.834284695,
        "D": 192.101949277,
        "K": 191.066074458,
        "H": 189.840990448,
        "M": 181.150795948,
        "C": 166.550880959,
        "G": 162.509559687
    }
}