{
    "Ranking": "J > B > A > F > L > E > I > D > K > H > M > C > G",
    "Number Of Seats": 8,
    "Stats": {
        "J": 281.8203957687535,
        "B": 272.2322630284777,
        "A": 254.33159979690802,
        "F": 226.4521494973278,
        "L": 225.4399677909468,
        "E": 209.84505434530536,
        "I": 203.83428469508243,
        "D": 192.10194927747378,
        "K": 191.06607445804894,
        "H": 189.84099044814388,
        "M": 181.1507959484796,
        "C": 166.55088095936813,
        "G": 162.50955968664542
    }
}