{
    "Ranking": "C > B > F > A",
    "Number Of Seats": 4,
    "Stats": {
        "Votes Needed to Win": 196,
        "rounds": {
            "1": {
                "C": 249,
                "B": 214,
                "F": 179,
                "A": 127,
                "D": 116,
                "E": 91
            },
            "2": {
                "F": 199.214090056,
                "A": 144.912209634,
                "D": 127.65540671,
                "E": 100.997222568
            },
            "3": {
                "A": 149.201132439,
                "D": 137.645236682,
                "E": 104.973379504
            },
            "4": {
                "A": 197.958836936,
                "D": 172.252390375
            }
        }
    }
}