{
    "Ranking": "B > C > F > D > A > E",
    "Number Of Seats": 4,
    "Stats": {
        "B": 400.783333333,
        "C": 364.55,
        "F": 352.583333333,
        "D": 273.85,
        "A": 267.966666667,
        "E": 225.6
    }
}