{
    "Ranking": "5 > 4 > 1 > 2 > 3",
    "Number Of Seats": 3,
    "Stats": {
        "5": 157.68166666666647,
        "4": 129.55944444444435,
        "1": 111.65111111111102,
        "2": 96.48166666666656,
        "3": 89.15944444444438
    }
}