{
    "Ranking": "A > B > C > D",
    "Number Of Seats": 2,
    "Stats": {
        "A": {
            "B": 1.0948275862068966,
            "C": 1.3564356435643565,
            "D": 1.4545454545454546
        },
        "B": {
            "A": 0,
            "C": 1.2830188679245282,
            "D": 1.3564356435643565
        },
        "C": {
            "A": 0,
            "B": 0,
            "D": 1.1470588235294117
        },
        "D": {
            "A": 0,
            "B": 0,
            "C": 0
        }
    }
}