{
    "Ranking": "A > B > C > D",
    "Number Of Seats": 2,
    "Stats": {
        "A": 161.66666666666669,
        "B": 149.84722222222229,
        "C": 144.68055555555574,
        "D": 135.47222222222237
    }
}