{
    "Ranking": "A > D > C > E > B",
    "Number Of Seats": 4,
    "Stats": {
        "A": 1623.409722222,
        "D": 1571.865277778,
        "C": 1137.259722222,
        "E": 1131.883333333,
        "B": 894.665277778
    }
}