{
    "Ranking": "7 > 6 > 2 > 10 > 5 > 11 > 9 > 4 > 12 > 3 > 8 > 14 > 13 > 1",
    "Number Of Seats": 10,
    "Stats": {
        "7": 76.51547619047616,
        "6": 58.68333333333333,
        "2": 38.17142857142858,
        "10": 30.692857142857136,
        "5": 28.66111111111111,
        "11": 28.624603174603173,
        "9": 21.437301587301587,
        "4": 19.754761904761878,
        "12": 17.928571428571423,
        "3": 16.605952380952356,
        "8": 16.200000000000006,
        "14": 15.815079365079345,
        "13": 14.301190476190484,
        "1": 4.667857142857143
    }
}