{
    "Ranking": "6 > 2 > 5 > 7 > 4 > 3 > 9 > 13 > 11 > 10 > 8 > 12 > 14 > 1",
    "Number Of Seats": 10,
    "Stats": {
        "1": {
            "2": 0,
            "3": 0,
            "4": 0,
            "5": 0,
            "6": 0,
            "7": 0,
            "8": 0,
            "9": 0,
            "10": 0,
            "11": 0,
            "12": 0,
            "13": 0,
            "14": 0
        },
        "2": {
            "1": 11,
            "3": 10.8,
            "4": 11.8,
            "5": 11.2,
            "6": 0,
            "7": 2.789473684210526,
            "8": 8.142857142857142,
            "9": 2.789473684210526,
            "10": 8.142857142857142,
            "11": 6,
            "12": 6,
            "13": 11,
            "14": 6
        },
        "3": {
            "1": 7,
            "2": 0,
            "4": 1.1428571428571428,
            "5": 0,
            "6": 0,
            "7": 0,
            "8": 7.714285714285714,
            "9": 1.4615384615384615,
            "10": 7.714285714285714,
            "11": 2.5,
            "12": 4,
            "13": 3.4615384615384617,
            "14": 5.5
        },
        "4": {
            "1": 11,
            "2": 0,
            "3": 4.7272727272727275,
            "5": 0,
            "6": 0,
            "7": 0,
            "8": 4.7272727272727275,
            "9": 1.4615384615384615,
            "10": 4.7272727272727275,
            "11": 2.5,
            "12": 4,
            "13": 8.285714285714286,
            "14": 4.7272727272727275
        },
        "5": {
            "1": 7,
            "2": 0,
            "3": 7.714285714285714,
            "4": 4.75,
            "6": 0,
            "7": 2.5714285714285716,
            "8": 8.142857142857142,
            "9": 2.5714285714285716,
            "10": 8.142857142857142,
            "11": 6,
            "12": 6,
            "13": 8.428571428571429,
            "14": 6
        },
        "6": {
            "1": 11,
            "2": 4.7272727272727275,
            "3": 58,
            "4": 4.846153846153846,
            "5": 4.7272727272727275,
            "7": 4.846153846153846,
            "8": 8.571428571428571,
            "9": 2.8,
            "10": 8.571428571428571,
            "11": 7,
            "12": 7,
            "13": 5.4,
            "14": 6.75
        },
        "7": {
            "1": 14,
            "2": 0,
            "3": 22,
            "4": 5.7272727272727275,
            "5": 0,
            "6": 0,
            "8": 9.142857142857142,
            "9": 2.8,
            "10": 9.142857142857142,
            "11": 3.3333333333333335,
            "12": 4,
            "13": 6.444444444444445,
            "14": 5.5
        },
        "8": {
            "1": 4,
            "2": 0,
            "3": 1.1428571428571428,
            "4": 1.1428571428571428,
            "5": 0,
            "6": 0,
            "7": 0,
            "9": 1.4615384615384615,
            "10": 1.5714285714285714,
            "11": 1.5714285714285714,
            "12": 2.4615384615384617,
            "13": 1.5714285714285714,
            "14": 4
        },
        "9": {
            "1": 3,
            "2": 0,
            "3": 1.1428571428571428,
            "4": 1.1428571428571428,
            "5": 0,
            "6": 0,
            "7": 0,
            "8": 2.1666666666666665,
            "10": 1.5714285714285714,
            "11": 1.5714285714285714,
            "12": 2.1666666666666665,
            "13": 1.5714285714285714,
            "14": 2.1666666666666665
        },
        "10": {
            "1": 4,
            "2": 0,
            "3": 1.1428571428571428,
            "4": 1.1428571428571428,
            "5": 0,
            "6": 0,
            "7": 0,
            "8": 12.333333333333334,
            "9": 1.4615384615384615,
            "11": 1.5714285714285714,
            "12": 4,
            "13": 1.5714285714285714,
            "14": 5.5
        },
        "11": {
            "1": 9,
            "2": 0,
            "3": 1.1428571428571428,
            "4": 1.1428571428571428,
            "5": 0,
            "6": 0,
            "7": 0,
            "8": 10,
            "9": 1.4615384615384615,
            "10": 3.625,
            "12": 10,
            "13": 1.5714285714285714,
            "14": 6.75
        },
        "12": {
            "1": 9,
            "2": 0,
            "3": 1.1428571428571428,
            "4": 1.1428571428571428,
            "5": 0,
            "6": 0,
            "7": 0,
            "8": 1.5714285714285714,
            "9": 1.4615384615384615,
            "10": 1.5714285714285714,
            "11": 1.5714285714285714,
            "13": 1.5714285714285714,
            "14": 4.625
        },
        "13": {
            "1": 4,
            "2": 0,
            "3": 1.1428571428571428,
            "4": 1.1428571428571428,
            "5": 0,
            "6": 0,
            "7": 0,
            "8": 4.166666666666667,
            "9": 1.4615384615384615,
            "10": 4.166666666666667,
            "11": 2,
            "12": 4,
            "14": 4.166666666666667
        },
        "14": {
            "1": 1.4,
            "2": 0,
            "3": 1.1428571428571428,
            "4": 1.1428571428571428,
            "5": 0,
            "6": 0,
            "7": 0,
            "8": 1.4,
            "9": 1.4,
            "10": 1.4,
            "11": 1.4,
            "12": 1.4,
            "13": 1.4
        }
    }
}