{
    "Ranking": "Branden Robinson > Anthony Towns > Matthew Garrett > Andreas Schuldei > None of the Above > Angus Lees > Jonathan Walther",
    "Number Of Seats": 1,
    "Stats": {
        "Branden Robinson": 244.31682539682524,
        "Anthony Towns": 242.72623015873015,
        "Matthew Garrett": 230.49142857142866,
        "Andreas Schuldei": 195.28341269841263,
        "None of the Above": 111.8785714285717,
        "Angus Lees": 103.49353174603192,
        "Jonathan Walther": 69.67428571428587
    }
}