{
    "Ranking": "Branden Robinson > Anthony Towns > Matthew Garrett > Andreas Schuldei > None of the Above > Angus Lees > Jonathan Walther",
    "Number Of Seats": 1,
    "Stats": {
        "Branden Robinson": 248.90952380952376,
        "Anthony Towns": 241.16666666666674,
        "Matthew Garrett": 236.27857142857158,
        "Andreas Schuldei": 186.35238095238103,
        "None of the Above": 110.72619047619075,
        "Angus Lees": 100.87380952380987,
        "Jonathan Walther": 73.55714285714302
    }
}