{
    "Ranking": "1 > 8 > 10 > 4 > 2 > 3 > 11 > 7 > 6 > 9 > 5",
    "Number Of Seats": 11,
    "Stats": {
        "Votes Needed to Win": 286,
        "rounds": {
            "1": {
                "1": 891,
                "8": 394,
                "10": 373,
                "4": 300,
                "2": 286,
                "3": 286,
                "11": 235,
                "9": 165,
                "6": 154,
                "7": 151,
                "5": 115,
                "12": 69
            },
            "2": {
                "11": 400.93345383,
                "7": 352.380321943,
                "6": 287.334434211,
                "9": 266.555783698,
                "5": 196.786861097,
                "12": 99.734388805
            },
            "3": {
                "9": 476.463144006,
                "5": 292.259830751,
                "12": 157.265905266
            }
        }
    }
}