{
    "Ranking": "B > A > D > C",
    "Number Of Seats": 2,
    "Stats": {
        "B": 156.375,
        "A": 151.916666667,
        "D": 132.347222222,
        "C": 132.277777778
    }
}