{
    "Ranking": "10 > 2 > 14 > 17 > 3 > 8 > 1 > 5 > 9 > 12 > 4 > 15 > 11 > 7 > 13 > 16 > 6",
    "Number Of Seats": 2,
    "Stats": {
        "10": 31.995833333333326,
        "2": 17.08452380952381,
        "14": 15.970375457875459,
        "17": 11.416666666666664,
        "3": 10.064123376623376,
        "8": 8.403907203907206,
        "1": 6.442261904761905,
        "5": 5.632575757575757,
        "9": 5.620634920634921,
        "12": 5.455133755133755,
        "4": 5.055790043290044,
        "15": 4.979304029304029,
        "11": 4.185353535353536,
        "7": 3.8298090798090794,
        "13": 3.5289682539682543,
        "16": 3.4300976800976803,
        "6": 2.1233516483516484
    }
}