{
    "Ranking": "8 > 1 > 2 > 5 > 3 > 4 > 6 > 7",
    "Number Of Seats": 1,
    "Stats": {
        "1": {
            "2": 1.088,
            "3": 2.0348837209302326,
            "4": 1.9746835443037976,
            "5": 1.096,
            "6": 2.051282051282051,
            "7": 1.5930232558139534,
            "8": 0
        },
        "2": {
            "1": 0,
            "3": 1.4956521739130435,
            "4": 1.8863636363636365,
            "5": 1.1428571428571428,
            "6": 1.9883720930232558,
            "7": 1.4660194174757282,
            "8": 0
        },
        "3": {
            "1": 0,
            "2": 0,
            "4": 1.4141414141414141,
            "5": 0,
            "6": 1.577319587628866,
            "7": 1.1142857142857143,
            "8": 0
        },
        "4": {
            "1": 0,
            "2": 0,
            "3": 0,
            "5": 0,
            "6": 1.4791666666666667,
            "7": 1.1142857142857143,
            "8": 0
        },
        "5": {
            "1": 0,
            "2": 0,
            "3": 1.0135135135135136,
            "4": 1.3365384615384615,
            "6": 1.8241758241758241,
            "7": 2.034090909090909,
            "8": 0
        },
        "6": {
            "1": 0,
            "2": 0,
            "3": 0,
            "4": 0,
            "5": 0,
            "7": 1.1142857142857143,
            "8": 0
        },
        "7": {
            "1": 0,
            "2": 0,
            "3": 0,
            "4": 0,
            "5": 0,
            "6": 0,
            "8": 0
        },
        "8": {
            "1": 1.518987341772152,
            "2": 1.4505494505494505,
            "3": 1.630952380952381,
            "4": 2.673469387755102,
            "5": 1.2201834862385321,
            "6": 1.7605633802816902,
            "7": 1.518987341772152
        }
    }
}