{
    "Ranking": "1 > 5 > 3 > 6 > 2 > 7",
    "Number Of Seats": 5,
    "Stats": {
        "votes_needed_to_win": 45,
        "rounds": {
            "1": {
                "1": 98,
                "5": 37,
                "7": 32,
                "3": 31,
                "2": 29,
                "4": 21,
                "6": 21
            },
            "2": {
                "5": 54.306122464,
                "3": 43.438775521,
                "2": 36.030612251,
                "7": 35.244897962,
                "6": 30.193877559,
                "4": 23.704081635
            },
            "3": {
                "3": 50.164404223,
                "6": 39.848399805,
                "2": 39.76287878,
                "7": 37.210075241,
                "4": 24.758990409
            },
            "4": {
                "6": 49.916031249,
                "2": 44.284206926,
                "7": 40.394369759,
                "4": 28.252133661
            },
            "5": {
                "2": 53.171006785,
                "7": 48.740353291,
                "4": 37.270838558
            }
        }
    }
}