{
    "Ranking": "1 > 5 > 3 > 6 > 2 > 7 > 4",
    "Number Of Seats": 5,
    "Stats": {
        "1": {
            "2": 2.5555555555555554,
            "3": 2.0588235294117645,
            "4": 2.739130434782609,
            "5": 2,
            "6": 2.6857142857142855,
            "7": 2.6857142857142855
        },
        "2": {
            "1": 0,
            "3": 0,
            "4": 1.3076923076923077,
            "5": 0,
            "6": 0,
            "7": 1.087719298245614
        },
        "3": {
            "1": 0,
            "2": 1.4095238095238096,
            "4": 2.0864197530864197,
            "5": 0,
            "6": 1.3363636363636364,
            "7": 1.6914893617021276
        },
        "4": {
            "1": 0,
            "2": 0,
            "3": 0,
            "5": 0,
            "6": 0,
            "7": 0
        },
        "5": {
            "1": 0,
            "2": 1.7826086956521738,
            "3": 1.3693693693693694,
            "4": 2.1219512195121952,
            "6": 1.6842105263157894,
            "7": 1.8021978021978022
        },
        "6": {
            "1": 0,
            "2": 1.0909090909090908,
            "3": 0,
            "4": 1.4653465346534653,
            "5": 0,
            "7": 1.4
        },
        "7": {
            "1": 0,
            "2": 0,
            "3": 0,
            "4": 1.0689655172413792,
            "5": 0,
            "6": 0
        }
    }
}