{
    "Ranking": "11 > 3 > 2 > 1 = 7 > 4 > 8 > 9 > 10 > 5 > 6",
    "Number Of Seats": 2,
    "Stats": {
        "1": {
            "2": 0,
            "3": 0,
            "4": 1.1818181818181819,
            "5": 1.3,
            "6": 3.2,
            "7": 1.1818181818181819,
            "8": 1.3,
            "9": 1.2,
            "10": 1.3,
            "11": 0
        },
        "2": {
            "1": 1.3,
            "3": 0,
            "4": 1.1818181818181819,
            "5": 1.7142857142857142,
            "6": 6.333333333333333,
            "7": 1.1818181818181819,
            "8": 1.5555555555555556,
            "9": 1.875,
            "10": 1.4444444444444444,
            "11": 0
        },
        "3": {
            "1": 1.6923076923076923,
            "2": 1.6153846153846154,
            "4": 1.9166666666666667,
            "5": 2.75,
            "6": 4.333333333333333,
            "7": 1.7692307692307692,
            "8": 1.5555555555555556,
            "9": 2.1,
            "10": 2.5555555555555554,
            "11": 0
        },
        "4": {
            "1": 1.1818181818181819,
            "2": 0,
            "3": 0,
            "5": 1.3333333333333333,
            "6": 5.666666666666667,
            "7": 1.1818181818181819,
            "8": 1.4,
            "9": 1.3333333333333333,
            "10": 1.3333333333333333,
            "11": 0
        },
        "5": {
            "1": 0,
            "2": 0,
            "3": 0,
            "4": 0,
            "6": 5,
            "7": 0,
            "8": 0,
            "9": 0,
            "10": 0,
            "11": 0
        },
        "6": {
            "1": 0,
            "2": 0,
            "3": 0,
            "4": 0,
            "5": 0,
            "7": 0,
            "8": 0,
            "9": 0,
            "10": 0,
            "11": 0
        },
        "7": {
            "1": 1.1818181818181819,
            "2": 0,
            "3": 0,
            "4": 2,
            "5": 1.75,
            "6": 4.25,
            "8": 1.4,
            "9": 1.5555555555555556,
            "10": 1.5555555555555556,
            "11": 0
        },
        "8": {
            "1": 1.1818181818181819,
            "2": 0,
            "3": 0,
            "4": 1.1818181818181819,
            "5": 1.3333333333333333,
            "6": 6,
            "7": 1.1818181818181819,
            "9": 1.2,
            "10": 1.3,
            "11": 0
        },
        "9": {
            "1": 1.1818181818181819,
            "2": 0,
            "3": 0,
            "4": 1.1818181818181819,
            "5": 1.7142857142857142,
            "6": 5.333333333333333,
            "7": 1.1818181818181819,
            "8": 1.1818181818181819,
            "10": 1.1818181818181819,
            "11": 0
        },
        "10": {
            "1": 1.1111111111111112,
            "2": 0,
            "3": 0,
            "4": 1.1111111111111112,
            "5": 1.5,
            "6": 3.25,
            "7": 1.1111111111111112,
            "8": 1.1111111111111112,
            "9": 1.1111111111111112,
            "11": 0
        },
        "11": {
            "1": 2.0833333333333335,
            "2": 1.9230769230769231,
            "3": 1.6153846153846154,
            "4": 3.125,
            "5": 4.5,
            "6": 5.8,
            "7": 2.4,
            "8": 2.7,
            "9": 9.333333333333334,
            "10": 3.857142857142857
        }
    }
}