{
    "Ranking": "11 > 3 > 7 > 1 > 2 > 4 > 10 > 8 > 9 > 5 > 6",
    "Number Of Seats": 2,
    "Stats": {
        "11": 21.95903599486933,
        "3": 17.01439485558533,
        "7": 13.067517565106852,
        "1": 12.177630814952243,
        "2": 11.943305131817036,
        "4": 10.74500373634302,
        "10": 9.876433825213587,
        "8": 9.830413717675622,
        "9": 9.572952870542158,
        "5": 9.111739761561191,
        "6": 7.576174900936805
    }
}