{
    "Ranking": "Chris Lamb > Mehdi Dogguy > None Of The Above",
    "Number Of Seats": 1,
    "Stats": {
        "Chris Lamb": 244.77777777777777,
        "Mehdi Dogguy": 230.1944444444445,
        "None Of The Above": 115.36111111111072
    }
}