{
    "Ranking": "Chris Lamb > Mehdi Dogguy > None Of The Above",
    "Number Of Seats": 1,
    "Stats": {
        "1": {
            "Chris Lamb": 170.83333333333331,
            "Mehdi Dogguy": 144.83333333333334,
            "None Of The Above": 6.333333333333334
        }
    }
}