{
    "Ranking": "Lucas Nussbaum > Moray Allan > Gergely Nagy > None Of The Above",
    "Number Of Seats": 1,
    "Stats": {
        "Lucas Nussbaum": 277.27777777777777,
        "Moray Allan": 246.40277777777789,
        "Gergely Nagy": 172.23611111111146,
        "None Of The Above": 116.58333333333333
    }
}