{
    "Ranking": "3 > 1 > 5 > 4 > 2",
    "Number Of Seats": 3,
    "Stats": {
        "3": 81.5,
        "1": 65.583333333,
        "5": 64.666666667,
        "4": 63.833333333,
        "2": 42.5
    }
}