{
    "Ranking": "B > A > F > E > D > C",
    "Number Of Seats": 2,
    "Stats": {
        "B": 248.8336111111106,
        "A": 246.3233333333333,
        "F": 232.59277777777757,
        "E": 226.49694444444432,
        "D": 223.27527777777783,
        "C": 204.27805555555534
    }
}