{
    "Ranking": "B > A > F > E > D > C",
    "Number Of Seats": 2,
    "Stats": {
        "B": 248.833611111,
        "A": 246.323333333,
        "F": 232.592777778,
        "E": 226.496944444,
        "D": 223.275277778,
        "C": 204.278055556
    }
}