{
    "Ranking": "Lucas Nussbaum > Moray Allan > Gergely Nagy > None Of The Above",
    "Number Of Seats": 1,
    "Stats": {
        "Lucas Nussbaum": 271.11111111111114,
        "Moray Allan": 240.65277777777786,
        "Gergely Nagy": 161.68055555555569,
        "None Of The Above": 92.63888888888887
    }
}