{
    "Ranking": "Lucas Nussbaum > Moray Allan > Gergely Nagy > None Of The Above",
    "Number Of Seats": 1,
    "Stats": {
        "1": {
            "Lucas Nussbaum": 188.1666666666667,
            "Moray Allan": 141,
            "Gergely Nagy": 46.500000000000014,
            "None Of The Above": 14.333333333333332
        }
    }
}