{
    "Ranking": "18 > 9 > 19 > 12 > 7 > 13 > 1 > 2 > 20 > 8 > 16 > 5 > 15 > 14 > 11 > 4 > 6 > 10 > 3 > 17",
    "Number Of Seats": 2,
    "Stats": {
        "18": 24.094961784,
        "9": 21.340402329,
        "19": 19.053031358,
        "12": 15.494627943,
        "7": 15.072679564,
        "13": 14.826175542,
        "1": 14.760700706,
        "2": 14.487696828,
        "20": 13.727494445,
        "8": 13.520454036,
        "16": 13.266302631,
        "5": 12.839954327,
        "15": 11.244860632,
        "14": 10.999242578,
        "11": 10.97440665,
        "4": 10.413764821,
        "6": 9.918132446,
        "10": 9.633155758,
        "3": 9.051965435,
        "17": 8.70820413
    }
}