{
    "Ranking": "18 > 9 > 19 > 2 > 12 > 20 > 7 > 1 > 15 > 13 > 5 = 8 > 11 > 4 > 16 > 6 > 10 > 14 > 17 > 3",
    "Number Of Seats": 2,
    "Stats": {
        "1": {
            "2": 0,
            "3": 3.8,
            "4": 2.6666666666666665,
            "5": 1.3333333333333333,
            "6": 2,
            "7": 1.0625,
            "8": 1.4615384615384615,
            "9": 0,
            "10": 2.7142857142857144,
            "11": 1.2307692307692308,
            "12": 0,
            "13": 1.2666666666666666,
            "14": 2.7142857142857144,
            "15": 1.1538461538461537,
            "16": 1.7272727272727273,
            "17": 5,
            "18": 0,
            "19": 0,
            "20": 1.0625
        },
        "2": {
            "1": 1.2352941176470589,
            "3": 5.25,
            "4": 2.111111111111111,
            "5": 1.3076923076923077,
            "6": 2,
            "7": 1.1176470588235294,
            "8": 1.3571428571428572,
            "9": 0,
            "10": 3.3333333333333335,
            "11": 1.3846153846153846,
            "12": 1.0526315789473684,
            "13": 1.2666666666666666,
            "14": 2.857142857142857,
            "15": 1.2666666666666666,
            "16": 1.7272727272727273,
            "17": 4.4,
            "18": 0,
            "19": 0,
            "20": 1.1176470588235294
        },
        "3": {
            "1": 0,
            "2": 0,
            "4": 0,
            "5": 0,
            "6": 0,
            "7": 0,
            "8": 0,
            "9": 0,
            "10": 0,
            "11": 0,
            "12": 0,
            "13": 0,
            "14": 0,
            "15": 0,
            "16": 0,
            "17": 0,
            "18": 0,
            "19": 0,
            "20": 0
        },
        "4": {
            "1": 0,
            "2": 0,
            "3": 2,
            "5": 0,
            "6": 1.25,
            "7": 0,
            "8": 0,
            "9": 0,
            "10": 1.8333333333333333,
            "11": 0,
            "12": 0,
            "13": 0,
            "14": 1.1428571428571428,
            "15": 0,
            "16": 1.1,
            "17": 2,
            "18": 0,
            "19": 0,
            "20": 0
        },
        "5": {
            "1": 0,
            "2": 0,
            "3": 4.25,
            "4": 1.8888888888888888,
            "6": 1.6,
            "7": 0,
            "8": 1.0769230769230769,
            "9": 0,
            "10": 2.2857142857142856,
            "11": 1.2307692307692308,
            "12": 0,
            "13": 1.0769230769230769,
            "14": 1.6666666666666667,
            "15": 0,
            "16": 1.4545454545454546,
            "17": 2.2857142857142856,
            "18": 0,
            "19": 0,
            "20": 0
        },
        "6": {
            "1": 0,
            "2": 0,
            "3": 2.75,
            "4": 0,
            "5": 0,
            "7": 0,
            "8": 0,
            "9": 0,
            "10": 1.125,
            "11": 0,
            "12": 0,
            "13": 0,
            "14": 1.125,
            "15": 0,
            "16": 0,
            "17": 5.5,
            "18": 0,
            "19": 0,
            "20": 0
        },
        "7": {
            "1": 1.1875,
            "2": 0,
            "3": 3.8,
            "4": 2,
            "5": 1.2,
            "6": 2.111111111111111,
            "8": 2,
            "9": 0,
            "10": 4.2,
            "11": 3,
            "12": 0,
            "13": 1.5384615384615385,
            "14": 2.857142857142857,
            "15": 1.3846153846153846,
            "16": 1.8,
            "17": 3.3333333333333335,
            "18": 0,
            "19": 0,
            "20": 1.0625
        },
        "8": {
            "1": 0,
            "2": 0,
            "3": 3,
            "4": 1.4444444444444444,
            "5": 1.0769230769230769,
            "6": 1.6666666666666667,
            "7": 0,
            "9": 0,
            "10": 2.142857142857143,
            "11": 1.2222222222222223,
            "12": 0,
            "13": 1.0769230769230769,
            "14": 1.75,
            "15": 0,
            "16": 1.3636363636363635,
            "17": 2,
            "18": 0,
            "19": 0,
            "20": 0
        },
        "9": {
            "1": 2.75,
            "2": 2.4615384615384617,
            "3": 11,
            "4": 4.571428571428571,
            "5": 3.1,
            "6": 4.125,
            "7": 2.5833333333333335,
            "8": 2.5833333333333335,
            "10": 8,
            "11": 3.2,
            "12": 2.066666666666667,
            "13": 3.1,
            "14": 4.571428571428571,
            "15": 3,
            "16": 3.7777777777777777,
            "17": 8.5,
            "18": 0,
            "19": 1.1904761904761905,
            "20": 2.6363636363636362
        },
        "10": {
            "1": 0,
            "2": 0,
            "3": 1.4,
            "4": 0,
            "5": 0,
            "6": 0,
            "7": 0,
            "8": 0,
            "9": 0,
            "11": 0,
            "12": 0,
            "13": 0,
            "14": 1.1428571428571428,
            "15": 0,
            "16": 0,
            "17": 1.3333333333333333,
            "18": 0,
            "19": 0,
            "20": 0
        },
        "11": {
            "1": 0,
            "2": 0,
            "3": 3.75,
            "4": 2,
            "5": 1.0769230769230769,
            "6": 1.5555555555555556,
            "7": 0,
            "8": 1.0769230769230769,
            "9": 0,
            "10": 2.5,
            "12": 0,
            "13": 1.0769230769230769,
            "14": 1.8571428571428572,
            "15": 0,
            "16": 1.4,
            "17": 2.8,
            "18": 0,
            "19": 0,
            "20": 0
        },
        "12": {
            "1": 1.1333333333333333,
            "2": 0,
            "3": 4,
            "4": 1.7,
            "5": 1.1333333333333333,
            "6": 2.8333333333333335,
            "7": 1.1176470588235294,
            "8": 1.6153846153846154,
            "9": 0,
            "10": 2.857142857142857,
            "11": 1.2857142857142858,
            "13": 1.3571428571428572,
            "14": 2,
            "15": 1.6666666666666667,
            "16": 1.8888888888888888,
            "17": 3.4,
            "18": 0,
            "19": 0,
            "20": 1.0625
        },
        "13": {
            "1": 0,
            "2": 0,
            "3": 3.4,
            "4": 1.5,
            "5": 1.0833333333333333,
            "6": 1.2727272727272727,
            "7": 0,
            "8": 1.1428571428571428,
            "9": 0,
            "10": 2,
            "11": 1.1428571428571428,
            "12": 0,
            "14": 1.875,
            "15": 0,
            "16": 1.1666666666666667,
            "17": 2.142857142857143,
            "18": 0,
            "19": 0,
            "20": 0
        },
        "14": {
            "1": 0,
            "2": 0,
            "3": 1.6,
            "4": 0,
            "5": 0,
            "6": 0,
            "7": 0,
            "8": 0,
            "9": 0,
            "10": 0,
            "11": 0,
            "12": 0,
            "13": 0,
            "15": 0,
            "16": 0,
            "17": 1.6,
            "18": 0,
            "19": 0,
            "20": 0
        },
        "15": {
            "1": 0,
            "2": 0,
            "3": 5.333333333333333,
            "4": 1.3333333333333333,
            "5": 1.0833333333333333,
            "6": 1.7142857142857142,
            "7": 0,
            "8": 1.1538461538461537,
            "9": 0,
            "10": 2,
            "11": 1.1538461538461537,
            "12": 0,
            "13": 1.3333333333333333,
            "14": 2,
            "16": 1.2,
            "17": 3.25,
            "18": 0,
            "19": 0,
            "20": 0
        },
        "16": {
            "1": 0,
            "2": 0,
            "3": 3.25,