{
    "Ranking": "18 > 9 > 19 > 12 > 7 > 13 > 1 > 2 > 20 > 8 > 16 > 5 > 15 > 14 > 11 > 4 > 6 > 10 > 3 > 17",
    "Number Of Seats": 2,
    "Stats": {
        "18": 24.094961783717938,
        "9": 21.340402329374193,
        "19": 19.05303135765076,
        "12": 15.49462794297116,
        "7": 15.07267956416172,
        "13": 14.826175542047821,
        "1": 14.76070070580952,
        "2": 14.487696828011412,
        "20": 13.72749444516644,
        "8": 13.52045403597151,
        "16": 13.266302630978867,
        "5": 12.83995432689106,
        "15": 11.244860631586695,
        "14": 10.999242577929602,
        "11": 10.974406650381088,
        "4": 10.413764821263314,
        "6": 9.918132445542064,
        "10": 9.63315575835756,
        "3": 9.051965435304556,
        "17": 8.708204129802505
    }
}