{
    "Ranking": "4 > 5 > 9 > 1 > 8 > 2 > 3 > 6 > 7",
    "Number Of Seats": 2,
    "Stats": {
        "1": {
            "2": 1.608695652173913,
            "3": 1.5,
            "4": 0,
            "5": 0,
            "6": 1.8421052631578947,
            "7": 1.3333333333333333,
            "8": 1.2307692307692308,
            "9": 0
        },
        "2": {
            "1": 1.037037037037037,
            "3": 1.5,
            "4": 0,
            "5": 0,
            "6": 1.7037037037037037,
            "7": 1.3333333333333333,
            "8": 1.2307692307692308,
            "9": 0
        },
        "3": {
            "1": 1.037037037037037,
            "2": 1.2307692307692308,
            "4": 0,
            "5": 0,
            "6": 1.3636363636363635,
            "7": 1.2307692307692308,
            "8": 1.2307692307692308,
            "9": 0
        },
        "4": {
            "1": 3.1818181818181817,
            "2": 2.235294117647059,
            "3": 2.6,
            "5": 1.8833333333333333,
            "6": 3.6666666666666665,
            "7": 5.222222222222222,
            "8": 4.555555555555555,
            "9": 2.5
        },
        "5": {
            "1": 3.230769230769231,
            "2": 2.0454545454545454,
            "3": 2.1,
            "4": 0,
            "6": 3.9,
            "7": 3.923076923076923,
            "8": 4,
            "9": 2.0454545454545454
        },
        "6": {
            "1": 1.037037037037037,
            "2": 1.0714285714285714,
            "3": 1.0714285714285714,
            "4": 0,
            "5": 0,
            "7": 1.1111111111111112,
            "8": 1.0714285714285714,
            "9": 0
        },
        "7": {
            "1": 1.037037037037037,
            "2": 1.0714285714285714,
            "3": 1.0714285714285714,
            "4": 0,
            "5": 0,
            "6": 1.0714285714285714,
            "8": 1.0714285714285714,
            "9": 0
        },
        "8": {
            "1": 1.037037037037037,
            "2": 1.4782608695652173,
            "3": 1.4782608695652173,
            "4": 0,
            "5": 0,
            "6": 1.4782608695652173,
            "7": 1.3333333333333333,
            "9": 0
        },
        "9": {
            "1": 1.9473684210526316,
            "2": 2.235294117647059,
            "3": 1.5,
            "4": 0,
            "5": 0,
            "6": 2.7142857142857144,
            "7": 1.5416666666666667,
            "8": 1.25
        }
    }
}