{
    "Ranking": "1 > 3 > 13 > 5 > 11 > 4 > 7 > 6 > 9 > 12 > 16 > 15 > 2 > 8 > 10 > 14",
    "Number Of Seats": 7,
    "Stats": {
        "1": {
            "2": 7.8,
            "3": 1.788,
            "4": 3.0843373493975905,
            "5": 2.739130434782609,
            "6": 4.014705882352941,
            "7": 3.673611111111111,
            "8": 5.070796460176991,
            "9": 5.349056603773585,
            "10": 8.380281690140846,
            "11": 3.152439024390244,
            "12": 4.862068965517241,
            "13": 2.0301724137931036,
            "14": 7.108433734939759,
            "15": 5.39622641509434,
            "16": 4.472
        },
        "2": {
            "1": 0,
            "3": 0,
            "4": 0,
            "5": 0,
            "6": 0,
            "7": 0,
            "8": 1.1637931034482758,
            "9": 0,
            "10": 1.3623188405797102,
            "11": 0,
            "12": 0,
            "13": 0,
            "14": 1.3140096618357489,
            "15": 1.0198412698412698,
            "16": 0
        },
        "3": {
            "1": 0,
            "2": 3.9365079365079363,
            "4": 2.028169014084507,
            "5": 1.5747126436781609,
            "6": 2.926829268292683,
            "7": 1.9251101321585904,
            "8": 4.178861788617886,
            "9": 2.9876543209876543,
            "10": 4.204918032786885,
            "11": 1.6220472440944882,
            "12": 2.975609756097561,
            "13": 1.1162079510703364,
            "14": 5.028301886792453,
            "15": 4.3474576271186445,
            "16": 3.2337662337662336
        },
        "4": {
            "1": 0,
            "2": 2.3395061728395063,
            "3": 0,
            "5": 0,
            "6": 1.5879828326180256,
            "7": 1.0942760942760943,
            "8": 2.258426966292135,
            "9": 1.6163793103448276,
            "10": 2.5375,
            "11": 0,
            "12": 1.7592592592592593,
            "13": 0,
            "14": 2.7466666666666666,
            "15": 2.4207317073170733,
            "16": 1.9154228855721394
        },
        "5": {
            "1": 0,
            "2": 3.1496598639455784,
            "3": 0,
            "4": 1.2394366197183098,
            "6": 2.379679144385027,
            "7": 1.5537848605577689,
            "8": 3.109677419354839,
            "9": 2.4347826086956523,
            "10": 3.763358778625954,
            "11": 1.2352941176470589,
            "12": 2.68,
            "13": 0,
            "14": 4.4,
            "15": 3.3943661971830985,
            "16": 2.4782608695652173
        },
        "6": {
            "1": 0,
            "2": 1.760204081632653,
            "3": 0,
            "4": 0,
            "5": 0,
            "7": 0,
            "8": 2.106741573033708,
            "9": 1.2105263157894737,
            "10": 2.0106382978723403,
            "11": 0,
            "12": 1.5466666666666666,
            "13": 0,
            "14": 2.5657894736842106,
            "15": 2.25,
            "16": 1.6342592592592593
        },
        "7": {
            "1": 0,
            "2": 2.3511904761904763,
            "3": 0,
            "4": 0,
            "5": 0,
            "6": 1.2259259259259259,
            "8": 2.5294117647058822,
            "9": 1.7757009345794392,
            "10": 3.0625,
            "11": 0,
            "12": 2.035532994923858,
            "13": 0,
            "14": 3.2481751824817517,
            "15": 2.7125,
            "16": 1.9656862745098038
        },
        "8": {
            "1": 0,
            "2": 1.0198412698412698,
            "3": 0,
            "4": 0,
            "5": 0,
            "6": 0,
            "7": 0,
            "9": 0,
            "10": 1.2198275862068966,
            "11": 0,
            "12": 0,
            "13": 0,
            "14": 1.3658536585365855,
            "15": 1.0198412698412698,
            "16": 0
        },
        "9": {
            "1": 0,
            "2": 1.6584158415841583,
            "3": 0,
            "4": 0,
            "5": 0,
            "6": 0,
            "7": 0,
            "8": 1.4439655172413792,
            "10": 2.0552486187845305,
            "11": 0,
            "12": 1.2995951417004048,
            "13": 0,
            "14": 2.175438596491228,
            "15": 1.7908163265306123,
            "16": 1.3875
        },
        "10": {
            "1": 0,
            "2": 0,
            "3": 0,
            "4": 0,
            "5": 0,
            "6": 0,
            "7": 0,
            "8": 0,
            "9": 0,
            "11": 0,
            "12": 0,
            "13": 0,
            "14": 1.008130081300813,
            "15": 0,
            "16": 0
        },
        "11": {
            "1": 0,
            "2": 2.871794871794872,
            "3": 0,
            "4": 1.2562277580071175,
            "5": 0,
            "6": 1.649789029535865,
            "7": 1.0942760942760943,
            "8": 2.431693989071038,
            "9": 1.6962025316455696,
            "10": 2.798780487804878,
            "12": 2.217171717171717,
            "13": 0,
            "14": 4.177966101694915,
            "15": 3.3098591549295775,
            "16": 2.304123711340206
        },
        "12": {
            "1": 0,
            "2": 1.225108225108225,
            "3": 0,
            "4": 0,
            "5": 0,
            "6": 0,
            "7": 0,
            "8": 1.3436123348017621,
            "9": 0,
            "10": 1.4927536231884058,
            "11": 0,
            "13": 0,
            "14": 1.8232044198895028,
            "15": 1.2703862660944205,
            "16": 1.1557377049180328
        },
        "13": {
            "1": 0,
            "2": 3.9083969465648853,
            "3": 0,
            "4": 1.6254980079681276,
            "5": 1.0120481927710843,
            "6": 2.154589371980676,
            "7": 1.5229007633587786,
            "8": 3.0120481927710845,
            "9": 2.4814814814814814,
            "10": 3.8656716417910446,
            "11": 1.2635135135135136,
            "12": 2.752808988764045,
            "14": 5.1415094339622645,
            "15": 4.432203389830509,
            "16": 3.269230769230769
        },
        "14": {
            "1": 0,
            "2": 0,
            "3": 0,
            "4": 0,
            "5": 0,
            "6": 0,
            "7": 0,
            "8": 0,
            "9": 0,
            "10": 0,
            "11": 0,
            "12": 0,
            "13": 0,
            "15": 0,
            "16": 0
        },
        "15": {
            "1": 0,
            "2": 1.0376569037656904,
            "3": 0,
            "4": 0,
            "5": 0,
            "6": 0,
            "7": 0,
            "8": 1.0376569037656904,
            "9": 0,
            "10": 1.3013698630136987,
            "11": 0,
            "12": 0,
            "13": 0,
            "14": 1.0969162995594715,
            "16": 0
        },
        "16": {
            "1": 0,
            "2": 1.1434599156118144,
            "3": 0,
            "4": 0,
            "5": 0,
            "6": 0,
            "7": 0,
            "8": 1.1434599156118144,
            "9": 0,
            "10": 1.3732718894009217,
            "11": 0,
            "12": 0,
            "13": 0,
            "14": 1.4313725490196079,
            "15": 1.02734375
        }
    }
}