{
    "Ranking": "1 > 3 > 13 > 5 > 4 > 11 > 7",
    "Number Of Seats": 7,
    "Stats": {
        "votes_needed_to_win": 96,
        "rounds": {
            "1": {
                "1": 227,
                "3": 94,
                "13": 69,
                "5": 52,
                "4": 48,
                "7": 45,
                "11": 37,
                "6": 36,
                "12": 35,
                "15": 23,
                "8": 19,
                "16": 19,
                "9": 12,
                "10": 12,
                "2": 11,
                "14": 11
            },
            "2": {
                "3": 130.356828193833,
                "13": 86.312775330396,
                "5": 62.387665198238,
                "4": 56.656387665198,
                "7": 55.387665198238,
                "11": 52.004405286344,
                "6": 40.039647577092,
                "12": 36.73127753304,
                "15": 24.73127753304,
                "16": 22.462555066079,
                "8": 20.154185022026,
                "9": 18.925110132159,
                "2": 17.348017621145,
                "10": 17.193832599119,
                "14": 12.154185022026
            },
            "3": {
                "13": 91.620249459704,
                "5": 74.206771257542,
                "4": 68.275602609854,
                "7": 60.695139327546,
                "11": 60.410929058231,
                "6": 43.565871394699,
                "12": 39.203261885944,
                "15": 25.835489776404,
                "16": 24.72095233147,
                "9": 22.287719640914,
                "8": 21.521957131566,
                "10": 19.352284307185,
                "2": 18.45222986451,
                "14": 12.681304754377
            },
            "4": {
                "13": 94.620249459704,
                "5": 74.470331123718,
                "4": 68.275602609854,
                "11": 62.988021569244,
                "7": 62.272231838559,
                "6": 44.565871394699,
                "12": 39.203261885944,
                "15": 28.835489776404,
                "16": 24.72095233147,
                "8": 22.521957131566,
                "9": 22.287719640914,
                "10": 19.615844173361,
                "2": 18.45222986451
            },
            "5": {
                "13": 97.197341970718,
                "5": 74.733890989893,
                "4": 74.16106516492,
                "7": 65.580601882612,
                "11": 64.828673946433,
                "6": 45.565871394699,
                "12": 39.203261885944,
                "15": 28.835489776404,
                "9": 25.287719640914,
                "16": 24.72095233147,
                "8": 22.521957131566,
                "10": 20.192936684374
            },
            "6": {
                "5": 80.811289662546,
                "4": 79.217495913626,
                "7": 71.01931469476,
                "11": 69.543265294655,
                "6": 47.008253622697,
                "12": 39.804991736753,
                "15": 30.59140464924,
                "9": 26.767057878606,
                "16": 25.973686712682,
                "8": 22.558913141261,
                "10": 20.794666535184
            },
            "7": {
                "5": 82.554885865483,
                "4": 80.635240801828,
                "7": 72.596407205773,
                "11": 70.383917671843,
                "6": 47.008253622697,
                "12": 46.645644113942,
                "15": 30.867283185314,
                "9": 29.34415038962,
                "16": 28.814339089871,
                "8": 24.399565518449
            },
            "8": {
                "5": 87.554885865483,
                "4": 86.174679204077,
                "7": 73.596407205773,
                "11": 71.973328852755,
                "12": 50.486296491131,
                "6": 49.008253622697,
                "16": 32.391431600884,
                "15": 31.879601855212,
                "9": 29.921242900633
            },
            "9": {
                "5": 93.281000797738,
                "4": 89.027650251164,
                "7": 78.352322078609,
                "11": 75.231726118145,
                "6": 52.020572292595,
                "12": 50.486296491131,
                "16": 35.980842781795,
                "15": 35.7202542324
            },
            "10": {
                "5": 104.69874568594,
                "4": 96.892939968149,
                "11": 79.975322321083,
                "7": 79.87944181096,
                "6": 53.020572292595,
                "12": 52.486296491131,
                "16": 37.993161451693
            },
            "11": {
                "11": 110.884384044532,
                "7": 104.663993480885,
                "6": 76.075505991111,
                "12": 59.167916909976,
                "16": 49.23170154347
            }
        }
    }
}