{
    "Ranking": "F > A > B > E > N > P > I > J > K > Q > D > H > L > M > O > C > G",
    "Number Of Seats": 5,
    "Stats": {
        "A": {
            "B": 1.4666666666666666,
            "C": 6.133333333333334,
            "D": 3.8,
            "E": 1.1875,
            "F": 0,
            "G": 6.2,
            "H": 3.576923076923077,
            "I": 1.253968253968254,
            "J": 1.203125,
            "K": 1.253968253968254,
            "L": 3.9583333333333335,
            "M": 5.388888888888889,
            "N": 1.2765957446808511,
            "O": 3.8,
            "P": 1.4883720930232558,
            "Q": 1.253968253968254
        },
        "B": {
            "A": 0,
            "C": 7.076923076923077,
            "D": 3.88,
            "E": 1.0579710144927537,
            "F": 0,
            "G": 9.5,
            "H": 3.3214285714285716,
            "I": 1.1076923076923078,
            "J": 1.0851063829787233,
            "K": 1.126984126984127,
            "L": 3.6153846153846154,
            "M": 5.333333333333333,
            "N": 1.2765957446808511,
            "O": 3.6923076923076925,
            "P": 1.2765957446808511,
            "Q": 1.126984126984127
        },
        "C": {
            "A": 0,
            "B": 0,
            "D": 0,
            "E": 0,
            "F": 0,
            "G": 1.8571428571428572,
            "H": 0,
            "I": 0,
            "J": 0,
            "K": 0,
            "L": 0,
            "M": 0,
            "N": 0,
            "O": 0,
            "P": 0,
            "Q": 0
        },
        "D": {
            "A": 0,
            "B": 0,
            "C": 1.9565217391304348,
            "E": 0,
            "F": 0,
            "G": 2.5789473684210527,
            "H": 2,
            "I": 0,
            "J": 0,
            "K": 0,
            "L": 3.5384615384615383,
            "M": 1.8181818181818181,
            "N": 0,
            "O": 2.6875,
            "P": 0,
            "Q": 0
        },
        "E": {
            "A": 0,
            "B": 1.044776119402985,
            "C": 4.555555555555555,
            "D": 2.175,
            "F": 0,
            "G": 8.9,
            "H": 2.048780487804878,
            "I": 1.75,
            "J": 1.4390243902439024,
            "K": 1.8823529411764706,
            "L": 2.1794871794871793,
            "M": 2.606060606060606,
            "N": 1.0724637681159421,
            "O": 2.175,
            "P": 1.0724637681159421,
            "Q": 1.631578947368421
        },
        "F": {
            "A": 3.96,
            "B": 4.083333333333333,
            "C": 9.416666666666666,
            "D": 6.052631578947368,
            "E": 1.7142857142857142,
            "G": 14.5,
            "H": 4.666666666666667,
            "I": 1.8846153846153846,
            "J": 1.9230769230769231,
            "K": 1.9423076923076923,
            "L": 5.65,
            "M": 7.25,
            "N": 8.153846153846153,
            "O": 5.181818181818182,
            "P": 8.23076923076923,
            "Q": 1.9230769230769231
        },
        "G": {
            "A": 0,
            "B": 0,
            "C": 0,
            "D": 0,
            "E": 0,
            "F": 0,
            "H": 0,
            "I": 0,
            "J": 0,
            "K": 0,
            "L": 0,
            "M": 0,
            "N": 0,
            "O": 0,
            "P": 0,
            "Q": 0
        },
        "H": {
            "A": 0,
            "B": 0,
            "C": 1.9565217391304348,
            "D": 0,
            "E": 0,
            "F": 0,
            "G": 2.8823529411764706,
            "I": 0,
            "J": 0,
            "K": 0,
            "L": 2.5625,
            "M": 1.8181818181818181,
            "N": 0,
            "O": 2.625,
            "P": 0,
            "Q": 0
        },
        "I": {
            "A": 0,
            "B": 1.044776119402985,
            "C": 4,
            "D": 2.1025641025641026,
            "E": 1.0579710144927537,
            "F": 0,
            "G": 5.642857142857143,
            "H": 2,
            "J": 1.0851063829787233,
            "K": 1.3414634146341464,
            "L": 2.1052631578947367,
            "M": 2.6129032258064515,
            "N": 1.0724637681159421,
            "O": 2.2162162162162162,
            "P": 1.0724637681159421,
            "Q": 1.3095238095238095
        },
        "J": {
            "A": 0,
            "B": 1.044776119402985,
            "C": 4.5,
            "D": 2.1794871794871793,
            "E": 1.0579710144927537,
            "F": 0,
            "G": 6.615384615384615,
            "H": 2,
            "I": 1.0724637681159421,
            "K": 1.3658536585365855,
            "L": 2.361111111111111,
            "M": 3,
            "N": 1.0724637681159421,
            "O": 2.324324324324324,
            "P": 1.0724637681159421,
            "Q": 1.9696969696969697
        },
        "K": {
            "A": 0,
            "B": 1.0140845070422535,
            "C": 4.588235294117647,
            "D": 1.7674418604651163,
            "E": 1.0140845070422535,
            "F": 0,
            "G": 5.642857142857143,
            "H": 1.7674418604651163,
            "I": 1.0140845070422535,
            "J": 1.0140845070422535,
            "L": 1.925,
            "M": 2.5483870967741935,
            "N": 1.0140845070422535,
            "O": 2.1621621621621623,
            "P": 1.0140845070422535,
            "Q": 1.1777777777777778
        },
        "L": {
            "A": 0,
            "B": 0,
            "C": 1.68,
            "D": 0,
            "E": 0,
            "F": 0,
            "G": 2.5555555555555554,
            "H": 0,
            "I": 0,
            "J": 0,
            "K": 0,
            "M": 1.5833333333333333,
            "N": 0,
            "O": 1.7619047619047619,
            "P": 0,
            "Q": 0
        },
        "M": {
            "A": 0,
            "B": 0,
            "C": 1.3461538461538463,
            "D": 0,
            "E": 0,
            "F": 0,
            "G": 2.1052631578947367,
            "H": 0,
            "I": 0,
            "J": 0,
            "K": 0,
            "L": 0,
            "N": 0,
            "O": 1.032258064516129,
            "P": 0,
            "Q": 0
        },
        "N": {
            "A": 0,
            "B": 1.044776119402985,
            "C": 5.0588235294117645,
            "D": 3.107142857142857,
            "E": 1.0579710144927537,
            "F": 0,
            "G": 6.846153846153846,
            "H": 3.0689655172413794,
            "I": 1.1076923076923078,
            "J": 1.0851063829787233,
            "K": 1.121212121212121,
            "L": 3.64,
            "M": 4.136363636363637,
            "O": 3.103448275862069,
            "P": 2.6785714285714284,
            "Q": 1.121212121212121
        },
        "O": {
            "A": 0,
            "B": 0,
            "C": 1.6153846153846154,
            "D": 0,
            "E": 0,
            "F": 0,
            "G": 2.35,
            "H": 0,
            "I": 0,
            "J": 0,
            "K": 0,
            "L": 0,
            "M": 0,
            "N": 0,
            "P": 0,
            "Q": 0
        },
        "P": {
            "A": 0,
            "B": 1.044776119402985,
            "C": 5.176470588235294,
            "D": 3.423076923076923,
            "E": 1.0579710144927537,
            "F": 0,
            "G": 6,
            "H": 3.142857142857143,
            "I": 1.0746268656716418,
            "J": 1.0746268656716418,
            "K": 1.121212121212121,
            "L": 3.75,
            "M": 4.045454545454546,
            "N": 1.0724637681159421,
            "O": 3.0344827586206895,
            "Q": 1.121212121212121
        },
        "Q": {
            "A": 0,
            "B": 1.0140845070422535,
            "C": 5.125,
            "D": 2.3157894736842106,
            "E": 1.0140845070422535,
            "F": 0,
            "G": 7.166666666666667,
            "H": 2.1,