{
    "Ranking": "F > E > A > N > D",
    "Number Of Seats": 5,
    "Stats": {
        "votes_needed_to_win": 30,
        "rounds": {
            "1": {
                "F": 62,
                "E": 24,
                "A": 14,
                "Q": 14,
                "K": 11,
                "D": 9,
                "M": 7,
                "B": 6,
                "I": 6,
                "C": 4,
                "H": 4,
                "G": 3,
                "J": 3,
                "N": 3,
                "O": 3,
                "P": 2,
                "L": 1
            },
            "2": {
                "E": 27.612903224,
                "A": 20.709677416,
                "Q": 15.032258064,
                "K": 12.032258064,
                "D": 11.064516128,
                "B": 10.645161288,
                "N": 10.225806448,
                "M": 7,
                "P": 6.129032256,
                "I": 6,
                "C": 4,
                "H": 4,
                "G": 3.516129032,
                "J": 3.516129032,
                "O": 3,
                "L": 1.516129032
            },
            "3": {
                "E": 27.612903224,
                "A": 21.709677416,
                "Q": 15.032258064,
                "K": 12.032258064,
                "D": 11.064516128,
                "B": 10.645161288,
                "N": 10.225806448,
                "M": 7,
                "P": 6.129032256,
                "I": 6,
                "H": 4.516129032,
                "C": 4,
                "G": 3.516129032,
                "J": 3.516129032,
                "O": 3
            },
            "4": {
                "E": 27.612903224,
                "A": 21.709677416,
                "Q": 15.032258064,
                "D": 12.064516128,
                "K": 12.032258064,
                "B": 10.645161288,
                "N": 10.225806448,
                "M": 8,
                "P": 7.129032256,
                "I": 6,
                "H": 4.516129032,
                "C": 4,
                "G": 3.516129032,
                "J": 3.516129032
            },
            "5": {
                "E": 28.612903224,
                "A": 21.709677416,
                "Q": 16.032258064,
                "D": 12.064516128,
                "K": 12.032258064,
                "B": 11.16129032,
                "N": 10.225806448,
                "M": 8,
                "P": 7.129032256,
                "I": 7,
                "H": 4.516129032,
                "C": 4,
                "G": 3.516129032
            },
            "6": {
                "E": 28.612903224,
                "A": 21.709677416,
                "Q": 16.032258064,
                "D": 13.064516128,
                "K": 12.032258064,
                "B": 11.16129032,
                "N": 10.74193548,
                "M": 8,
                "P": 7.129032256,
                "I": 7,
                "H": 5.516129032,
                "C": 5
            },
            "7": {
                "E": 29.612903224,
                "A": 22.709677416,
                "Q": 16.032258064,
                "D": 13.064516128,
                "K": 12.032258064,
                "B": 11.16129032,
                "N": 10.74193548,
                "I": 8,
                "M": 8,
                "P": 7.129032256,
                "H": 5.516129032
            },
            "8": {
                "E": 30.612903224,
                "A": 22.709677416,
                "Q": 16.032258064,
                "D": 15.064516128,
                "K": 12.032258064,
                "B": 11.16129032,
                "N": 10.74193548,
                "M": 9.516129032,
                "I": 9,
                "P": 7.129032256
            },
            "9": {
                "A": 23.729698491,
                "Q": 17.084537203,
                "D": 15.064516128,
                "I": 13.324790103,
                "K": 12.172405589,
                "B": 11.717461502,
                "N": 10.74193548,
                "M": 9.516129032,
                "P": 7.129032256
            },
            "10": {
                "A": 25.761956555,
                "Q": 17.084537203,
                "D": 16.064516128,
                "N": 13.806451608,
                "I": 13.324790103,
                "B": 12.233590534,
                "K": 12.172405589,
                "M": 9.516129032
            },
            "11": {
                "A": 26.278085587,
                "D": 22.064516128,
                "Q": 17.084537203,
                "I": 14.324790103,
                "N": 13.806451608,
                "B": 13.233590534,
                "K": 13.172405589
            },
            "12": {
                "A": 26.794214619,
                "I": 23.384853328,
                "D": 22.064516128,
                "Q": 20.66072946,
                "N": 13.826472683,
                "B": 13.233590534
            },
            "13": {
                "A": 30.858730747,
                "I": 23.384853328,
                "D": 22.064516128,
                "Q": 21.713008599,
                "N": 21.407117843
            },
            "14": {
                "N": 33.80432138,
                "I": 24.00448685,
                "Q": 23.312621046,
                "D": 22.608472965
            },
            "15": {
                "D": 30.249203994,
                "I": 26.830232083,
                "Q": 25.888835947
            }
        }
    }
}