{
    "Ranking": "F > E > A > Q > K > B > I > J > N > P > D > H > M > O > C > L > G",
    "Number Of Seats": 5,
    "Stats": {
        "F": 84.52725609591464,
        "E": 50.886664584663855,
        "A": 44.42461351785889,
        "Q": 38.30335312405736,
        "K": 38.20171426545683,
        "B": 37.25810643574945,
        "I": 36.99320017855178,
        "J": 35.95562211142351,
        "N": 35.70416276280628,
        "P": 32.22764341001263,
        "D": 30.63734845406782,
        "H": 27.07788624081372,
        "M": 25.044306783777465,
        "O": 23.069171242959417,
        "C": 22.11414181680971,
        "L": 22.029624001180032,
        "G": 20.906428958669878
    }
}