{
    "Ranking": "F > E > A > N > D",
    "Number Of Seats": 5,
    "Stats": {
        "votes_needed_to_win": 30,
        "rounds": {
            "1": {
                "F": 62,
                "E": 24,
                "A": 14,
                "Q": 14,
                "K": 11,
                "D": 9,
                "M": 7,
                "B": 6,
                "I": 6,
                "C": 4,
                "H": 4,
                "G": 3,
                "J": 3,
                "N": 3,
                "O": 3,
                "P": 2,
                "L": 1
            },
            "2": {
                "E": 27.612903225806,
                "A": 20.709677419355,
                "Q": 15.032258064516,
                "K": 12.032258064516,
                "D": 11.064516129032,
                "B": 10.645161290323,
                "N": 10.225806451613,
                "M": 7,
                "P": 6.129032258065,
                "I": 6,
                "C": 4,
                "H": 4,
                "G": 3.516129032258,
                "J": 3.516129032258,
                "O": 3,
                "L": 1.516129032258
            },
            "3": {
                "E": 27.612903225806,
                "A": 21.709677419355,
                "Q": 15.032258064516,
                "K": 12.032258064516,
                "D": 11.064516129032,
                "B": 10.645161290323,
                "N": 10.225806451613,
                "M": 7,
                "P": 6.129032258065,
                "I": 6,
                "H": 4.516129032258,
                "C": 4,
                "G": 3.516129032258,
                "J": 3.516129032258,
                "O": 3
            },
            "4": {
                "E": 27.612903225806,
                "A": 21.709677419355,
                "Q": 15.032258064516,
                "D": 12.064516129032,
                "K": 12.032258064516,
                "B": 10.645161290323,
                "N": 10.225806451613,
                "M": 8,
                "P": 7.129032258065,
                "I": 6,
                "H": 4.516129032258,
                "C": 4,
                "G": 3.516129032258,
                "J": 3.516129032258
            },
            "5": {
                "E": 28.612903225806,
                "A": 21.709677419355,
                "Q": 16.032258064516,
                "D": 12.064516129032,
                "K": 12.032258064516,
                "B": 11.161290322581,
                "N": 10.225806451613,
                "M": 8,
                "P": 7.129032258065,
                "I": 7,
                "H": 4.516129032258,
                "C": 4,
                "G": 3.516129032258
            },
            "6": {
                "E": 28.612903225806,
                "A": 21.709677419355,
                "Q": 16.032258064516,
                "D": 13.064516129032,
                "K": 12.032258064516,
                "B": 11.161290322581,
                "N": 10.741935483871,
                "M": 8,
                "P": 7.129032258065,
                "I": 7,
                "H": 5.516129032258,
                "C": 5
            },
            "7": {
                "E": 29.612903225806,
                "A": 22.709677419355,
                "Q": 16.032258064516,
                "D": 13.064516129032,
                "K": 12.032258064516,
                "B": 11.161290322581,
                "N": 10.741935483871,
                "I": 8,
                "M": 8,
                "P": 7.129032258065,
                "H": 5.516129032258
            },
            "8": {
                "E": 30.612903225806,
                "A": 22.709677419355,
                "Q": 16.032258064516,
                "D": 15.064516129032,
                "K": 12.032258064516,
                "B": 11.161290322581,
                "N": 10.741935483871,
                "M": 9.516129032258,
                "I": 9,
                "P": 7.129032258065
            },
            "9": {
                "A": 23.72969849417,
                "Q": 17.084537203848,
                "D": 15.064516129032,
                "I": 13.324790101635,
                "K": 12.172405588225,
                "B": 11.71746150447,
                "N": 10.741935483871,
                "M": 9.516129032258,
                "P": 7.129032258065
            },
            "10": {
                "A": 25.761956558687,
                "Q": 17.084537203848,
                "D": 16.064516129032,
                "N": 13.806451612903,
                "I": 13.324790101635,
                "B": 12.233590536728,
                "K": 12.172405588225,
                "M": 9.516129032258
            },
            "11": {
                "A": 26.278085590945,
                "D": 22.064516129032,
                "Q": 17.084537203848,
                "I": 14.324790101635,
                "N": 13.806451612903,
                "B": 13.233590536728,
                "K": 13.172405588225
            },
            "12": {
                "A": 26.794214623203,
                "I": 23.384853326082,
                "D": 22.064516129032,
                "Q": 20.660729460553,
                "N": 13.826472687719,
                "B": 13.233590536728
            },
            "13": {
                "A": 30.858730752235,
                "I": 23.384853326082,
                "D": 22.064516129032,
                "Q": 21.713008599884,
                "N": 21.407117849009
            },
            "14": {
                "N": 33.804321391809,
                "I": 24.004486849158,
                "Q": 23.312621048145,
                "D": 22.608472966625
            },
            "15": {
                "D": 30.249203997765,
                "I": 26.830232083166,
                "Q": 25.888835950254
            }
        }
    }
}