{
    "Ranking": "5 > 4 > 11 > 6 > 1 > 8 > 7 > 2 > 10",
    "Number Of Seats": 9,
    "Stats": {
        "votes_needed_to_win": 93,
        "rounds": {
            "1": {
                "5": 217,
                "4": 115,
                "11": 106,
                "6": 96,
                "1": 95,
                "7": 66,
                "2": 57,
                "8": 53,
                "10": 46,
                "9": 38,
                "3": 33
            },
            "2": {
                "8": 92.710815633731,
                "7": 87.561300554504,
                "2": 80.679257696127,
                "10": 71.930066167264,
                "9": 51.224230078889,
                "3": 47.186585901793
            },
            "3": {
                "8": 100.425101348017,
                "7": 99.882602411998,
                "2": 88.38986504407,
                "10": 82.611907987257,
                "9": 56.538175936149
            },
            "4": {
                "2": 115.748884065965,
                "10": 111.217004832998,
                "9": 73.540655282736
            }
        }
    }
}