{
    "Ranking": "5 > 4 > 6 > 1 > 11 > 8 > 2 > 10 > 7 > 9 > 3",
    "Number Of Seats": 9,
    "Stats": {
        "5": 411.8734659975866,
        "4": 307.78114654455266,
        "6": 279.3420740308671,
        "1": 253.8526583605583,
        "11": 246.9983709284141,
        "8": 236.39476514266548,
        "2": 228.9453459221147,
        "10": 221.98307736065024,
        "7": 221.11435926987798,
        "9": 194.58351471320057,
        "3": 187.49788839617514
    }
}