{
    "Ranking": "5 > 4 > 11 > 6 > 1 > 7 > 2 > 8 > 10 > 9 > 3",
    "Number Of Seats": 9,
    "Stats": {
        "1": {
            "5": 217.1818181818182,
            "4": 115.18181818181819,
            "11": 106.18181818181819,
            "6": 96.18181818181819,
            "1": 95.18181818181819,
            "7": 66.18181818181819,
            "2": 57.18181818181819,
            "8": 53.18181818181819,
            "10": 46.18181818181818,
            "9": 38.18181818181819,
            "3": 33.18181818181819
        }
    }
}