{
    "Ranking": "9 > 11 > 1 > 6 > 3 > 5 > 2 > 8 > 7 > 4 > 13 > 10 > 14 > 12",
    "Number Of Seats": 2,
    "Stats": {
        "9": 19.311782498,
        "11": 13.484251285,
        "1": 13.169601409,
        "6": 11.538748486,
        "3": 10.691226558,
        "5": 10.323531946,
        "2": 9.879471894,
        "8": 8.005146643,
        "7": 7.965921858,
        "4": 7.69936236,
        "13": 7.512964993,
        "10": 7.161035684,
        "14": 6.715229646,
        "12": 6.358904782
    }
}