{
    "Ranking": "9 > 11 > 1 > 6 > 3 > 5 > 2 > 8 > 7 > 4 > 13 > 10 > 14 > 12",
    "Number Of Seats": 2,
    "Stats": {
        "9": 19.311782497805222,
        "11": 13.48425128513062,
        "1": 13.169601409192866,
        "6": 11.538748485661365,
        "3": 10.691226557833703,
        "5": 10.323531946448613,
        "2": 9.879471893846894,
        "8": 8.005146643479977,
        "7": 7.965921858324452,
        "4": 7.699362360022532,
        "13": 7.512964992859471,
        "10": 7.161035684093042,
        "14": 6.71522964579512,
        "12": 6.3589047816861655
    }
}