{
    "Ranking": "7 > 2 > 6 > 10 > 5 > 8 > 4 > 1 > 3 > 9",
    "Number Of Seats": 6,
    "Stats": {
        "7": 118.094444444,
        "2": 44.785714286,
        "6": 35.688888889,
        "10": 35.066666667,
        "5": 33.458333333,
        "8": 30.926190476,
        "4": 26.595634921,
        "1": 17.333333333,
        "3": 11.951190476,
        "9": 9.975
    }
}