{
    "Ranking": "7 > 2 > 6 > 10 > 5 > 8 > 4 > 1 > 3 > 9",
    "Number Of Seats": 6,
    "Stats": {
        "7": 118.09444444444443,
        "2": 44.785714285714285,
        "6": 35.688888888888854,
        "10": 35.06666666666665,
        "5": 33.45833333333333,
        "8": 30.926190476190477,
        "4": 26.59563492063491,
        "1": 17.333333333333332,
        "3": 11.951190476190476,
        "9": 9.975000000000001
    }
}