{
    "Ranking": "9 > 4 > 3 > 13 > 15 > 8 > 10 > 7 > 11 > 16 > 1 > 5 > 14 > 12 > 17 > 6 > 2",
    "Number Of Seats": 2,
    "Stats": {
        "9": 25.2379329,
        "4": 19.454538517,
        "3": 18.245634921,
        "13": 16.190313853,
        "15": 14.41511544,
        "8": 10.703210678,
        "10": 9.485714286,
        "7": 8.614357864,
        "11": 8.6003108,
        "16": 8.321067821,
        "1": 7.685750361,
        "5": 6.385515873,
        "14": 3.468167943,
        "12": 3.115827228,
        "17": 2.89471917,
        "6": 2.426785714,
        "2": 2.087673438
    }
}