{
    "Ranking": "3 > 5 > 1 > 4 > 2",
    "Number Of Seats": 3,
    "Stats": {
        "1": {
            "2": 1.2325581395348837,
            "3": 0,
            "4": 1.2325581395348837,
            "5": 0
        },
        "2": {
            "1": 0,
            "3": 0,
            "4": 0,
            "5": 0
        },
        "3": {
            "1": 1.4871794871794872,
            "2": 1.5,
            "4": 1.4090909090909092,
            "5": 1.5
        },
        "4": {
            "1": 0,
            "2": 2.15,
            "3": 0,
            "5": 0
        },
        "5": {
            "1": 1.4871794871794872,
            "2": 1.9047619047619047,
            "3": 0,
            "4": 1.2325581395348837
        }
    }
}