{
    "Ranking": "3 > 1 > 4",
    "Number Of Seats": 3,
    "Stats": {
        "votes_needed_to_win": 40,
        "rounds": {
            "1": {
                "3": 49,
                "1": 31,
                "4": 30,
                "5": 28,
                "2": 19
            },
            "2": {
                "1": 32.836734693877,
                "4": 32.387755102041,
                "5": 32.224489795918,
                "2": 19.183673469388
            },
            "3": {
                "1": 42.836734693877,
                "4": 38.387755102041,
                "5": 34.408163265306
            },
            "4": {
                "4": 46.064549688384,
                "5": 39.437312228369
            }
        }
    }
}