{
    "Ranking": "3 > 1 > 5 > 4 > 2",
    "Number Of Seats": 3,
    "Stats": {
        "3": 81.49999999999994,
        "1": 65.58333333333333,
        "5": 64.66666666666673,
        "4": 63.8333333333334,
        "2": 42.499999999999986
    }
}