{
    "Ranking": "1 > 5 > 3 > 6 > 2 > 7 > 4",
    "Number Of Seats": 5,
    "Stats": {
        "1": 146.966666667,
        "5": 101,
        "3": 91.233333333,
        "6": 75.5,
        "2": 74.733333333,
        "7": 71.566666667,
        "4": 64.266666667
    }
}