{
    "Ranking": "A > B > C > D",
    "Number Of Seats": 2,
    "Stats": {
        "A": 161.666666667,
        "B": 149.847222222,
        "C": 144.680555556,
        "D": 135.472222222
    }
}