{
    "Ranking": "A > C > B > D",
    "Number Of Seats": 1,
    "Stats": {
        "A": {
            "B": 3.1875,
            "C": 3.4957264957264957,
            "D": 3.8425925925925926
        },
        "B": {
            "A": 0,
            "C": 0,
            "D": 1.0103092783505154
        },
        "C": {
            "A": 0,
            "B": 1.3370165745856353,
            "D": 1.3815028901734103
        },
        "D": {
            "A": 0,
            "B": 0,
            "C": 0
        }
    }
}