{
    "Ranking": "A > C > B > D",
    "Number Of Seats": 1,
    "Stats": {
        "A": 426.861111111,
        "C": 257.777777778,
        "B": 247.305555556,
        "D": 236.805555556
    }
}