{
    "Ranking": "E > A > C > G > D > B > F",
    "Number Of Seats": 3,
    "Stats": {
        "E": 383.69646825396705,
        "A": 373.41686507936464,
        "C": 342.03769841269724,
        "G": 337.49539682539665,
        "D": 317.7502777777772,
        "B": 254.65091269841142,
        "F": 220.8095238095221
    }
}