{
    "Ranking": "E > A > C > G > D > B > F",
    "Number Of Seats": 3,
    "Stats": {
        "E": 383.696468254,
        "A": 373.416865079,
        "C": 342.037698413,
        "G": 337.495396825,
        "D": 317.750277778,
        "B": 254.650912698,
        "F": 220.80952381
    }
}