{
    "Ranking": "E > A > C > D > G > B > F",
    "Number Of Seats": 3,
    "Stats": {
        "A": {
            "B": 2.324200913242009,
            "C": 1.209090909090909,
            "D": 1.2058823529411764,
            "E": 0,
            "F": 3.1686046511627906,
            "G": 1.2234957020057307
        },
        "B": {
            "A": 0,
            "C": 0,
            "D": 0,
            "E": 0,
            "F": 1.921875,
            "G": 0
        },
        "C": {
            "A": 0,
            "B": 1.9751037344398341,
            "D": 1.1647398843930636,
            "E": 0,
            "F": 2.8633879781420766,
            "G": 1.0960451977401129
        },
        "D": {
            "A": 0,
            "B": 2.2818181818181817,
            "C": 0,
            "E": 0,
            "F": 3.4472049689440993,
            "G": 1.0960451977401129
        },
        "E": {
            "A": 1.0291777188328912,
            "B": 2.5330188679245285,
            "C": 1.2810650887573964,
            "D": 1.221264367816092,
            "F": 4.287769784172662,
            "G": 1.5227272727272727
        },
        "F": {
            "A": 0,
            "B": 0,
            "C": 0,
            "D": 0,
            "E": 0,
            "G": 0
        },
        "G": {
            "A": 0,
            "B": 2.096069868995633,
            "C": 0,
            "D": 0,
            "E": 0,
            "F": 3.358974358974359
        }
    }
}