{
    "Ranking": "Martin Michlmayr > Branden Robinson > None of the Above > Gergely Nagy",
    "Number Of Seats": 1,
    "Stats": {
        "Martin Michlmayr": 374.27777777777766,
        "Branden Robinson": 312.04166666666674,
        "None of the Above": 163.2500000000002,
        "Gergely Nagy": 154.59722222222234
    }
}