{
    "Ranking": "Martin Michlmayr > Branden Robinson > None of the Above > Gergely Nagy",
    "Number Of Seats": 1,
    "Stats": {
        "Martin Michlmayr": 371.3472222222221,
        "Branden Robinson": 314.18055555555566,
        "None of the Above": 162.72222222222237,
        "Gergely Nagy": 155.91666666666674
    }
}