{
    "Ranking": "A > B > C > D",
    "Number Of Seats": 2,
    "Stats": {
        "A": 154.66666666666677,
        "B": 149.9305555555557,
        "C": 147.9166666666667,
        "D": 128.73611111111123
    }
}