{
    "Ranking": "A > B > C > D",
    "Number Of Seats": 2,
    "Stats": {
        "A": 154.666666667,
        "B": 149.930555556,
        "C": 147.916666667,
        "D": 128.736111111
    }
}