{
    "Ranking": "A > B > C > D",
    "Number Of Seats": 2,
    "Stats": {
        "A": {
            "B": 1.146788990825688,
            "C": 1.146788990825688,
            "D": 1.6263736263736264
        },
        "B": {
            "A": 0,
            "C": 1.1559633027522935,
            "D": 1.3431372549019607
        },
        "C": {
            "A": 0,
            "B": 0,
            "D": 1.5909090909090908
        },
        "D": {
            "A": 0,
            "B": 0,
            "C": 0
        }
    }
}