{
    "Ranking": "7 > 5 > 4 > 6 > 1 > 3 > 8 > 2",
    "Number Of Seats": 4,
    "Stats": {
        "7": 130.41904761904766,
        "5": 100.89523809523789,
        "4": 92.61190476190471,
        "6": 83.40238095238092,
        "1": 82.51904761904758,
        "3": 77.66904761904766,
        "8": 73.57619047619049,
        "2": 69.67380952380958
    }
}