{
    "Ranking": "1 > 7 > 4 > 3 = 5 > 2 > 8 > 6",
    "Number Of Seats": 4,
    "Stats": {
        "1": {
            "2": 1.8333333333333333,
            "3": 1.4390243902439024,
            "4": 1.5333333333333334,
            "5": 1.523076923076923,
            "6": 1.5333333333333334,
            "7": 1.5333333333333334,
            "8": 1.5263157894736843
        },
        "2": {
            "1": 0,
            "3": 1.36,
            "4": 1.36,
            "5": 1.36,
            "6": 1.36,
            "7": 1.36,
            "8": 1.36
        },
        "3": {
            "1": 0,
            "2": 1.55,
            "4": 1.36,
            "5": 1.36,
            "6": 1.36,
            "7": 1.36,
            "8": 1.36
        },
        "4": {
            "1": 0,
            "2": 1.4242424242424243,
            "3": 1.4,
            "5": 1.4242424242424243,
            "6": 2.0217391304347827,
            "7": 1.36,
            "8": 1.4242424242424243
        },
        "5": {
            "1": 0,
            "2": 1.65,
            "3": 1.36,
            "4": 1.36,
            "6": 1.8775510204081634,
            "7": 1.36,
            "8": 1.6923076923076923
        },
        "6": {
            "1": 0,
            "2": 1.0416666666666667,
            "3": 1.0416666666666667,
            "4": 1.0416666666666667,
            "5": 1.0416666666666667,
            "7": 1.0416666666666667,
            "8": 1.0416666666666667
        },
        "7": {
            "1": 0,
            "2": 1.523076923076923,
            "3": 1.4,
            "4": 1.8035714285714286,
            "5": 1.523076923076923,
            "6": 1.86,
            "8": 1.523076923076923
        },
        "8": {
            "1": 0,
            "2": 1.25,
            "3": 1.25,
            "4": 1.25,
            "5": 1.25,
            "6": 2.066666666666667,
            "7": 1.25
        }
    }
}