{
    "Ranking": "2 > 1 = 4 > 5 > 3",
    "Number Of Seats": 1,
    "Stats": {
        "1": {
            "2": 0,
            "3": 2.2222222222222223,
            "4": 0,
            "5": 1.5
        },
        "2": {
            "1": 1.0714285714285714,
            "3": 5,
            "4": 2.125,
            "5": 5
        },
        "3": {
            "1": 0,
            "2": 0,
            "4": 0,
            "5": 0
        },
        "4": {
            "1": 0,
            "2": 0,
            "3": 2.3333333333333335,
            "5": 1.6666666666666667
        },
        "5": {
            "1": 0,
            "2": 0,
            "3": 1.625,
            "4": 0
        }
    }
}