{
    "Ranking": "J > D > B > H > A > N > E > L > F > K > M > G > C > I",
    "Number Of Seats": 12,
    "Stats": {
        "A": {
            "B": 0,
            "C": 2.7142857142857144,
            "D": 0,
            "E": 1.1923076923076923,
            "F": 1.2916666666666667,
            "G": 1.9444444444444444,
            "H": 0,
            "I": 9,
            "J": 0,
            "K": 1.3636363636363635,
            "L": 1.1851851851851851,
            "M": 1.3636363636363635,
            "N": 1.0384615384615385
        },
        "B": {
            "A": 1.1071428571428572,
            "C": 2.1176470588235294,
            "D": 0,
            "E": 1.28,
            "F": 1.1851851851851851,
            "G": 2.0555555555555554,
            "H": 1.1071428571428572,
            "I": 9.2,
            "J": 0,
            "K": 1.24,
            "L": 1.1851851851851851,
            "M": 1.28,
            "N": 1.1071428571428572
        },
        "C": {
            "A": 0,
            "B": 0,
            "D": 0,
            "E": 0,
            "F": 0,
            "G": 0,
            "H": 0,
            "I": 4.25,
            "J": 0,
            "K": 0,
            "L": 0,
            "M": 0,
            "N": 0
        },
        "D": {
            "A": 1.32,
            "B": 1.1785714285714286,
            "C": 2.4705882352941178,
            "E": 1.5217391304347827,
            "F": 1.2916666666666667,
            "G": 1.9047619047619047,
            "H": 1.1071428571428572,
            "I": 10.2,
            "J": 0,
            "K": 1.4583333333333333,
            "L": 1.1923076923076923,
            "M": 1.4166666666666667,
            "N": 1.32
        },
        "E": {
            "A": 1.0357142857142858,
            "B": 0,
            "C": 1.8421052631578947,
            "D": 0,
            "F": 1.1851851851851851,
            "G": 1.6363636363636365,
            "H": 0,
            "I": 5.857142857142857,
            "J": 0,
            "K": 1.2307692307692308,
            "L": 1.1851851851851851,
            "M": 1.2916666666666667,
            "N": 1.0357142857142858
        },
        "F": {
            "A": 1.0344827586206897,
            "B": 0,
            "C": 2.3125,
            "D": 0,
            "E": 1.0344827586206897,
            "G": 1.6,
            "H": 0,
            "I": 5.75,
            "J": 0,
            "K": 1.16,
            "L": 1.0344827586206897,
            "M": 1.2916666666666667,
            "N": 1.0344827586206897
        },
        "G": {
            "A": 0,
            "B": 0,
            "C": 1.4736842105263157,
            "D": 0,
            "E": 0,
            "F": 0,
            "H": 0,
            "I": 5.714285714285714,
            "J": 0,
            "K": 0,
            "L": 0,
            "M": 0,
            "N": 0
        },
        "H": {
            "A": 1.1481481481481481,
            "B": 0,
            "C": 2.7333333333333334,
            "D": 0,
            "E": 1.2307692307692308,
            "F": 1.36,
            "G": 2.1666666666666665,
            "I": 4.7,
            "J": 0,
            "K": 1.619047619047619,
            "L": 1.4,
            "M": 1.6666666666666667,
            "N": 1.1481481481481481
        },
        "I": {
            "A": 0,
            "B": 0,
            "C": 0,
            "D": 0,
            "E": 0,
            "F": 0,
            "G": 0,
            "H": 0,
            "J": 0,
            "K": 0,
            "L": 0,
            "M": 0,
            "N": 0
        },
        "J": {
            "A": 2.533333333333333,
            "B": 1.434782608695652,
            "C": 4.5,
            "D": 1.565217391304348,
            "E": 1.95,
            "F": 2.8666666666666667,
            "G": 2.9285714285714284,
            "H": 1.5,
            "I": 8.166666666666666,
            "K": 3.1538461538461537,
            "L": 1.4166666666666667,
            "M": 3.0714285714285716,
            "N": 2.2222222222222223
        },
        "K": {
            "A": 0,
            "B": 0,
            "C": 3.272727272727273,
            "D": 0,
            "E": 0,
            "F": 0,
            "G": 1.5263157894736843,
            "H": 0,
            "I": 5.125,
            "J": 0,
            "L": 0,
            "M": 1.380952380952381,
            "N": 0
        },
        "L": {
            "A": 1.0357142857142858,
            "B": 0,
            "C": 2.411764705882353,
            "D": 0,
            "E": 1.0357142857142858,
            "F": 1.36,
            "G": 1.7272727272727273,
            "H": 0,
            "I": 6.25,
            "J": 0,
            "K": 1.1851851851851851,
            "M": 1.5217391304347827,
            "N": 1.0357142857142858
        },
        "M": {
            "A": 0,
            "B": 0,
            "C": 2,
            "D": 0,
            "E": 0,
            "F": 0,
            "G": 1.2608695652173914,
            "H": 0,
            "I": 5.285714285714286,
            "J": 0,
            "K": 0,
            "L": 0,
            "N": 0
        },
        "N": {
            "A": 1.0357142857142858,
            "B": 0,
            "C": 2.1875,
            "D": 0,
            "E": 1.1481481481481481,
            "F": 1.1923076923076923,
            "G": 1.75,
            "H": 0,
            "I": 5.25,
            "J": 0,
            "K": 1.2,
            "L": 1.1923076923076923,
            "M": 1.2083333333333333
        }
    }
}