{
    "Ranking": "1 > 2 > 3",
    "Number Of Seats": 2,
    "Stats": {
        "1": {
            "2": 2.3466666666666667,
            "3": 1.8068181818181819
        },
        "2": {
            "1": 0,
            "3": 1.105263157894737
        },
        "3": {
            "1": 0,
            "2": 0
        }
    }
}