{
    "Ranking": "1 > 3 > 2",
    "Number Of Seats": 2,
    "Stats": {
        "1": 182.166666667,
        "3": 141.916666667,
        "2": 139.75
    }
}