{
    "Ranking": "Stefano Zacchiroli > Wouter Verhelst > Gergely Nagy > None Of The Above",
    "Number Of Seats": 1,
    "Stats": {
        "Stefano Zacchiroli": 360.3472222222222,
        "Wouter Verhelst": 172.23611111111114,
        "Gergely Nagy": 147.19444444444443,
        "None Of The Above": 95.05555555555551
    }
}