{
    "Ranking": "4 > 2 > 1 > 3 > 5",
    "Number Of Seats": 1,
    "Stats": {
        "4": 42,
        "2": 40.5,
        "1": 36.583333333,
        "3": 18.666666667,
        "5": 16.5
    }
}