{
    "Ranking": "4 > 2 > 1 > 3 > 5",
    "Number Of Seats": 1,
    "Stats": {
        "4": 42,
        "2": 40.500000000000014,
        "1": 36.58333333333333,
        "3": 18.666666666666664,
        "5": 16.5
    }
}