{
    "Ranking": "5 > 2 > 3 > 7 > 4 > 1 > 6",
    "Number Of Seats": 3,
    "Stats": {
        "5": 134.49999999999997,
        "2": 108.23333333333332,
        "3": 92.7166666666668,
        "7": 90.96666666666661,
        "4": 80.3333333333333,
        "1": 72.26666666666672,
        "6": 51.716666666666654
    }
}