{
    "Ranking": "5 > 2 > 3 > 7 > 4 > 1 > 6",
    "Number Of Seats": 3,
    "Stats": {
        "5": 134.5,
        "2": 108.233333333,
        "3": 92.716666667,
        "7": 90.966666667,
        "4": 80.333333333,
        "1": 72.266666667,
        "6": 51.716666667
    }
}