{
    "Ranking": "4 > 5 > 2 = 9 > 8 > 3 > 7 > 6 > 1",
    "Number Of Seats": 2,
    "Stats": {
        "1": {
            "4": 100.444444444,
            "5": 70.444444444,
            "2": 31.444444444,
            "9": 31.444444444,
            "8": 23.444444444,
            "3": 20.444444444,
            "7": 12.444444444,
            "6": 11.444444444,
            "1": 8.444444444
        },
        "2": {
            "4": 171.5,
            "5": 138.5
        }
    }
}