{
    "Ranking": "4 > 5 > 9 > 8 > 2 > 7 > 3 > 1 > 6",
    "Number Of Seats": 2,
    "Stats": {
        "1": {
            "2": 0,
            "3": 0,
            "4": 0,
            "5": 0,
            "6": 1.1132075471698113,
            "7": 0,
            "8": 0,
            "9": 0
        },
        "2": {
            "1": 1.2641509433962264,
            "3": 1.4067796610169492,
            "4": 0,
            "5": 0,
            "6": 1.8571428571428572,
            "7": 1.278688524590164,
            "8": 1.0153846153846153,
            "9": 0
        },
        "3": {
            "1": 1.1071428571428572,
            "2": 1.0153846153846153,
            "4": 0,
            "5": 0,
            "6": 1.206896551724138,
            "7": 1.0153846153846153,
            "8": 1.0153846153846153,
            "9": 0
        },
        "4": {
            "1": 4.186046511627907,
            "2": 2.3835616438356166,
            "3": 3.3207547169811322,
            "5": 1.336734693877551,
            "6": 3.309090909090909,
            "7": 3.64,
            "8": 3.25,
            "9": 2.5072463768115942
        },
        "5": {
            "1": 5.5,
            "2": 2.878787878787879,
            "3": 3.82,
            "4": 0,
            "6": 4.1020408163265305,
            "7": 4.304347826086956,
            "8": 4.061224489795919,
            "9": 2.739130434782609
        },
        "6": {
            "1": 0,
            "2": 0,
            "3": 0,
            "4": 0,
            "5": 0,
            "7": 0,
            "8": 0,
            "9": 0
        },
        "7": {
            "1": 1.2641509433962264,
            "2": 1.0153846153846153,
            "3": 1.1129032258064515,
            "4": 0,
            "5": 0,
            "6": 1.1132075471698113,
            "8": 1.0153846153846153,
            "9": 0
        },
        "8": {
            "1": 1.4,
            "2": 1.0422535211267605,
            "3": 1.0634920634920635,
            "4": 0,
            "5": 0,
            "6": 1.2,
            "7": 1.0634920634920635,
            "9": 0
        },
        "9": {
            "1": 2.317073170731707,
            "2": 1.4477611940298507,
            "3": 1.467741935483871,
            "4": 0,
            "5": 0,
            "6": 2,
            "7": 1.5,
            "8": 1.3870967741935485
        }
    }
}