{
    "Ranking": "O > E > H > C > I > Q > F > L > N > A > D > R > B > P > G > M > K > J",
    "Number Of Seats": 3,
    "Stats": {
        "O": 3,
        "E": 2.2769230769230773,
        "H": 2.1206349206349207,
        "C": 1.924242424242424,
        "I": 1.851190476190476,
        "Q": 1.7380952380952381,
        "F": 1.6166666666666667,
        "L": 1.563095238095238,
        "N": 1.5166666666666668,
        "A": 1.48015873015873,
        "D": 1.1666666666666665,
        "R": 1.1602564102564101,
        "B": 0.9070378151260504,
        "P": 0.7277777777777779,
        "G": 0.6805555555555556,
        "M": 0.46590909090909094,
        "K": 0.3222222222222222,
        "J": 0.1213235294117647
    }
}