{
    "Ranking": "3 > 4 > 2 > 1",
    "Number Of Seats": 3,
    "Stats": {
        "3": 316.277777778,
        "4": 280.958333333,
        "2": 239.111111111,
        "1": 176.152777778
    }
}