{
    "Ranking": "19 > 11 > 20 > 6 = 13 > 22 > 26 > 9 = 21 > 1 = 14 > 2 > 10 > 4 = 15 > 7 > 5 = 25 > 8 = 16 = 17 > 24 > 12 > 3 > 18 > 23",
    "Number Of Seats": 2,
    "Stats": {
        "1": {
            "2": 3.5,
            "3": 4,
            "4": 2.6666666666666665,
            "5": 2,
            "6": 1.6666666666666667,
            "7": 2.6666666666666665,
            "8": 7,
            "9": 1.6666666666666667,
            "10": 2,
            "11": 1.4,
            "12": 3.5,
            "13": 1.6666666666666667,
            "14": 1.6666666666666667,
            "15": 2,
            "16": 3.5,
            "17": 5,
            "18": 3.5,
            "19": 1.4,
            "20": 1.5,
            "21": 1.6666666666666667,
            "22": 1.6666666666666667,
            "23": 3,
            "24": 2,
            "25": 2,
            "26": 1.6666666666666667
        },
        "2": {
            "1": 1.6666666666666667,
            "3": 2.25,
            "4": 2,
            "5": 2,
            "6": 1.6666666666666667,
            "7": 2,
            "8": 2,
            "9": 1.6666666666666667,
            "10": 2,
            "11": 1.4,
            "12": 9,
            "13": 1.6666666666666667,
            "14": 1.6666666666666667,
            "15": 2,
            "16": 7,
            "17": 3,
            "18": 4,
            "19": 1.4,
            "20": 1.5,
            "21": 1.6666666666666667,
            "22": 1.6666666666666667,
            "23": 2,
            "24": 2,
            "25": 2,
            "26": 1.6666666666666667
        },
        "3": {
            "1": 1.25,
            "2": 1.25,
            "4": 1.25,
            "5": 1.25,
            "6": 1.25,
            "7": 1.25,
            "8": 1.25,
            "9": 1.25,
            "10": 1.25,
            "11": 1.25,
            "12": 1.3333333333333333,
            "13": 1.25,
            "14": 1.25,
            "15": 1.25,
            "16": 1.25,
            "17": 1.25,
            "18": 2,
            "19": 1.25,
            "20": 1.25,
            "21": 1.25,
            "22": 1.25,
            "23": 2,
            "24": 1.25,
            "25": 1.25,
            "26": 1.25
        },
        "4": {
            "1": 1.6666666666666667,
            "2": 1.6666666666666667,
            "3": 2,
            "5": 2,
            "6": 1.6666666666666667,
            "7": 3,
            "8": 2.5,
            "9": 1.6666666666666667,
            "10": 1.75,
            "11": 1.4,
            "12": 2.6666666666666665,
            "13": 1.6666666666666667,
            "14": 1.6666666666666667,
            "15": 2,
            "16": 2.3333333333333335,
            "17": 2,
            "18": 3.5,
            "19": 1.4,
            "20": 1.5,
            "21": 1.6666666666666667,
            "22": 1.6666666666666667,
            "23": 6,
            "24": 2,
            "25": 2,
            "26": 1.6666666666666667
        },
        "5": {
            "1": 1.6666666666666667,
            "2": 1.6666666666666667,
            "3": 2,
            "4": 1.6666666666666667,
            "6": 1.6666666666666667,
            "7": 1.6666666666666667,
            "8": 2.3333333333333335,
            "9": 1.6666666666666667,
            "10": 1.6666666666666667,
            "11": 1.4,
            "12": 4.5,
            "13": 1.6666666666666667,
            "14": 1.6666666666666667,
            "15": 1.6666666666666667,
            "16": 5,
            "17": 2.5,
            "18": 4.5,
            "19": 1.4,
            "20": 1.5,
            "21": 1.6666666666666667,
            "22": 1.6666666666666667,
            "23": 8,
            "24": 2,
            "25": 1.6666666666666667,
            "26": 1.6666666666666667
        },
        "6": {
            "1": 2.5,
            "2": 2.6666666666666665,
            "3": 5,
            "4": 2.5,
            "5": 2,
            "7": 2.5,
            "8": 5,
            "9": 2.6666666666666665,
            "10": 5,
            "11": 1.4,
            "12": 5,
            "13": 2,
            "14": 2.6666666666666665,
            "15": 4,
            "16": 4.5,
            "17": 4,
            "18": 7,
            "19": 1.4,
            "20": 1.5,
            "21": 5,
            "22": 2.6666666666666665,
            "23": 2.6666666666666665,
            "24": 3.5,
            "25": 5,
            "26": 2.6666666666666665
        },
        "7": {
            "1": 1.6666666666666667,
            "2": 1.6666666666666667,
            "3": 2,
            "4": 2,
            "5": 2,
            "6": 1.6666666666666667,
            "8": 2,
            "9": 1.6666666666666667,
            "10": 1.75,
            "11": 1.4,
            "12": 2,
            "13": 1.6666666666666667,
            "14": 1.6666666666666667,
            "15": 2,
            "16": 2.3333333333333335,
            "17": 2,
            "18": 2.3333333333333335,
            "19": 1.4,
            "20": 1.5,
            "21": 1.6666666666666667,
            "22": 1.6666666666666667,
            "23": 2,
            "24": 2,
            "25": 2,
            "26": 1.6666666666666667
        },
        "8": {
            "1": 1.6666666666666667,
            "2": 1.6666666666666667,
            "3": 1.75,
            "4": 1.6666666666666667,
            "5": 1.6666666666666667,
            "6": 1.6666666666666667,
            "7": 1.6666666666666667,
            "9": 1.6666666666666667,
            "10": 1.6666666666666667,
            "11": 1.4,
            "12": 3,
            "13": 1.6666666666666667,
            "14": 1.6666666666666667,
            "15": 1.6666666666666667,
            "16": 1.6666666666666667,
            "17": 1.6666666666666667,
            "18": 3,
            "19": 1.4,
            "20": 1.5,
            "21": 1.6666666666666667,
            "22": 1.6666666666666667,
            "23": 2,
            "24": 1.6666666666666667,
            "25": 1.6666666666666667,
            "26": 1.6666666666666667
        },
        "9": {
            "1": 2,
            "2": 2,
            "3": 2,
            "4": 2,
            "5": 2,
            "6": 2,
            "7": 2,
            "8": 2,
            "10": 2,
            "11": 1.4,
            "12": 5.5,
            "13": 2,
            "14": 2,
            "15": 2,
            "16": 2,
            "17": 2,
            "18": 2,
            "19": 1.4,
            "20": 1.5,
            "21": 2,
            "22": 2,
            "23": 6,
            "24": 2,
            "25": 2,
            "26": 2
        },
        "10": {
            "1": 1.6666666666666667,
            "2": 1.6666666666666667,
            "3": 3,
            "4": 2,
            "5": 2,
            "6": 1.6666666666666667,
            "7": 2,
            "8": 2,
            "9": 1.6666666666666667,
            "11": 1.4,
            "12": 3.3333333333333335,
            "13": 1.6666666666666667,
            "14": 1.6666666666666667,
            "15": 2,
            "16": 4.5,
            "17": 2,
            "18": 4,
            "19": 1.4,
            "20": 1.5,
            "21": 1.6666666666666667,
            "22": 1.6666666666666667,
            "23": 2.5,
            "24": 3.5,
            "25": 2,
            "26": 1.6666666666666667
        },
        "11": {
            "1": 4.5,
            "2": 3.5,
            "3": 4,
            "4": 4.5,
            "5": 2,
            "6": 2,
            "7": 3,
            "8": 4.5,
            "9": 4,
            "10": 3,
            "12": 8,
            "13": 2,
            "14": 3,
            "15": 3,
            "16": 3.5,
            "17": 4.5,
            "18": 3.5,
            "19": 1.4,
            "20": 2.4,
            "21": 3,
            "22": 3,
            "23": 4.5,
            "24": 3,
            "25": 3,
            "26": 4
        },
        "12": {
            "1": 1.25,
            "2": 1.25,
            "3": 1.5,
            "4": 1.25,
            "5": 1.25,
            "6": 1.25,