{
    "Ranking": "13 > 11 > 9 > 20 > 19 > 7 > 6 > 10 > 25 > 3 > 21 > 26 > 12 > 22 > 24 > 5 > 14 > 1 > 15 > 8 > 16 > 2 > 4 > 18 > 17 > 23",
    "Number Of Seats": 2,
    "Stats": {
        "13": 22.357857143,
        "11": 21.78474026,
        "9": 21.048784549,
        "20": 20.644496204,
        "19": 14.104925147,
        "7": 9.800164601,
        "6": 9.150291783,
        "10": 9.104656863,
        "25": 8.873954451,
        "3": 8.164601903,
        "21": 8.15,
        "26": 7.269022644,
        "12": 7.132701449,
        "22": 6.921843434,
        "24": 6.346239083,
        "5": 5.747161172,
        "14": 5.231717302,
        "1": 5.15952381,
        "15": 5.079038505,
        "8": 4.653899287,
        "16": 4.548845599,
        "2": 4.501262626,
        "4": 4.400829726,
        "18": 3.985032745,
        "17": 2.762552214,
        "23": 1.44610984
    }
}