{
    "Ranking": "13 > 11 > 9 > 20 > 19 > 7 > 6 > 10 > 25 > 3 > 21 > 26 > 12 > 22 > 24 > 5 > 14 > 1 > 15 > 8 > 16 > 2 > 4 > 18 > 17 > 23",
    "Number Of Seats": 2,
    "Stats": {
        "13": 22.35785714285714,
        "11": 21.784740259740254,
        "9": 21.048784548784546,
        "20": 20.64449620427881,
        "19": 14.104925147316452,
        "7": 9.80016460148039,
        "6": 9.150291783380018,
        "10": 9.104656862745095,
        "25": 8.873954451345755,
        "3": 8.164601903308997,
        "21": 8.15,
        "26": 7.269022644022644,
        "12": 7.13270144887792,
        "22": 6.921843434343434,
        "24": 6.346239082554871,
        "5": 5.747161172161173,
        "14": 5.231717302305537,
        "1": 5.15952380952381,
        "15": 5.079038505354295,
        "8": 4.653899286987522,
        "16": 4.548845598845599,
        "2": 4.501262626262625,
        "4": 4.400829725829727,
        "18": 3.9850327450327456,
        "17": 2.762552213868003,
        "23": 1.4461098398169336
    }
}