{
    "Ranking": "1 > 16 > 7 > 17 > 9 > 2 = 4 > 19 > 13 > 3 > 12 > 5 = 8 = 11 > 10 > 14 > 15 > 6 > 18",
    "Number Of Seats": 3,
    "Stats": {
        "1": {
            "2": 1.7142857142857142,
            "3": 2,
            "4": 2.3333333333333335,
            "5": 2.3333333333333335,
            "6": 2,
            "7": 1.7142857142857142,
            "8": 3,
            "9": 1.6666666666666667,
            "10": 2,
            "11": 3.3333333333333335,
            "12": 2,
            "13": 2,
            "14": 2,
            "15": 5,
            "16": 1.6666666666666667,
            "17": 1.6666666666666667,
            "18": 3,
            "19": 1.75
        },
        "2": {
            "1": 1.25,
            "3": 2.5,
            "4": 1.6666666666666667,
            "5": 2.5,
            "6": 2.5,
            "7": 1.625,
            "8": 1.75,
            "9": 1.6666666666666667,
            "10": 2.5,
            "11": 3,
            "12": 2.5,
            "13": 3,
            "14": 2,
            "15": 3,
            "16": 1.6,
            "17": 1.6666666666666667,
            "18": 2.5,
            "19": 1.75
        },
        "3": {
            "1": 1.25,
            "2": 1.6666666666666667,
            "4": 1.6666666666666667,
            "5": 2.5,
            "6": 3,
            "7": 1.625,
            "8": 1.75,
            "9": 1.6666666666666667,
            "10": 2.6666666666666665,
            "11": 2,
            "12": 4,
            "13": 2,
            "14": 2,
            "15": 2,
            "16": 1.6,
            "17": 1.6666666666666667,
            "18": 2.5,
            "19": 1.75
        },
        "4": {
            "1": 1.25,
            "2": 1.6666666666666667,
            "3": 2,
            "5": 2,
            "6": 2,
            "7": 1.625,
            "8": 2,
            "9": 1.6666666666666667,
            "10": 2,
            "11": 2,
            "12": 2,
            "13": 2,
            "14": 2,
            "15": 2,
            "16": 1.6,
            "17": 1.6666666666666667,
            "18": 2,
            "19": 1.75
        },
        "5": {
            "1": 1.25,
            "2": 1.6666666666666667,
            "3": 1.6666666666666667,
            "4": 1.6666666666666667,
            "6": 2,
            "7": 1.625,
            "8": 1.6666666666666667,
            "9": 1.6666666666666667,
            "10": 1.6666666666666667,
            "11": 1.6666666666666667,
            "12": 1.6666666666666667,
            "13": 1.6666666666666667,
            "14": 1.6666666666666667,
            "15": 1.6666666666666667,
            "16": 1.6,
            "17": 1.6666666666666667,
            "18": 3,
            "19": 1.6666666666666667
        },
        "6": {
            "1": 1.25,
            "2": 1.5,
            "3": 1.5,
            "4": 1.5,
            "5": 1.5,
            "7": 1.5,
            "8": 1.5,
            "9": 1.5,
            "10": 1.5,
            "11": 1.5,
            "12": 1.5,
            "13": 1.5,
            "14": 1.5,
            "15": 1.5,
            "16": 1.5,
            "17": 1.5,
            "18": 1.5,
            "19": 1.5
        },
        "7": {
            "1": 1.25,
            "2": 8,
            "3": 2.5,
            "4": 1.6666666666666667,
            "5": 2.5,
            "6": 2.5,
            "8": 2.5,
            "9": 1.6666666666666667,
            "10": 2.5,
            "11": 3,
            "12": 2.5,
            "13": 3,
            "14": 2.25,
            "15": 10,
            "16": 1.6,
            "17": 1.6666666666666667,
            "18": 2.5,
            "19": 2.25
        },
        "8": {
            "1": 1.25,
            "2": 1.6666666666666667,
            "3": 1.6666666666666667,
            "4": 1.6666666666666667,
            "5": 1.6666666666666667,
            "6": 2,
            "7": 1.625,
            "9": 1.6666666666666667,
            "10": 2,
            "11": 1.6666666666666667,
            "12": 1.6666666666666667,
            "13": 1.6666666666666667,
            "14": 2,
            "15": 2,
            "16": 1.6,
            "17": 1.6666666666666667,
            "18": 3.5,
            "19": 1.6666666666666667
        },
        "9": {
            "1": 1.25,
            "2": 2.5,
            "3": 5,
            "4": 2.5,
            "5": 2.5,
            "6": 3,
            "7": 1.625,
            "8": 6,
            "10": 8,
            "11": 3,
            "12": 4,
            "13": 2.5,
            "14": 3.5,
            "15": 3.3333333333333335,
            "16": 1.6,
            "17": 1.6666666666666667,
            "18": 7,
            "19": 1.75
        },
        "10": {
            "1": 1.25,
            "2": 1.6666666666666667,
            "3": 1.6666666666666667,
            "4": 1.6666666666666667,
            "5": 1.6666666666666667,
            "6": 2.3333333333333335,
            "7": 1.625,
            "8": 1.6666666666666667,
            "9": 1.6666666666666667,
            "11": 1.6666666666666667,
            "12": 1.6666666666666667,
            "13": 1.6666666666666667,
            "14": 2,
            "15": 2,
            "16": 1.6,
            "17": 1.6666666666666667,
            "18": 1.6666666666666667,
            "19": 1.6666666666666667
        },
        "11": {
            "1": 1.25,
            "2": 1.6666666666666667,
            "3": 1.6666666666666667,
            "4": 1.6666666666666667,
            "5": 1.6666666666666667,
            "6": 1.6666666666666667,
            "7": 1.625,
            "8": 1.6666666666666667,
            "9": 1.6666666666666667,
            "10": 1.6666666666666667,
            "12": 1.6666666666666667,
            "13": 1.6666666666666667,
            "14": 2,
            "15": 2,
            "16": 1.6,
            "17": 1.6666666666666667,
            "18": 1.6666666666666667,
            "19": 1.6666666666666667
        },
        "12": {
            "1": 1.25,
            "2": 1.6666666666666667,
            "3": 2,
            "4": 1.6666666666666667,
            "5": 2,
            "6": 2,
            "7": 1.625,
            "8": 1.75,
            "9": 1.6666666666666667,
            "10": 2,
            "11": 2,
            "13": 2,
            "14": 2,
            "15": 2,
            "16": 1.6,
            "17": 1.6666666666666667,
            "18": 2,
            "19": 1.75
        },
        "13": {
            "1": 1.25,
            "2": 1.6666666666666667,
            "3": 2.5,
            "4": 1.6666666666666667,
            "5": 2.5,
            "6": 2.5,
            "7": 1.625,
            "8": 1.75,
            "9": 1.6666666666666667,
            "10": 2.5,
            "11": 2,
            "12": 2.5,
            "14": 2,
            "15": 5,
            "16": 1.6,
            "17": 1.6666666666666667,
            "18": 2.5,
            "19": 1.75
        },
        "14": {
            "1": 1.25,
            "2": 1.6666666666666667,
            "3": 1.6666666666666667,
            "4": 1.6666666666666667,
            "5": 1.6666666666666667,
            "6": 1.6666666666666667,
            "7": 1.625,
            "8": 1.6666666666666667,
            "9": 1.6666666666666667,
            "10": 1.6666666666666667,
            "11": 1.6666666666666667,
            "12": 1.6666666666666667,
            "13": 1.6666666666666667,
            "15": 3.3333333333333335,
            "16": 1.6,
            "17": 1.6666666666666667,
            "18": 1.6666666666666667,
            "19": 1.6666666666666667
        },
        "15": {
            "1": 1.25,
            "2": 1.6666666666666667,
            "3": 1.6666666666666667,
            "4": 1.6666666666666667,
            "5": 1.6666666666666667,
            "6": 1.6666666666666667,
            "7": 1.625,
            "8": 1.6666666666666667,
            "9": 1.6666666666666667,
            "10": 1.6666666666666667,
            "11": 1.6666666666666667,
            "12": 1.6666666666666667,