{
    "Ranking": "14 > 16 > 13 > 1 > 7 > 17 > 6 > 4 > 9 > 18 > 19 > 12 > 15 > 2 > 10 > 11 > 3 > 8 > 5",
    "Number Of Seats": 3,
    "Stats": {
        "14": 17.110851648,
        "16": 16.725631313,
        "13": 15.561937083,
        "1": 15.01984127,
        "7": 13.544444444,
        "17": 11.822712418,
        "6": 10.907211253,
        "4": 9.084498834,
        "9": 7.994444444,
        "18": 7.894678932,
        "19": 7.142099567,
        "12": 7.040508511,
        "15": 5.535702614,
        "2": 5.126190476,
        "10": 4.982911533,
        "11": 4.750169683,
        "3": 4.587034208,
        "8": 3.555194805,
        "5": 3.493452381
    }
}