{
    "Ranking": "4 > 3 > 2 > 1",
    "Number Of Seats": 1,
    "Stats": {
        "4": 19.333333333,
        "3": 14.666666667,
        "2": 8.333333333,
        "1": 4.5
    }
}