{
    "Ranking": "H > C > J > A > D > M > L > G > I > B > E > F > K",
    "Number Of Seats": 3,
    "Stats": {
        "H": 256.22235819735823,
        "C": 191.3288239538242,
        "J": 131.60074647574652,
        "A": 124.1707930957931,
        "D": 105.61704684204688,
        "M": 100.88835331335338,
        "L": 94.89595682095695,
        "G": 81.34447496947512,
        "I": 68.10024975024989,
        "B": 61.680308580308676,
        "E": 54.326445776445944,
        "F": 53.43812853812876,
        "K": 33.76573981573981
    }
}