{
    "Ranking": "H > C > J > A > L > M > D > G > I > B > K > E > F",
    "Number Of Seats": 3,
    "Stats": {
        "A": {
            "B": 1.4871794871794872,
            "C": 0,
            "D": 1.0495049504950495,
            "E": 1.6956521739130435,
            "F": 1.878787878787879,
            "G": 1.1938775510204083,
            "H": 0,
            "I": 1.2134831460674158,
            "J": 0,
            "K": 1.88135593220339,
            "L": 1.029126213592233,
            "M": 1.0188679245283019
        },
        "B": {
            "A": 0,
            "C": 0,
            "D": 0,
            "E": 1.1975308641975309,
            "F": 1.1829268292682926,
            "G": 0,
            "H": 0,
            "I": 0,
            "J": 0,
            "K": 1.6363636363636365,
            "L": 0,
            "M": 0
        },
        "C": {
            "A": 1.5157894736842106,
            "B": 2.0634920634920637,
            "D": 1.7555555555555555,
            "E": 2.310344827586207,
            "F": 2.6226415094339623,
            "G": 2.2142857142857144,
            "H": 0,
            "I": 2.085714285714286,
            "J": 1.6181818181818182,
            "K": 2.4791666666666665,
            "L": 1.8888888888888888,
            "M": 1.901098901098901
        },
        "D": {
            "A": 0,
            "B": 1.2771084337349397,
            "C": 0,
            "E": 1.7878787878787878,
            "F": 1.356164383561644,
            "G": 1.0097087378640777,
            "H": 0,
            "I": 1.1685393258426966,
            "J": 0,
            "K": 2.230769230769231,
            "L": 0,
            "M": 0
        },
        "E": {
            "A": 0,
            "B": 0,
            "C": 0,
            "D": 0,
            "F": 1.0459770114942528,
            "G": 0,
            "H": 0,
            "I": 0,
            "J": 0,
            "K": 0,
            "L": 0,
            "M": 0
        },
        "F": {
            "A": 0,
            "B": 0,
            "C": 0,
            "D": 0,
            "E": 0,
            "G": 0,
            "H": 0,
            "I": 0,
            "J": 0,
            "K": 0,
            "L": 0,
            "M": 0
        },
        "G": {
            "A": 0,
            "B": 1.3703703703703705,
            "C": 0,
            "D": 0,
            "E": 1.5205479452054795,
            "F": 2.327272727272727,
            "H": 0,
            "I": 1.1195652173913044,
            "J": 0,
            "K": 1.5588235294117647,
            "L": 0,
            "M": 0
        },
        "H": {
            "A": 1.891566265060241,
            "B": 2.543859649122807,
            "C": 1.38,
            "D": 2.13953488372093,
            "E": 2.69811320754717,
            "F": 3.511627906976744,
            "G": 2.523076923076923,
            "I": 2.5238095238095237,
            "J": 2.1515151515151514,
            "K": 3.6052631578947367,
            "L": 2.210526315789474,
            "M": 2.4743589743589745
        },
        "I": {
            "A": 0,
            "B": 1.6428571428571428,
            "C": 0,
            "D": 0,
            "E": 1.2763157894736843,
            "F": 1.5507246376811594,
            "G": 0,
            "H": 0,
            "J": 0,
            "K": 1.7704918032786885,
            "L": 0,
            "M": 0
        },
        "J": {
            "A": 1.375,
            "B": 1.8955223880597014,
            "C": 0,
            "D": 1.205607476635514,
            "E": 1.8870967741935485,
            "F": 1.8688524590163935,
            "G": 1.575,
            "H": 0,
            "I": 1.5476190476190477,
            "K": 2.617021276595745,
            "L": 1.3157894736842106,
            "M": 1.1121495327102804
        },
        "K": {
            "A": 0,
            "B": 0,
            "C": 0,
            "D": 0,
            "E": 1.0121951219512195,
            "F": 1.075,
            "G": 0,
            "H": 0,
            "I": 0,
            "J": 0,
            "L": 0,
            "M": 0
        },
        "L": {
            "A": 1.0097087378640777,
            "B": 1.7222222222222223,
            "C": 0,
            "D": 1.1030927835051547,
            "E": 1.791044776119403,
            "F": 2.4716981132075473,
            "G": 1.2795698924731183,
            "H": 0,
            "I": 1.2365591397849462,
            "J": 0,
            "K": 2.3076923076923075,
            "M": 1.0188679245283019
        },
        "M": {
            "A": 1.0097087378640777,
            "B": 1.5694444444444444,
            "C": 0,
            "D": 1.09,
            "E": 1.878787878787879,
            "F": 2.1578947368421053,
            "G": 1.3253012048192772,
            "H": 0,
            "I": 1.247191011235955,
            "J": 0,
            "K": 2,
            "L": 1.0097087378640777
        }
    }
}