{
    "Ranking": "Neil McGovern > Mehdi Dogguy > Gergely Nagy > None Of The Above",
    "Number Of Seats": 1,
    "Stats": {
        "Neil McGovern": 266.52083333333337,
        "Mehdi Dogguy": 223.11805555555557,
        "Gergely Nagy": 140.2430555555555,
        "None Of The Above": 105.53472222222217
    }
}