{
    "Ranking": "1 > 3 > 2 > 4",
    "Number Of Seats": 1,
    "Stats": {
        "1": 62.50000000000003,
        "3": 45.500000000000014,
        "2": 39.499999999999986,
        "4": 37.83333333333334
    }
}