{
    "Ranking": "1 > 3 > 2 > 4",
    "Number Of Seats": 1,
    "Stats": {
        "1": {
            "2": 1.5,
            "3": 1.8421052631578947,
            "4": 1.4666666666666666
        },
        "2": {
            "1": 0,
            "3": 0,
            "4": 1.4545454545454546
        },
        "3": {
            "1": 0,
            "2": 1.4210526315789473,
            "4": 1.4666666666666666
        },
        "4": {
            "1": 0,
            "2": 0,
            "3": 0
        }
    }
}