{
    "Ranking": "1 > 3 > 2 > 4",
    "Number Of Seats": 1,
    "Stats": {
        "1": 71.75000000000003,
        "3": 58.62500000000003,
        "2": 55.08333333333335,
        "4": 54.12500000000003
    }
}