{
    "Ranking": "1 > 3 > 2 > 4",
    "Number Of Seats": 1,
    "Stats": {
        "1": {
            "2": 1.7837837837837838,
            "3": 1.6666666666666667,
            "4": 1.75
        },
        "2": {
            "1": 0,
            "3": 0,
            "4": 1.2325581395348837
        },
        "3": {
            "1": 0,
            "2": 1.4864864864864864,
            "4": 1.5945945945945945
        },
        "4": {
            "1": 0,
            "2": 0,
            "3": 0
        }
    }
}