{
    "Ranking": "5 > 2 > 3 > 4 > 7 > 1 > 6",
    "Number Of Seats": 3,
    "Stats": {
        "1": {
            "5": 80.142857143,
            "2": 50.142857143,
            "3": 44.142857143,
            "4": 32.142857143,
            "7": 29.142857143,
            "1": 25.142857143,
            "6": 16.142857143
        }
    }
}