{
    "Ranking": "5 > 2 > 3 > 7 > 4 > 1 > 6",
    "Number Of Seats": 3,
    "Stats": {
        "5": 142.191043084,
        "2": 117.639971655,
        "3": 102.357154195,
        "7": 101.490844671,
        "4": 93.614058957,
        "1": 87.795090703,
        "6": 73.133265306
    }
}