{
    "Ranking": "5 > 2 > 3 > 7 > 4 > 1 > 6",
    "Number Of Seats": 3,
    "Stats": {
        "5": 142.19104308390024,
        "2": 117.63997165532875,
        "3": 102.35715419501139,
        "7": 101.49084467120166,
        "4": 93.61405895691601,
        "1": 87.7950907029478,
        "6": 73.1332653061227
    }
}