{
    "Ranking": "5 > 2 > 3 > 4 > 7 > 1 > 6",
    "Number Of Seats": 3,
    "Stats": {
        "1": {
            "5": 80.14285714285714,
            "2": 50.142857142857146,
            "3": 44.142857142857146,
            "4": 32.142857142857146,
            "7": 29.142857142857142,
            "1": 25.142857142857142,
            "6": 16.142857142857142
        }
    }
}