{
    "Ranking": "5 > 2 > 7 > 3 > 4 > 1 > 6",
    "Number Of Seats": 3,
    "Stats": {
        "1": {
            "2": 0,
            "3": 0,
            "4": 0,
            "5": 0,
            "6": 1.5204081632653061,
            "7": 0
        },
        "2": {
            "1": 2.0481927710843375,
            "3": 1.5858585858585859,
            "4": 1.694736842105263,
            "5": 0,
            "6": 2.921875,
            "7": 1.3364485981308412
        },
        "3": {
            "1": 1.2545454545454546,
            "2": 0,
            "4": 1.3773584905660377,
            "5": 0,
            "6": 2.6323529411764706,
            "7": 0
        },
        "4": {
            "1": 1.1016949152542372,
            "2": 0,
            "3": 0,
            "5": 0,
            "6": 1.8837209302325582,
            "7": 0
        },
        "5": {
            "1": 2.5753424657534247,
            "2": 1.4757281553398058,
            "3": 2.0344827586206895,
            "4": 2.144578313253012,
            "6": 3.126984126984127,
            "7": 1.7052631578947368
        },
        "6": {
            "1": 0,
            "2": 0,
            "3": 0,
            "4": 0,
            "5": 0,
            "7": 0
        },
        "7": {
            "1": 1.5858585858585859,
            "2": 0,
            "3": 1.3333333333333333,
            "4": 1.3333333333333333,
            "5": 0,
            "6": 2.1097560975609757
        }
    }
}