{
    "Ranking": "9 > 11 > 1 > 6 > 3 > 5 > 2 > 8 > 13 > 7 > 4 > 10 > 14 > 12",
    "Number Of Seats": 2,
    "Stats": {
        "9": 17.866666667,
        "11": 11,
        "1": 10.153968254,
        "6": 8.735714286,
        "3": 7.218589744,
        "5": 7.048484848,
        "2": 6.65,
        "8": 4.30515873,
        "13": 3.687276612,
        "7": 3.607575758,
        "4": 3.183333333,
        "10": 3.133333333,
        "14": 2.693589744,
        "12": 2.007081807
    }
}