{
    "Ranking": "9 > 1 > 4 > 6 > 5 > 10",
    "Number Of Seats": 5,
    "Stats": {
        "votes_needed_to_win": 51,
        "rounds": {
            "1": {
                "9": 64,
                "1": 41,
                "10": 32,
                "6": 30,
                "4": 28,
                "8": 28,
                "3": 26,
                "5": 25,
                "7": 21,
                "2": 7
            },
            "2": {
                "1": 41.40625,
                "10": 34.03125,
                "6": 31.828125,
                "4": 29.828125,
                "8": 29.015625,
                "5": 27.640625,
                "3": 27.625,
                "7": 22.21875,
                "2": 7.40625
            },
            "3": {
                "1": 43.40625,
                "10": 34.03125,
                "6": 31.828125,
                "4": 30.828125,
                "8": 30.21875,
                "3": 28.828125,
                "5": 28.640625,
                "7": 23.21875
            },
            "4": {
                "1": 50.015625,
                "10": 38.03125,
                "6": 34.828125,
                "4": 32.03125,
                "5": 31.84375,
                "3": 31.03125,
                "8": 30.21875
            },
            "5": {
                "1": 57.015625,
                "10": 41.03125,
                "6": 38.828125,
                "4": 38.234375,
                "3": 35.4375,
                "5": 34.25
            },
            "6": {
                "6": 44.231142086,
                "10": 42.136758358,
                "4": 39.656408432,
                "5": 39.613716938,
                "3": 36.96504179
            },
            "7": {
                "4": 52.988558506,
                "6": 50.434267086,
                "5": 50.125475296,
                "10": 47.543008358
            },
            "8": {
                "6": 57.848549167,
                "5": 55.749958238,
                "10": 52.979333877
            }
        }
    }
}