{
    "Ranking": "2 > 3 > 1",
    "Number Of Seats": 1,
    "Stats": {
        "1": {
            "2": 0,
            "3": 0
        },
        "2": {
            "1": 3.7027027027027026,
            "3": 4
        },
        "3": {
            "1": 1.2205882352941178,
            "2": 0
        }
    }
}