{
    "Ranking": "3 > 1 > 5 > 4 > 2",
    "Number Of Seats": 3,
    "Stats": {
        "3": 86.0541666666666,
        "1": 72.39305555555552,
        "5": 72.08750000000006,
        "4": 71.29166666666674,
        "2": 56.65694444444446
    }
}