{
    "Ranking": "3 > 1 > 5 > 4 > 2",
    "Number Of Seats": 3,
    "Stats": {
        "3": 86.054166667,
        "1": 72.393055556,
        "5": 72.0875,
        "4": 71.291666667,
        "2": 56.656944444
    }
}