{
    "Ranking": "3 > 5 > 1 > 4 > 2",
    "Number Of Seats": 3,
    "Stats": {
        "1": {
            "2": 1.7592592592592593,
            "3": 0,
            "4": 1.1857142857142857,
            "5": 0
        },
        "2": {
            "1": 0,
            "3": 0,
            "4": 0,
            "5": 0
        },
        "3": {
            "1": 1.2608695652173914,
            "2": 2.019607843137255,
            "4": 1.5081967213114753,
            "5": 1.5666666666666667
        },
        "4": {
            "1": 0,
            "2": 2.1914893617021276,
            "3": 0,
            "5": 0
        },
        "5": {
            "1": 1.2352941176470589,
            "2": 2.04,
            "3": 0,
            "4": 1.1857142857142857
        }
    }
}