{
    "Ranking": "4 > 2 > 6 > 5 > 3 > 10 > 7 > 8 > 1 > 9",
    "Number Of Seats": 9,
    "Stats": {
        "4": 363.071571869,
        "2": 334.011346529,
        "6": 325.025941358,
        "5": 321.232399376,
        "3": 281.461503055,
        "10": 253.207470238,
        "7": 229.556871063,
        "8": 226.822235135,
        "1": 196.383522298,
        "9": 172.664837491
    }
}