{
    "Ranking": "2 > 5 > 4 > 6 > 3 > 10 > 7 > 8 > 1 > 9",
    "Number Of Seats": 9,
    "Stats": {
        "votes_needed_to_win": 93,
        "rounds": {
            "1": {
                "2": 177,
                "5": 145,
                "4": 143,
                "6": 118,
                "3": 96,
                "8": 73,
                "10": 61,
                "7": 54,
                "1": 31,
                "9": 25
            },
            "2": {
                "10": 118.608624597932,
                "7": 104.0526592125,
                "8": 102.662980692598,
                "1": 83.652940659574,
                "9": 38.328414072047
            },
            "3": {
                "1": 126.984161601689,
                "9": 125.146279002946
            }
        }
    }
}