{
    "Ranking": "4 > 2 > 6 > 5 > 3 > 10 > 7 > 8 > 1 > 9",
    "Number Of Seats": 9,
    "Stats": {
        "4": 363.0715718694877,
        "2": 334.0113465293527,
        "6": 325.02594135802417,
        "5": 321.2323993764173,
        "3": 281.46150305492444,
        "10": 253.20747023809517,
        "7": 229.556871063239,
        "8": 226.82223513479414,
        "1": 196.3835222978072,
        "9": 172.66483749055146
    }
}