{
    "Ranking": "4 > 6 > 2 > 5 > 3 > 10 > 7 > 8 > 9 > 1",
    "Number Of Seats": 9,
    "Stats": {
        "1": {
            "2": 0,
            "3": 0,
            "4": 0,
            "5": 0,
            "6": 0,
            "7": 0,
            "8": 0,
            "9": 0,
            "10": 0
        },
        "2": {
            "1": 2.728506787330317,
            "3": 1.0380952380952382,
            "4": 0,
            "5": 1.0261282660332542,
            "6": 0,
            "7": 1.2230971128608923,
            "8": 1.9686411149825784,
            "9": 2.39917695473251,
            "10": 1.0380952380952382
        },
        "3": {
            "1": 2.2559055118110236,
            "2": 0,
            "4": 0,
            "5": 0,
            "6": 0,
            "7": 1.465045592705167,
            "8": 1.840677966101695,
            "9": 2.646788990825688,
            "10": 1.0796019900497513
        },
        "4": {
            "1": 3.373134328358209,
            "2": 1.542857142857143,
            "3": 1.6566265060240963,
            "5": 1.6331360946745561,
            "6": 1.2916666666666667,
            "7": 2.675213675213675,
            "8": 3.060185185185185,
            "9": 4.506410256410256,
            "10": 1.8790849673202614
        },
        "5": {
            "1": 2.705607476635514,
            "2": 0,
            "3": 1.0140845070422535,
            "4": 0,
            "6": 0,
            "7": 1.272,
            "8": 1.8847457627118644,
            "9": 2.1839080459770117,
            "10": 1.1146341463414635
        },
        "6": {
            "1": 2.467479674796748,
            "2": 1.1954314720812182,
            "3": 1.3646723646723646,
            "4": 0,
            "5": 1.2095959595959596,
            "7": 2.2857142857142856,
            "8": 2.359375,
            "9": 3.9938650306748467,
            "10": 1.6191950464396285
        },
        "7": {
            "1": 1.7066666666666668,
            "2": 0,
            "3": 0,
            "4": 0,
            "5": 0,
            "6": 0,
            "8": 1.6401273885350318,
            "9": 2.1728395061728394,
            "10": 0
        },
        "8": {
            "1": 1.2222222222222223,
            "2": 0,
            "3": 0,
            "4": 0,
            "5": 0,
            "6": 0,
            "7": 0,
            "9": 1.0759162303664922,
            "10": 0
        },
        "9": {
            "1": 1.1864406779661016,
            "2": 0,
            "3": 0,
            "4": 0,
            "5": 0,
            "6": 0,
            "7": 0,
            "8": 0,
            "10": 0
        },
        "10": {
            "1": 1.9612676056338028,
            "2": 0,
            "3": 0,
            "4": 0,
            "5": 0,
            "6": 0,
            "7": 1.2371967654986522,
            "8": 1.8184818481848184,
            "9": 2.418410041841004
        }
    }
}