{
    "Ranking": "6 > 5 > 4 > 2 > 1 > 3",
    "Number Of Seats": 4,
    "Stats": {
        "1": {
            "2": 1.1666666666666667,
            "3": 2.5,
            "4": 1.1666666666666667,
            "5": 1.1111111111111112,
            "6": 0
        },
        "2": {
            "1": 1.6,
            "3": 3.066666666666667,
            "4": 1.1666666666666667,
            "5": 1.1111111111111112,
            "6": 0
        },
        "3": {
            "1": 0,
            "2": 0,
            "4": 0,
            "5": 0,
            "6": 0
        },
        "4": {
            "1": 1.6,
            "2": 3.1176470588235294,
            "3": 5.333333333333333,
            "5": 1.1111111111111112,
            "6": 0
        },
        "5": {
            "1": 2,
            "2": 2.75,
            "3": 2.75,
            "4": 1.1666666666666667,
            "6": 0
        },
        "6": {
            "1": 2.4,
            "2": 8.5,
            "3": 9.125,
            "4": 2.357142857142857,
            "5": 1.1111111111111112
        }
    }
}