{
    "Ranking": "6 > 4 > 5 > 2 > 3 > 1",
    "Number Of Seats": 4,
    "Stats": {
        "6": 127.61666666666665,
        "4": 62.750000000000014,
        "5": 40.91666666666667,
        "2": 37.24999999999998,
        "3": 30.166666666666657,
        "1": 10.783333333333335
    }
}