{
    "Ranking": "6 > 4 > 2 > 3",
    "Number Of Seats": 4,
    "Stats": {
        "votes_needed_to_win": 39,
        "rounds": {
            "1": {
                "6": 110,
                "5": 34,
                "4": 27,
                "2": 11,
                "3": 5,
                "1": 4
            },
            "2": {
                "4": 58.627272727273,
                "5": 35.290909090909,
                "2": 15.518181818182,
                "3": 12.1,
                "1": 7.872727272727
            },
            "3": {
                "2": 41.408683516824,
                "5": 37.896833899547,
                "3": 18.985752547964,
                "1": 7.872727272727
            },
            "4": {
                "3": 43.032121104637,
                "5": 38.129508141977,
                "1": 9.891366096519
            }
        }
    }
}