{
    "Ranking": "9 > 1 > 5 > 3 > 4 > 10 > 6 > 8 > 2 > 7",
    "Number Of Seats": 5,
    "Stats": {
        "1": {
            "2": 1.55,
            "3": 1.368421052631579,
            "4": 1.368421052631579,
            "5": 1.375,
            "6": 1.3061224489795917,
            "7": 1.6363636363636365,
            "8": 1.26,
            "9": 0,
            "10": 1.26
        },
        "2": {
            "1": 0,
            "3": 0,
            "4": 0,
            "5": 0,
            "6": 0,
            "7": 1.0588235294117647,
            "8": 0,
            "9": 0,
            "10": 0
        },
        "3": {
            "1": 1.02,
            "2": 1.3061224489795917,
            "4": 1.4761904761904763,
            "5": 1.0740740740740742,
            "6": 1.3061224489795917,
            "7": 1.4615384615384615,
            "8": 1.26,
            "9": 0,
            "10": 1.26
        },
        "4": {
            "1": 1.02,
            "2": 1.3061224489795917,
            "3": 1.0869565217391304,
            "5": 1.0740740740740742,
            "6": 1.3061224489795917,
            "7": 1.3061224489795917,
            "8": 1.26,
            "9": 0,
            "10": 1.26
        },
        "5": {
            "1": 1.02,
            "2": 1.3409090909090908,
            "3": 1.127659574468085,
            "4": 1.127659574468085,
            "6": 1.127659574468085,
            "7": 1.5952380952380953,
            "8": 1.25,
            "9": 0,
            "10": 1.2291666666666667
        },
        "6": {
            "1": 1.02,
            "2": 1.9189189189189189,
            "3": 1.0701754385964912,
            "4": 1.0701754385964912,
            "5": 1.0701754385964912,
            "7": 1.4166666666666667,
            "8": 1.0714285714285714,
            "9": 0,
            "10": 1.0701754385964912
        },
        "7": {
            "1": 0,
            "2": 0,
            "3": 0,
            "4": 0,
            "5": 0,
            "6": 0,
            "8": 0,
            "9": 0,
            "10": 0
        },
        "8": {
            "1": 0,
            "2": 1.3488372093023255,
            "3": 0,
            "4": 0,
            "5": 0,
            "6": 0,
            "7": 1.1730769230769231,
            "9": 0,
            "10": 0
        },
        "9": {
            "1": 1.0526315789473684,
            "2": 2.6296296296296298,
            "3": 2.21875,
            "4": 1.7333333333333334,
            "5": 1.7045454545454546,
            "6": 1.6595744680851063,
            "7": 2.108108108108108,
            "8": 1.7560975609756098,
            "10": 2.2058823529411766
        },
        "10": {
            "1": 1.02,
            "2": 1.4324324324324325,
            "3": 1.0869565217391304,
            "4": 1.0869565217391304,
            "5": 1.0740740740740742,
            "6": 1.0869565217391304,
            "7": 1.2291666666666667,
            "8": 1.5476190476190477,
            "9": 0
        }
    }
}