{
    "Ranking": "9 > 1 > 6 > 5 > 10 > 4 > 8 > 7 > 3 > 2",
    "Number Of Seats": 5,
    "Stats": {
        "9": 104.06031746031746,
        "1": 83.17063492063497,
        "6": 75.74444444444447,
        "5": 71.14920634920638,
        "10": 69.5801587301587,
        "4": 67.30873015873026,
        "8": 64.7051587301588,
        "7": 57.956746031746114,
        "3": 57.21190476190484,
        "2": 41.936111111111124
    }
}