{
    "Ranking": "9 > 1 > 6 > 5 > 10 > 4 > 8 > 7 > 3 > 2",
    "Number Of Seats": 5,
    "Stats": {
        "9": 104.06031746,
        "1": 83.170634921,
        "6": 75.744444444,
        "5": 71.149206349,
        "10": 69.58015873,
        "4": 67.308730159,
        "8": 64.70515873,
        "7": 57.956746032,
        "3": 57.211904762,
        "2": 41.936111111
    }
}