{
    "Ranking": "A > D > C > B",
    "Number Of Seats": 2,
    "Stats": {
        "A": 327.74999999999966,
        "D": 316.5972222222219,
        "C": 288.97222222222206,
        "B": 272.93055555555543
    }
}