{
    "Ranking": "A > D > C > B",
    "Number Of Seats": 2,
    "Stats": {
        "A": 327.75,
        "D": 316.597222222,
        "C": 288.972222222,
        "B": 272.930555556
    }
}