{
    "Ranking": "A > D > C > B",
    "Number Of Seats": 2,
    "Stats": {
        "A": {
            "B": 1.5935828877005347,
            "C": 1.2044444444444444,
            "D": 1.0317460317460319
        },
        "B": {
            "A": 0,
            "C": 0,
            "D": 0
        },
        "C": {
            "A": 0,
            "B": 1.32,
            "D": 0
        },
        "D": {
            "A": 0,
            "B": 1.452127659574468,
            "C": 1.0794979079497908
        }
    }
}