{
    "Ranking": "1 > 3 > 13 > 5 > 4 > 11 > 7 > 6 > 12 > 9 > 16 > 8 > 15 > 2 > 10 > 14",
    "Number Of Seats": 7,
    "Stats": {
        "1": 365.311778852,
        "3": 247.50600976,
        "13": 214.881828022,
        "5": 192.73724737,
        "4": 173.394366942,
        "11": 172.869154835,
        "7": 167.329846896,
        "6": 141.326164108,
        "12": 131.356634437,
        "9": 120.094019623,
        "16": 119.978703289,
        "8": 115.814119386,
        "15": 109.927998471,
        "2": 104.599113915,
        "10": 104.156573922,
        "14": 94.831933011
    }
}