{
    "Ranking": "Candidate  1 > Candidate  9 > Candidate  3 > Candidate  8 > Candidate  4 > Candidate  2 > Candidate  7 > Candidate 10 > Candidate  6 > Candidate  5",
    "Number Of Seats": 3,
    "Stats": {
        "Candidate  1": 169.172222222,
        "Candidate  9": 124.506746032,
        "Candidate  3": 90.971825397,
        "Candidate  8": 84.061507937,
        "Candidate  4": 71.114285714,
        "Candidate  2": 66.144444444,
        "Candidate  7": 65.423015873,
        "Candidate 10": 44.496031746,
        "Candidate  6": 30.557936508,
        "Candidate  5": 23.076190476
    }
}