{
    "Ranking": "6 > 12 > 7 > 14 > 11 > 1 > 4 > 13 > 8 > 3 > 9 > 5 > 10 > 2",
    "Number Of Seats": 1,
    "Stats": {
        "1": {
            "2": 2.41025641025641,
            "3": 1.435483870967742,
            "4": 1.1342281879194631,
            "5": 1.8316831683168318,
            "6": 0,
            "7": 0,
            "8": 1.2027972027972027,
            "9": 1.5166666666666666,
            "10": 1.7207207207207207,
            "11": 0,
            "12": 0,
            "13": 1.1812080536912752,
            "14": 0
        },
        "2": {
            "1": 0,
            "3": 0,
            "4": 0,
            "5": 0,
            "6": 0,
            "7": 0,
            "8": 0,
            "9": 0,
            "10": 0,
            "11": 0,
            "12": 0,
            "13": 0,
            "14": 0
        },
        "3": {
            "1": 0,
            "2": 1.3689320388349515,
            "4": 0,
            "5": 1.3689320388349515,
            "6": 0,
            "7": 0,
            "8": 0,
            "9": 1.1639344262295082,
            "10": 1.3944954128440368,
            "11": 0,
            "12": 0,
            "13": 0,
            "14": 0
        },
        "4": {
            "1": 0,
            "2": 2.011764705882353,
            "3": 1.2595419847328244,
            "5": 1.5277777777777777,
            "6": 0,
            "7": 0,
            "8": 1.2769230769230768,
            "9": 1.3032786885245902,
            "10": 1.6761904761904762,
            "11": 0,
            "12": 0,
            "13": 1.1059602649006623,
            "14": 0
        },
        "5": {
            "1": 0,
            "2": 1.4,
            "3": 0,
            "4": 0,
            "6": 0,
            "7": 0,
            "8": 0,
            "9": 0,
            "10": 1.1293103448275863,
            "11": 0,
            "12": 0,
            "13": 0,
            "14": 0
        },
        "6": {
            "1": 2.675,
            "2": 5.4,
            "3": 3.43,
            "4": 2.9279279279279278,
            "5": 3.6595744680851063,
            "7": 1.6290322580645162,
            "8": 3.752688172043011,
            "9": 4.058139534883721,
            "10": 4.64935064935065,
            "11": 2.2550335570469797,
            "12": 1.0263157894736843,
            "13": 3.2018348623853212,
            "14": 1.891566265060241
        },
        "7": {
            "1": 1.8503401360544218,
            "2": 3.3448275862068964,
            "3": 2.427350427350427,
            "4": 2.2248062015503876,
            "5": 2.912621359223301,
            "6": 0,
            "8": 2.4227642276422765,
            "9": 2.7196261682242993,
            "10": 3.2717391304347827,
            "11": 1.6107784431137724,
            "12": 0,
            "13": 2.456896551724138,
            "14": 1.2549019607843137
        },
        "8": {
            "1": 0,
            "2": 1.6063829787234043,
            "3": 1.0888888888888888,
            "4": 0,
            "5": 1.3909090909090909,
            "6": 0,
            "7": 0,
            "9": 1.0888888888888888,
            "10": 1.75,
            "11": 0,
            "12": 0,
            "13": 0,
            "14": 0
        },
        "9": {
            "1": 0,
            "2": 1.5217391304347827,
            "3": 0,
            "4": 0,
            "5": 1.0593220338983051,
            "6": 0,
            "7": 0,
            "8": 0,
            "10": 1.3457943925233644,
            "11": 0,
            "12": 0,
            "13": 0,
            "14": 0
        },
        "10": {
            "1": 0,
            "2": 1.0642201834862386,
            "3": 0,
            "4": 0,
            "5": 0,
            "6": 0,
            "7": 0,
            "8": 0,
            "9": 0,
            "11": 0,
            "12": 0,
            "13": 0,
            "14": 0
        },
        "11": {
            "1": 1.2469879518072289,
            "2": 2.17,
            "3": 1.633587786259542,
            "4": 1.3660130718954249,
            "5": 2.1553398058252426,
            "6": 0,
            "7": 0,
            "8": 1.5955882352941178,
            "9": 1.7851239669421488,
            "10": 1.8416666666666666,
            "12": 0,
            "13": 1.6390977443609023,
            "14": 0
        },
        "12": {
            "1": 2.7560975609756095,
            "2": 4.8133333333333335,
            "3": 3.4901960784313726,
            "4": 2.6538461538461537,
            "5": 4.066666666666666,
            "6": 0,
            "7": 1.4356435643564356,
            "8": 3.1130434782608694,
            "9": 3.451923076923077,
            "10": 3.5445544554455446,
            "11": 2.152317880794702,
            "13": 4.5625,
            "14": 2.0632911392405062
        },
        "13": {
            "1": 0,
            "2": 1.5233644859813085,
            "3": 1.143884892086331,
            "4": 0,
            "5": 1.4166666666666667,
            "6": 0,
            "7": 0,
            "8": 1.026143790849673,
            "9": 1.2578125,
            "10": 1.3387096774193548,
            "11": 0,
            "12": 0,
            "14": 0
        },
        "14": {
            "1": 1.7801418439716312,
            "2": 3.268292682926829,
            "3": 2.280701754385965,
            "4": 1.776978417266187,
            "5": 2.7448979591836733,
            "6": 0,
            "7": 0,
            "8": 1.9083969465648856,
            "9": 2.1452991452991452,
            "10": 2.324324324324324,
            "11": 1.2324324324324325,
            "12": 0,
            "13": 1.7956204379562044
        }
    }
}