{
    "Ranking": "12 > 6 > 7 > 14 > 11 > 1 > 4 > 3 > 8 > 13 > 9 > 5 > 10 > 2",
    "Number Of Seats": 1,
    "Stats": {
        "12": 264.00711911,
        "6": 263.414932147,
        "7": 198.580494801,
        "14": 173.255022291,
        "11": 153.396557703,
        "1": 140.424399859,
        "4": 136.925084044,
        "3": 128.364752121,
        "8": 126.786500676,
        "13": 124.041656357,
        "9": 120.58952954,
        "5": 117.979466647,
        "10": 108.208273396,
        "2": 106.315158473
    }
}