{
    "Ranking": "A > B > C > D",
    "Number Of Seats": 2,
    "Stats": {
        "A": 122.666666667,
        "B": 115,
        "C": 113,
        "D": 86.833333333
    }
}