{
    "Ranking": "A > B > C > D",
    "Number Of Seats": 2,
    "Stats": {
        "A": {
            "B": 1.14,
            "C": 1.14,
            "D": 1.7407407407407407
        },
        "B": {
            "A": 1.1395348837209303,
            "C": 1.4,
            "D": 1.4
        },
        "C": {
            "A": 1.1395348837209303,
            "B": 1.1395348837209303,
            "D": 2
        },
        "D": {
            "A": 0,
            "B": 0,
            "C": 0
        }
    }
}