{
    "Ranking": "Bdale Garbee > Branden Robinson > Raphael Hertzog > None Of The Above",
    "Number Of Seats": 1,
    "Stats": {
        "Bdale Garbee": 331.11111111111103,
        "Branden Robinson": 262.02777777777817,
        "Raphael Hertzog": 235.08333333333388,
        "None Of The Above": 96.44444444444436
    }
}