{
    "Ranking": "Bdale Garbee > Branden Robinson > Raphael Hertzog > None Of The Above",
    "Number Of Seats": 1,
    "Stats": {
        "Bdale Garbee": 330.2499999999999,
        "Branden Robinson": 262.83333333333366,
        "Raphael Hertzog": 235.33333333333397,
        "None Of The Above": 96.24999999999991
    }
}