{
    "Ranking": "B > C > F > D > A > E",
    "Number Of Seats": 4,
    "Stats": {
        "B": 462.63166666666797,
        "C": 446.5930555555565,
        "F": 424.40222222222155,
        "D": 363.82472222222356,
        "A": 361.26138888889056,
        "E": 332.486944444447
    }
}