{
    "Ranking": "B > C > F > D > A > E",
    "Number Of Seats": 4,
    "Stats": {
        "B": 462.631666667,
        "C": 446.593055556,
        "F": 424.402222222,
        "D": 363.824722222,
        "A": 361.261388889,
        "E": 332.486944444
    }
}