{
    "Ranking": "C > B > F > A",
    "Number Of Seats": 4,
    "Stats": {
        "votes_needed_to_win": 196,
        "rounds": {
            "1": {
                "C": 249,
                "B": 214,
                "F": 179,
                "A": 127,
                "D": 116,
                "E": 91
            },
            "2": {
                "F": 199.214090004879,
                "A": 144.912209586008,
                "D": 127.655406673423,
                "E": 100.997222535
            },
            "3": {
                "A": 149.201132374945,
                "D": 137.645236607383,
                "E": 104.973379454219
            },
            "4": {
                "A": 197.958836847643,
                "D": 172.252390286259
            }
        }
    }
}