{
    "Ranking": "B > F > C > D > A > E",
    "Number Of Seats": 4,
    "Stats": {
        "A": {
            "B": 0,
            "C": 0,
            "D": 0,
            "E": 1.2,
            "F": 0
        },
        "B": {
            "A": 1.8344827586206895,
            "C": 1.3272251308900525,
            "D": 1.7047619047619047,
            "E": 2.207317073170732,
            "F": 1.1573849878934626
        },
        "C": {
            "A": 1.3757575757575757,
            "B": 0,
            "D": 1.2213333333333334,
            "E": 1.4875,
            "F": 0
        },
        "D": {
            "A": 1.0024875621890548,
            "B": 0,
            "C": 0,
            "E": 1.2058823529411764,
            "F": 0
        },
        "E": {
            "A": 0,
            "B": 0,
            "C": 0,
            "D": 0,
            "F": 0
        },
        "F": {
            "A": 1.430232558139535,
            "B": 0,
            "C": 1.0965346534653466,
            "D": 1.2772861356932153,
            "E": 1.6245954692556634
        }
    }
}