{
    "Ranking": "Bdale Garbee > Branden Robinson > Martin Michlmayr > Moshe Zadka > None Of The Above",
    "Number Of Seats": 1,
    "Stats": {
        "Bdale Garbee": 289.90000000000003,
        "Branden Robinson": 275.6000000000001,
        "Martin Michlmayr": 266.1500000000003,
        "Moshe Zadka": 110.33333333333348,
        "None Of The Above": 93.80000000000018
    }
}