{
    "Ranking": "Bdale Garbee > Branden Robinson > Martin Michlmayr > Moshe Zadka > None Of The Above",
    "Number Of Seats": 1,
    "Stats": {
        "Bdale Garbee": 282.9902777777779,
        "Branden Robinson": 275.7736111111112,
        "Martin Michlmayr": 274.75138888888904,
        "Moshe Zadka": 107.70694444444463,
        "None Of The Above": 94.56111111111129
    }
}