{
    "Ranking": "3 > 4 > 2 > 1 = 5 > 6 > 7 > 8 > 9",
    "Number Of Seats": 2,
    "Stats": {
        "1": {
            "2": 0,
            "3": 0,
            "4": 0,
            "5": 0,
            "6": 1.2380952380952381,
            "7": 2.8,
            "8": 1.3333333333333333,
            "9": 1.4444444444444444
        },
        "2": {
            "1": 1.2857142857142858,
            "3": 0,
            "4": 0,
            "5": 1.1282051282051282,
            "6": 2.4444444444444446,
            "7": 2,
            "8": 1.9583333333333333,
            "9": 1.8125
        },
        "3": {
            "1": 1.4545454545454546,
            "2": 1.6111111111111112,
            "4": 1.1538461538461537,
            "5": 1.6842105263157894,
            "6": 1.8148148148148149,
            "7": 2.7857142857142856,
            "8": 1.8148148148148149,
            "9": 1.8125
        },
        "4": {
            "1": 2.1818181818181817,
            "2": 1.4838709677419355,
            "3": 0,
            "5": 2.4,
            "6": 3.3333333333333335,
            "7": 4.857142857142857,
            "8": 2.823529411764706,
            "9": 3
        },
        "5": {
            "1": 0,
            "2": 0,
            "3": 0,
            "4": 0,
            "6": 2.3333333333333335,
            "7": 2.2,
            "8": 1.9583333333333333,
            "9": 1.826086956521739
        },
        "6": {
            "1": 0,
            "2": 0,
            "3": 0,
            "4": 0,
            "5": 0,
            "7": 1.1666666666666667,
            "8": 1.9583333333333333,
            "9": 1.8125
        },
        "7": {
            "1": 0,
            "2": 0,
            "3": 0,
            "4": 0,
            "5": 0,
            "6": 0,
            "8": 1.3333333333333333,
            "9": 1.3333333333333333
        },
        "8": {
            "1": 0,
            "2": 0,
            "3": 0,
            "4": 0,
            "5": 0,
            "6": 0,
            "7": 1.1666666666666667,
            "9": 1.8125
        },
        "9": {
            "1": 0,
            "2": 0,
            "3": 0,
            "4": 0,
            "5": 0,
            "6": 0,
            "7": 1.1666666666666667,
            "8": 1.1666666666666667
        }
    }
}