{
    "Ranking": "3 > 4",
    "Number Of Seats": 2,
    "Stats": {
        "Votes Needed to Win": 124,
        "rounds": {
            "1": {
                "4": 86,
                "3": 84,
                "5": 47,
                "6": 43,
                "2": 37,
                "1": 28,
                "8": 22,
                "9": 14,
                "7": 10
            },
            "2": {
                "3": 87,
                "4": 87,
                "5": 47,
                "6": 43,
                "2": 38,
                "1": 28,
                "8": 22,
                "9": 19
            },
            "3": {
                "3": 96,
                "4": 88,
                "5": 51,
                "6": 44,
                "2": 39,
                "1": 29,
                "8": 22
            },
            "4": {
                "3": 99,
                "4": 91,
                "5": 56,
                "6": 46,
                "2": 41,
                "1": 35
            },
            "5": {
                "3": 106,
                "4": 95,
                "5": 61,
                "2": 51,
                "6": 46
            },
            "6": {
                "3": 110,
                "4": 101,
                "5": 74,
                "2": 51
            },
            "7": {
                "3": 127,
                "4": 107,
                "5": 86
            },
            "8": {
                "4": 121.204724397,
                "5": 95.377952752
            },
            "9": {
                "4": 148.275590538
            }
        }
    }
}