{
    "Ranking": "4 > 3 > 5 > 6 > 2 > 1 > 8 > 9 > 7",
    "Number Of Seats": 2,
    "Stats": {
        "4": 132.321428571,
        "3": 128.652380952,
        "5": 96.586904762,
        "6": 75.948809524,
        "2": 70.454761905,
        "1": 61.253571429,
        "8": 51.896428571,
        "9": 46.766666667,
        "7": 26.010714286
    }
}