{
    "Ranking": "1 > 3 > 2",
    "Number Of Seats": 1,
    "Stats": {
        "1": 118.166666667,
        "3": 63.833333333,
        "2": 54.5
    }
}