{
    "Ranking": "1 > 3 > 2",
    "Number Of Seats": 1,
    "Stats": {
        "1": 118.16666666666666,
        "3": 63.833333333333314,
        "2": 54.49999999999999
    }
}