{
    "Ranking": "3 > 8 > 5 > 7 > 2 > 10 > 9 > 1 > 11 > 4 > 6",
    "Number Of Seats": 9,
    "Stats": {
        "3": 282.182142857,
        "8": 275.583333333,
        "5": 268.127380952,
        "7": 259.407142857,
        "2": 233.866269841,
        "10": 224.505555556,
        "9": 204.847222222,
        "1": 155.661111111,
        "11": 142.963095238,
        "4": 75.850793651,
        "6": 59.601984127
    }
}