{
    "Ranking": "3 > 8 > 5 > 7 > 2 > 10 > 9 > 1 > 11 > 4 > 6",
    "Number Of Seats": 9,
    "Stats": {
        "3": 282.1821428571427,
        "8": 275.5833333333332,
        "5": 268.1273809523806,
        "7": 259.40714285714296,
        "2": 233.86626984126934,
        "10": 224.50555555555522,
        "9": 204.84722222222237,
        "1": 155.66111111111076,
        "11": 142.96309523809504,
        "4": 75.8507936507937,
        "6": 59.60198412698431
    }
}