{
    "Ranking": "3 > 4 > 2 > 1",
    "Number Of Seats": 1,
    "Stats": {
        "1": {
            "2": 1.064516129032258,
            "3": 0,
            "4": 1.064516129032258
        },
        "2": {
            "1": 1.1176470588235294,
            "3": 0,
            "4": 1.064516129032258
        },
        "3": {
            "1": 1.5416666666666667,
            "2": 1.15,
            "4": 1.064516129032258
        },
        "4": {
            "1": 1.1176470588235294,
            "2": 1.2,
            "3": 0
        }
    }
}