{
    "Ranking": "4 > 3 > 1 > 2",
    "Number Of Seats": 1,
    "Stats": {
        "4": 82,
        "3": 73.99999999999993,
        "1": 60.833333333333314,
        "2": 41.333333333333336
    }
}