{
    "Ranking": "4 > 3 > 1 > 2",
    "Number Of Seats": 1,
    "Stats": {
        "4": 82,
        "3": 74,
        "1": 60.833333333,
        "2": 41.333333333
    }
}