{
    "Ranking": "10 > 11 > 13 > 8 > 6 > 4 > 7 > 1 > 5 > 3 > 9 > 2 > 12",
    "Number Of Seats": 2,
    "Stats": {
        "10": 193.113636364,
        "11": 151.884776335,
        "13": 134.395743146,
        "8": 131.385678211,
        "6": 130.71038961,
        "4": 106.910064935,
        "7": 103.816847042,
        "1": 91.444264069,
        "5": 85.956096681,
        "3": 67.135353535,
        "9": 56.532720058,
        "2": 55.928463203,
        "12": 55.541053391
    }
}