{
    "Ranking": "6 > 8 > 1 > 3 > 2 > 11 > 10 > 4 > 5 > 7 > 13 > 9 > 12",
    "Number Of Seats": 2,
    "Stats": {
        "1": {
            "2": 1.3235294117647058,
            "3": 1.4242424242424243,
            "4": 1.3902439024390243,
            "5": 1.4516129032258065,
            "6": 0,
            "7": 2.2857142857142856,
            "8": 1.1538461538461537,
            "9": 1.4242424242424243,
            "10": 1.2419354838709677,
            "11": 1.2191780821917808,
            "12": 2.310344827586207,
            "13": 1.2419354838709677
        },
        "2": {
            "1": 1.1702127659574468,
            "3": 1.1702127659574468,
            "4": 1.2419354838709677,
            "5": 1.2419354838709677,
            "6": 0,
            "7": 1.6296296296296295,
            "8": 1.1538461538461537,
            "9": 1.6666666666666667,
            "10": 1.2419354838709677,
            "11": 1.2191780821917808,
            "12": 1.5862068965517242,
            "13": 1.2419354838709677
        },
        "3": {
            "1": 1.1702127659574468,
            "2": 1.1891891891891893,
            "4": 1.2419354838709677,
            "5": 1.3214285714285714,
            "6": 0,
            "7": 1.826086956521739,
            "8": 1.1538461538461537,
            "9": 1.5,
            "10": 1.2419354838709677,
            "11": 1.2191780821917808,
            "12": 1.5862068965517242,
            "13": 1.2419354838709677
        },
        "4": {
            "1": 1.1702127659574468,
            "2": 1.1891891891891893,
            "3": 1.1702127659574468,
            "5": 1.3157894736842106,
            "6": 0,
            "7": 1.605263157894737,
            "8": 1.1538461538461537,
            "9": 1.5897435897435896,
            "10": 1.2419354838709677,
            "11": 1.2191780821917808,
            "12": 1.5862068965517242,
            "13": 1.2419354838709677
        },
        "5": {
            "1": 1.1702127659574468,
            "2": 1.1891891891891893,
            "3": 1.1702127659574468,
            "4": 1.2419354838709677,
            "6": 0,
            "7": 1.4883720930232558,
            "8": 1.1538461538461537,
            "9": 1.3571428571428572,
            "10": 1.2419354838709677,
            "11": 1.2191780821917808,
            "12": 1.3571428571428572,
            "13": 1.2419354838709677
        },
        "6": {
            "1": 1.2545454545454546,
            "2": 1.2545454545454546,
            "3": 1.457142857142857,
            "4": 1.2881355932203389,
            "5": 2,
            "7": 2.0357142857142856,
            "8": 1.9285714285714286,
            "9": 3,
            "10": 1.4615384615384615,
            "11": 1.2881355932203389,
            "12": 3.9,
            "13": 1.7435897435897436
        },
        "7": {
            "1": 1.1702127659574468,
            "2": 1.1891891891891893,
            "3": 1.1702127659574468,
            "4": 1.2419354838709677,
            "5": 1.2419354838709677,
            "6": 0,
            "8": 1.1538461538461537,
            "9": 1.2419354838709677,
            "10": 1.2419354838709677,
            "11": 1.2191780821917808,
            "12": 1.2419354838709677,
            "13": 1.2419354838709677
        },
        "8": {
            "1": 1.1702127659574468,
            "2": 1.1891891891891893,
            "3": 1.1702127659574468,
            "4": 1.2419354838709677,
            "5": 1.2727272727272727,
            "6": 0,
            "7": 1.2727272727272727,
            "9": 1.4444444444444444,
            "10": 1.2419354838709677,
            "11": 1.2191780821917808,
            "12": 1.5,
            "13": 1.4035087719298245
        },
        "9": {
            "1": 1.1702127659574468,
            "2": 1.1891891891891893,
            "3": 1.1702127659574468,
            "4": 1.1935483870967742,
            "5": 1.1935483870967742,
            "6": 0,
            "7": 1.1935483870967742,
            "8": 1.1538461538461537,
            "10": 1.1935483870967742,
            "11": 1.1935483870967742,
            "12": 1.5862068965517242,
            "13": 1.1935483870967742
        },
        "10": {
            "1": 1.1702127659574468,
            "2": 1.1891891891891893,
            "3": 1.1702127659574468,
            "4": 1.2622950819672132,
            "5": 1.2622950819672132,
            "6": 0,
            "7": 1.2622950819672132,
            "8": 1.1538461538461537,
            "9": 1.6904761904761905,
            "11": 1.2191780821917808,
            "12": 2.1538461538461537,
            "13": 1.3246753246753247
        },
        "11": {
            "1": 1.1702127659574468,
            "2": 1.1891891891891893,
            "3": 1.1702127659574468,
            "4": 1.4406779661016949,
            "5": 1.3157894736842106,
            "6": 0,
            "7": 1.4406779661016949,
            "8": 1.1538461538461537,
            "9": 1.4406779661016949,
            "10": 1.2419354838709677,
            "12": 2.1515151515151514,
            "13": 1.360655737704918
        },
        "12": {
            "1": 1.1702127659574468,
            "2": 1.1891891891891893,
            "3": 1.1702127659574468,
            "4": 1.1935483870967742,
            "5": 1.1935483870967742,
            "6": 0,
            "7": 1.1935483870967742,
            "8": 1.1538461538461537,
            "9": 1.1935483870967742,
            "10": 1.1935483870967742,
            "11": 1.1935483870967742,
            "13": 1.1935483870967742
        },
        "13": {
            "1": 1.1702127659574468,
            "2": 1.1891891891891893,
            "3": 1.1702127659574468,
            "4": 1.2272727272727273,
            "5": 1.2272727272727273,
            "6": 0,
            "7": 1.2272727272727273,
            "8": 1.1538461538461537,
            "9": 1.2272727272727273,
            "10": 1.2272727272727273,
            "11": 1.2191780821917808,
            "12": 1.2272727272727273
        }
    }
}