{
    "Ranking": "3 > 1 > 4",
    "Number Of Seats": 3,
    "Stats": {
        "votes_needed_to_win": 40,
        "rounds": {
            "1": {
                "3": 49,
                "1": 31,
                "4": 30,
                "5": 28,
                "2": 19
            },
            "2": {
                "1": 32.83673469,
                "4": 32.387755097,
                "5": 32.224489787,
                "2": 19.183673469
            },
            "3": {
                "1": 42.83673469,
                "4": 38.387755097,
                "5": 34.408163256
            },
            "4": {
                "4": 46.064549674,
                "5": 39.43731221
            }
        }
    }
}