{
    "Ranking": "A > C > D > B",
    "Number Of Seats": 1,
    "Stats": {
        "A": {
            "B": 2.3529411764705883,
            "C": 2.9166666666666665,
            "D": 2.782051282051282
        },
        "B": {
            "A": 0,
            "C": 0,
            "D": 0
        },
        "C": {
            "A": 0,
            "B": 1.225,
            "D": 1.2357723577235773
        },
        "D": {
            "A": 0,
            "B": 1.0076335877862594,
            "C": 0
        }
    }
}