{
    "Ranking": "B > C > D > A",
    "Number Of Seats": 2,
    "Stats": {
        "B": 254.33333333333348,
        "C": 236.16666666666686,
        "D": 226.00000000000048,
        "A": 180.83333333333337
    }
}