{
    "Ranking": "4 > 1 > 3 > 2",
    "Number Of Seats": 1,
    "Stats": {
        "1": {
            "2": 2.775,
            "3": 1.2702702702702702,
            "4": 0
        },
        "2": {
            "1": 0,
            "3": 0,
            "4": 0
        },
        "3": {
            "1": 0,
            "2": 1.934782608695652,
            "4": 0
        },
        "4": {
            "1": 1.2191780821917808,
            "2": 2.8684210526315788,
            "3": 1.4375
        }
    }
}