{
    "Ranking": "4 > 1 > 3 > 2",
    "Number Of Seats": 1,
    "Stats": {
        "4": 120.30555555555567,
        "1": 111.55555555555561,
        "3": 103.02777777777796,
        "2": 79.69444444444457
    }
}