{
    "Ranking": "Lucas Nussbaum > Neil McGovern > None Of The Above",
    "Number Of Seats": 1,
    "Stats": {
        "Lucas Nussbaum": 303.44444444444434,
        "Neil McGovern": 282.11111111111114,
        "None Of The Above": 149.6111111111111
    }
}