{
    "Ranking": "Lucas Nussbaum > Neil McGovern > None Of The Above",
    "Number Of Seats": 1,
    "Stats": {
        "1": {
            "Lucas Nussbaum": 213.83333333333331,
            "Neil McGovern": 172.83333333333331,
            "None Of The Above": 14.333333333333332
        }
    }
}