{
    "Ranking": "7 > 5 > 4 > 1 > 6 > 3 > 8 > 2",
    "Number Of Seats": 4,
    "Stats": {
        "7": 156.423404195,
        "5": 130.459316893,
        "4": 124.681658163,
        "1": 122.033268141,
        "6": 116.383106576,
        "3": 115.6675822,
        "8": 110.434781746,
        "2": 107.7811678
    }
}