{
    "Ranking": "7 > 4 > 5 > 6 > 1 > 8 > 3 > 2",
    "Number Of Seats": 4,
    "Stats": {
        "1": {
            "2": 1.25,
            "3": 1.1046511627906976,
            "4": 0,
            "5": 0,
            "6": 0,
            "7": 0,
            "8": 1.0315789473684212
        },
        "2": {
            "1": 0,
            "3": 0,
            "4": 0,
            "5": 0,
            "6": 0,
            "7": 0,
            "8": 0
        },
        "3": {
            "1": 0,
            "2": 1.25,
            "4": 0,
            "5": 0,
            "6": 0,
            "7": 0,
            "8": 0
        },
        "4": {
            "1": 1.3583333333333334,
            "2": 1.375,
            "3": 1.4273504273504274,
            "5": 1.1308411214953271,
            "6": 1.6588235294117648,
            "7": 0,
            "8": 1.3252032520325203
        },
        "5": {
            "1": 1.5517241379310345,
            "2": 1.6017699115044248,
            "3": 1.4958677685950412,
            "4": 0,
            "6": 1.7674418604651163,
            "7": 0,
            "8": 1.6055045871559632
        },
        "6": {
            "1": 1.3109243697478992,
            "2": 1.2727272727272727,
            "3": 1.2682926829268293,
            "4": 0,
            "5": 0,
            "7": 0,
            "8": 1.065217391304348
        },
        "7": {
            "1": 1.603305785123967,
            "2": 1.512396694214876,
            "3": 1.6695652173913043,
            "4": 1.872093023255814,
            "5": 1.4901960784313726,
            "6": 1.964705882352941,
            "8": 1.5573770491803278
        },
        "8": {
            "1": 0,
            "2": 1.1770833333333333,
            "3": 1.1041666666666667,
            "4": 0,
            "5": 0,
            "6": 0,
            "7": 0
        }
    }
}