{
    "Ranking": "3 > 4 > 2",
    "Number Of Seats": 3,
    "Stats": {
        "votes_needed_to_win": 122,
        "rounds": {
            "1": {
                "3": 196,
                "4": 149,
                "2": 110,
                "1": 31
            },
            "2": {
                "2": 154.32358579,
                "1": 52.927818094
            }
        }
    }
}