{
    "Ranking": "3 > 4 > 2 > 1",
    "Number Of Seats": 3,
    "Stats": {
        "3": 269.666666667,
        "4": 234.333333333,
        "2": 174.166666667,
        "1": 71.833333333
    }
}