{
    "Ranking": "3 > 4 > 2 > 1",
    "Number Of Seats": 3,
    "Stats": {
        "3": 269.66666666666663,
        "4": 234.3333333333339,
        "2": 174.16666666666728,
        "1": 71.83333333333329
    }
}