{
    "Ranking": "3 > 4 > 2 > 1",
    "Number Of Seats": 3,
    "Stats": {
        "1": {
            "2": 0,
            "3": 0,
            "4": 0
        },
        "2": {
            "1": 1.6363636363636365,
            "3": 0,
            "4": 0
        },
        "3": {
            "1": 3.6363636363636362,
            "2": 2.2238805970149254,
            "4": 1.9775280898876404
        },
        "4": {
            "1": 3.1052631578947367,
            "2": 2.0350877192982457,
            "3": 0
        }
    }
}