{
    "Ranking": "10 > 1 > 7 > 4",
    "Number Of Seats": 4,
    "Stats": {
        "Votes Needed to Win": 93,
        "rounds": {
            "1": {
                "10": 118,
                "1": 81,
                "7": 70,
                "4": 42,
                "6": 41,
                "2": 40,
                "5": 27,
                "3": 15,
                "9": 14,
                "8": 12
            },
            "2": {
                "1": 88.203389838,
                "7": 72.966101698,
                "4": 43.694915256,
                "6": 43.11864407,
                "2": 41.483050849,
                "5": 28.694915256,
                "9": 16.966101698,
                "3": 15.847457628,
                "8": 15.389830512
            },
            "3": {
                "1": 92.47457628,
                "7": 74.177966105,
                "4": 44.906779663,
                "6": 43.542372884,
                "2": 42.906779663,
                "5": 32.330508477,
                "3": 18.847457628,
                "9": 17.177966105
            },
            "4": {
                "1": 94.322033908,
                "7": 78.389830512,
                "4": 47.11864407,
                "6": 46.23728814,
                "2": 43.906779663,
                "5": 35.330508477,
                "3": 21.059322035
            },
            "5": {
                "7": 79.433514562,
                "6": 49.170478337,
                "4": 48.628105453,
                "2": 47.760765696,
                "5": 38.24804697,
                "3": 23.03292522
            },
            "6": {
                "7": 86.687427488,
                "4": 53.277714847,
                "2": 52.986646276,
                "6": 49.382342744,
                "5": 41.713824303
            },
            "7": {
                "7": 99.351053055,
                "2": 61.86213625,
                "4": 59.955356587,
                "6": 56.820087731
            },
            "8": {
                "4": 69.228401227,
                "2": 69.006401047,
                "6": 64.924175946
            },
            "9": {
                "4": 90.892636112,
                "2": 90.84045182
            },
            "10": {
                "4": 144.383267252
            }
        }
    }
}