{
    "Ranking": "5 > 3 > 7 > 21 > 22 > 26 > 17 > 27 > 15 > 24 > 9 > 14 > 11 > 20 > 6 > 19 > 29 > 4 > 28 > 16 > 23 > 18 > 2 > 1 > 8 > 13 > 12 > 10 > 25",
    "Number Of Seats": 2,
    "Stats": {
        "5": 21.261843079407118,
        "3": 20.451009541431418,
        "7": 18.859359872871227,
        "21": 16.50363527786862,
        "22": 15.759264373552295,
        "26": 15.547496700697874,
        "17": 15.040324645434925,
        "27": 14.781469232437104,
        "15": 13.564324144978563,
        "24": 12.99904054741584,
        "9": 12.816466101228388,
        "14": 12.7314347876028,
        "11": 12.135829033351452,
        "20": 12.013325923709804,
        "6": 11.58583599328045,
        "19": 11.54669161804583,
        "29": 11.37875226739217,
        "4": 11.357652585556808,
        "28": 11.140559783589765,
        "16": 11.13984424288644,
        "23": 10.262880962006282,
        "18": 9.818626825265817,
        "2": 9.497606060820386,
        "1": 8.944292442492443,
        "8": 8.240792075130608,
        "13": 8.120824213064962,
        "12": 8.010448997110354,
        "10": 7.967512591365836,
        "25": 7.033351660426723
    }
}