{
    "Ranking": "4 > 7 > 5 > 3 > 1 > 2 > 8 > 6",
    "Number Of Seats": 7,
    "Stats": {
        "4": 299.688181689,
        "7": 192.026909014,
        "5": 177.50530754,
        "3": 174.722056406,
        "1": 162.576860828,
        "2": 127.751429989,
        "8": 112.84940051,
        "6": 111.808425454
    }
}