{
    "Ranking": "4 > 7 > 5 > 3 > 1 > 2 > 8",
    "Number Of Seats": 7,
    "Stats": {
        "Votes Needed to Win": 63,
        "rounds": {
            "1": {
                "4": 213,
                "7": 63,
                "3": 61,
                "5": 58,
                "1": 47,
                "2": 24,
                "6": 22,
                "8": 11
            },
            "2": {
                "5": 120.676056328,
                "3": 86.352112672,
                "1": 71.64788732,
                "2": 31.746478872,
                "6": 31.154929576,
                "8": 20.154929576
            },
            "3": {
                "2": 98.117708309,
                "8": 55.954378239,
                "6": 49.404124266
            },
            "4": {
                "8": 102.098305901,
                "6": 61.80202417
            }
        }
    }
}