{
    "Ranking": "A > B > F > G > D > E > C",
    "Number Of Seats": 2,
    "Stats": {
        "A": 186.583333333,
        "B": 176,
        "F": 167.183333333,
        "G": 158.416666667,
        "D": 154.1,
        "E": 153.3,
        "C": 87.6
    }
}