{
    "Ranking": "A > B > F > G > D > E > C",
    "Number Of Seats": 2,
    "Stats": {
        "A": 186.58333333333331,
        "B": 176,
        "F": 167.18333333333334,
        "G": 158.41666666666674,
        "D": 154.09999999999994,
        "E": 153.29999999999993,
        "C": 87.60000000000007
    }
}