{
    "Ranking": "F > G > B > A > E > D > C",
    "Number Of Seats": 2,
    "Stats": {
        "A": {
            "B": 0,
            "C": 2.260869565217391,
            "D": 1.2891566265060241,
            "E": 1.1264367816091954,
            "F": 0,
            "G": 0
        },
        "B": {
            "A": 1.0434782608695652,
            "C": 3.5,
            "D": 1.6666666666666667,
            "E": 1.0434782608695652,
            "F": 0,
            "G": 0
        },
        "C": {
            "A": 0,
            "B": 0,
            "D": 0,
            "E": 0,
            "F": 0,
            "G": 0
        },
        "D": {
            "A": 0,
            "B": 0,
            "C": 1.0289855072463767,
            "E": 0,
            "F": 0,
            "G": 0
        },
        "E": {
            "A": 0,
            "B": 0,
            "C": 1.816326530612245,
            "D": 1.076086956521739,
            "F": 0,
            "G": 0
        },
        "F": {
            "A": 1.2,
            "B": 1.02020202020202,
            "C": 2.2708333333333335,
            "D": 1.2,
            "E": 1.2297297297297298,
            "G": 1.0684931506849316
        },
        "G": {
            "A": 1.0512820512820513,
            "B": 1.0114942528735633,
            "C": 1.826086956521739,
            "D": 1.1168831168831168,
            "E": 1.375,
            "F": 0
        }
    }
}