{
    "Ranking": "9 > 11 > 1 > 7 > 6 > 5 > 10 > 8 > 3 = 4 = 12 > 13 > 14 > 2",
    "Number Of Seats": 2,
    "Stats": {
        "1": {
            "2": 3,
            "3": 3,
            "4": 3,
            "5": 3,
            "6": 3,
            "7": 3,
            "8": 3,
            "9": 0,
            "10": 3,
            "11": 0,
            "12": 4,
            "13": 6,
            "14": 4
        },
        "2": {
            "1": 0,
            "3": 0,
            "4": 0,
            "5": 0,
            "6": 0,
            "7": 0,
            "8": 0,
            "9": 0,
            "10": 0,
            "11": 0,
            "12": 0,
            "13": 0,
            "14": 0
        },
        "3": {
            "1": 1.5,
            "2": 5,
            "4": 3,
            "5": 1.5,
            "6": 1.5,
            "7": 1.5,
            "8": 2,
            "9": 0,
            "10": 2,
            "11": 0,
            "12": 3,
            "13": 5,
            "14": 2
        },
        "4": {
            "1": 1.5,
            "2": 3,
            "3": 3,
            "5": 1.5,
            "6": 1.5,
            "7": 1.5,
            "8": 2,
            "9": 0,
            "10": 2,
            "11": 0,
            "12": 3,
            "13": 3,
            "14": 2
        },
        "5": {
            "1": 1.6666666666666667,
            "2": 5,
            "3": 6,
            "4": 3,
            "6": 1.6666666666666667,
            "7": 1.6666666666666667,
            "8": 2,
            "9": 0,
            "10": 2,
            "11": 0,
            "12": 3,
            "13": 5,
            "14": 2
        },
        "6": {
            "1": 1.6666666666666667,
            "2": 3,
            "3": 3,
            "4": 3,
            "5": 1.75,
            "7": 1.6666666666666667,
            "8": 2,
            "9": 0,
            "10": 2,
            "11": 0,
            "12": 3,
            "13": 3.5,
            "14": 2
        },
        "7": {
            "1": 1.6666666666666667,
            "2": 3,
            "3": 3,
            "4": 3,
            "5": 3,
            "6": 3,
            "8": 2,
            "9": 0,
            "10": 2,
            "11": 0,
            "12": 3,
            "13": 4,
            "14": 2
        },
        "8": {
            "1": 1.5,
            "2": 3,
            "3": 3,
            "4": 3,
            "5": 1.5,
            "6": 1.5,
            "7": 1.5,
            "9": 0,
            "10": 2,
            "11": 0,
            "12": 4,
            "13": 3,
            "14": 2
        },
        "9": {
            "1": 3.2,
            "2": 4,
            "3": 3,
            "4": 3,
            "5": 3,
            "6": 3,
            "7": 3.2,
            "8": 9,
            "10": 4,
            "11": 3.2,
            "12": 7,
            "13": 3.5,
            "14": 8
        },
        "10": {
            "1": 1.5,
            "2": 3,
            "3": 3,
            "4": 3,
            "5": 1.5,
            "6": 1.5,
            "7": 1.5,
            "8": 4,
            "9": 0,
            "11": 0,
            "12": 4,
            "13": 3,
            "14": 2
        },
        "11": {
            "1": 3.5,
            "2": 5,
            "3": 3,
            "4": 3,
            "5": 3,
            "6": 3,
            "7": 4,
            "8": 7,
            "9": 0,
            "10": 4,
            "12": 6,
            "13": 5,
            "14": 5
        },
        "12": {
            "1": 1.5,
            "2": 3,
            "3": 3,
            "4": 3,
            "5": 1.5,
            "6": 1.5,
            "7": 1.5,
            "8": 2,
            "9": 0,
            "10": 2,
            "11": 0,
            "13": 3,
            "14": 2
        },
        "13": {
            "1": 1.5,
            "2": 2,
            "3": 1.5,
            "4": 1.5,
            "5": 1.5,
            "6": 1.5,
            "7": 1.5,
            "8": 1.5,
            "9": 0,
            "10": 1.5,
            "11": 0,
            "12": 1.5,
            "14": 2
        },
        "14": {
            "1": 1.5,
            "2": 1.5,
            "3": 1.5,
            "4": 1.5,
            "5": 1.5,
            "6": 1.5,
            "7": 1.5,
            "8": 1.5,
            "9": 0,
            "10": 1.5,
            "11": 0,
            "12": 1.5,
            "13": 1.5
        }
    }
}