{
    "Ranking": "9 > 11 > 1 > 6 > 3 > 5 > 2 > 8 > 13 > 7 > 4 > 10 > 14 > 12",
    "Number Of Seats": 2,
    "Stats": {
        "9": 17.866666666666667,
        "11": 11.000000000000002,
        "1": 10.153968253968252,
        "6": 8.735714285714286,
        "3": 7.218589743589744,
        "5": 7.048484848484849,
        "2": 6.6499999999999995,
        "8": 4.30515873015873,
        "13": 3.6872766122766123,
        "7": 3.6075757575757574,
        "4": 3.1833333333333336,
        "10": 3.1333333333333337,
        "14": 2.6935897435897433,
        "12": 2.007081807081807
    }
}