{
    "Ranking": "1 > 3 > 5 > 8 > 9 > 7 > 6 > 10 > 2 > 4",
    "Number Of Seats": 6,
    "Stats": {
        "1": 403.256349206,
        "3": 234.162698413,
        "5": 153.35,
        "8": 149.259920635,
        "9": 135.602777778,
        "7": 130.344444444,
        "6": 130.287698413,
        "10": 125.99047619,
        "2": 116.306746032,
        "4": 105.636507937
    }
}