{
    "Ranking": "3 > 1 > 2",
    "Number Of Seats": 1,
    "Stats": {
        "3": 49.08333333333333,
        "1": 45.83333333333335,
        "2": 29.75
    }
}