{
    "Ranking": "4 > 2 > 1 > 3",
    "Number Of Seats": 3,
    "Stats": {
        "4": 82.055555556,
        "2": 71.666666667,
        "1": 59.069444444,
        "3": 37.208333333
    }
}