{
    "Ranking": "O > E > H > C > Q > I > F > N > L > A > R > D > B > G > P > M > K > J",
    "Number Of Seats": 3,
    "Stats": {
        "O": 3.251137964,
        "E": 2.364015417,
        "H": 2.289750073,
        "C": 2.257338496,
        "Q": 2.178989979,
        "I": 2.121146682,
        "F": 2.035115444,
        "N": 1.95249188,
        "L": 1.916897639,
        "A": 1.744980703,
        "R": 1.666849102,
        "D": 1.600603792,
        "B": 1.18818465,
        "G": 1.187148247,
        "P": 1.163602991,
        "M": 0.988826644,
        "K": 0.833884441,
        "J": 0.715008561
    }
}