{
    "Ranking": "O > E > H > C > Q > I > F > N > L > A > R > D > B > G > P > M > K > J",
    "Number Of Seats": 3,
    "Stats": {
        "O": 3.251137964456815,
        "E": 2.36401541677277,
        "H": 2.2897500727881743,
        "C": 2.2573384963367222,
        "Q": 2.1789899788994442,
        "I": 2.1211466815482285,
        "F": 2.0351154435868435,
        "N": 1.9524918799247413,
        "L": 1.9168976390497514,
        "A": 1.7449807033042728,
        "R": 1.666849101542992,
        "D": 1.6006037919654634,
        "B": 1.1881846500927786,
        "G": 1.1871482468421375,
        "P": 1.1636029910358525,
        "M": 0.9888266440168583,
        "K": 0.833884441054936,
        "J": 0.7150085605480395
    }
}