{
    "Ranking": "O > E > A = I > H > C > D = L > N > Q > F > B = M > P > R > G = K > J",
    "Number Of Seats": 3,
    "Stats": {
        "A": {
            "B": 2.5,
            "C": 1.3333333333333333,
            "D": 1.3333333333333333,
            "E": 0,
            "F": 1.5,
            "G": 2.5,
            "H": 1.3333333333333333,
            "I": 1.3333333333333333,
            "J": 7,
            "K": 7,
            "L": 1.3333333333333333,
            "M": 6,
            "N": 2.5,
            "O": 0,
            "P": 2.5,
            "Q": 2.5,
            "R": 5
        },
        "B": {
            "A": 0,
            "C": 0,
            "D": 0,
            "E": 0,
            "F": 0,
            "G": 2.5,
            "H": 0,
            "I": 0,
            "J": 5,
            "K": 2,
            "L": 0,
            "M": 0,
            "N": 0,
            "O": 0,
            "P": 1.3333333333333333,
            "Q": 0,
            "R": 1.3333333333333333
        },
        "C": {
            "A": 1.3333333333333333,
            "B": 1.5,
            "D": 4,
            "E": 0,
            "F": 1.5,
            "G": 5,
            "H": 1.3333333333333333,
            "I": 1.3333333333333333,
            "J": 6,
            "K": 6,
            "L": 1.6666666666666667,
            "M": 4,
            "N": 2,
            "O": 0,
            "P": 2,
            "Q": 1.5,
            "R": 5
        },
        "D": {
            "A": 1.3333333333333333,
            "B": 1.5,
            "C": 1.3333333333333333,
            "E": 0,
            "F": 1.5,
            "G": 4,
            "H": 1.3333333333333333,
            "I": 1.3333333333333333,
            "J": 5,
            "K": 5,
            "L": 1.3333333333333333,
            "M": 4,
            "N": 2,
            "O": 0,
            "P": 2,
            "Q": 1.5,
            "R": 4
        },
        "E": {
            "A": 2,
            "B": 7,
            "C": 1.6666666666666667,
            "D": 7,
            "F": 1.6666666666666667,
            "G": 8,
            "H": 1.6666666666666667,
            "I": 1.3333333333333333,
            "J": 9,
            "K": 9,
            "L": 3.5,
            "M": 4,
            "N": 2,
            "O": 0,
            "P": 3.5,
            "Q": 2,
            "R": 4
        },
        "F": {
            "A": 1.3333333333333333,
            "B": 1.3333333333333333,
            "C": 1.3333333333333333,
            "D": 1.3333333333333333,
            "E": 0,
            "G": 4,
            "H": 1.3333333333333333,
            "I": 1.3333333333333333,
            "J": 5,
            "K": 4,
            "L": 1.3333333333333333,
            "M": 4,
            "N": 1.3333333333333333,
            "O": 0,
            "P": 1.3333333333333333,
            "Q": 1.3333333333333333,
            "R": 4
        },
        "G": {
            "A": 0,
            "B": 0,
            "C": 0,
            "D": 0,
            "E": 0,
            "F": 0,
            "H": 0,
            "I": 0,
            "J": 2,
            "K": 0,
            "L": 0,
            "M": 0,
            "N": 0,
            "O": 0,
            "P": 0,
            "Q": 0,
            "R": 0
        },
        "H": {
            "A": 1.3333333333333333,
            "B": 1.6666666666666667,
            "C": 2.5,
            "D": 2.5,
            "E": 0,
            "F": 1.5,
            "G": 3,
            "I": 1.3333333333333333,
            "J": 8,
            "K": 6,
            "L": 1.6666666666666667,
            "M": 2.5,
            "N": 2,
            "O": 0,
            "P": 2,
            "Q": 1.5,
            "R": 3
        },
        "I": {
            "A": 1.3333333333333333,
            "B": 2.5,
            "C": 1.6666666666666667,
            "D": 1.6666666666666667,
            "E": 0,
            "F": 5,
            "G": 6,
            "H": 1.6666666666666667,
            "J": 7,
            "K": 6,
            "L": 1.6666666666666667,
            "M": 7,
            "N": 2.5,
            "O": 0,
            "P": 6,
            "Q": 2,
            "R": 6
        },
        "J": {
            "A": 0,
            "B": 0,
            "C": 0,
            "D": 0,
            "E": 0,
            "F": 0,
            "G": 0,
            "H": 0,
            "I": 0,
            "K": 0,
            "L": 0,
            "M": 0,
            "N": 0,
            "O": 0,
            "P": 0,
            "Q": 0,
            "R": 0
        },
        "K": {
            "A": 0,
            "B": 0,
            "C": 0,
            "D": 0,
            "E": 0,
            "F": 0,
            "G": 0,
            "H": 0,
            "I": 0,
            "J": 2,
            "L": 0,
            "M": 0,
            "N": 0,
            "O": 0,
            "P": 0,
            "Q": 0,
            "R": 0
        },
        "L": {
            "A": 1.3333333333333333,
            "B": 1.5,
            "C": 1.3333333333333333,
            "D": 1.3333333333333333,
            "E": 0,
            "F": 1.5,
            "G": 4,
            "H": 1.3333333333333333,
            "I": 1.3333333333333333,
            "J": 6,
            "K": 5,
            "M": 1.5,
            "N": 1.5,
            "O": 0,
            "P": 1.5,
            "Q": 1.5,
            "R": 1.5
        },
        "M": {
            "A": 0,
            "B": 0,
            "C": 0,
            "D": 0,
            "E": 0,
            "F": 0,
            "G": 2,
            "H": 0,
            "I": 0,
            "J": 4,
            "K": 3,
            "L": 0,
            "N": 0,
            "O": 0,
            "P": 0,
            "Q": 0,
            "R": 3
        },
        "N": {
            "A": 1.3333333333333333,
            "B": 1.5,
            "C": 1.3333333333333333,
            "D": 1.3333333333333333,
            "E": 0,
            "F": 1.5,
            "G": 2,
            "H": 1.3333333333333333,
            "I": 1.3333333333333333,
            "J": 5,
            "K": 4,
            "L": 1.3333333333333333,
            "M": 5,
            "O": 0,
            "P": 3,
            "Q": 1.5,
            "R": 3
        },
        "O": {
            "A": 1.6666666666666667,
            "B": 3,
            "C": 2.5,
            "D": 2.5,
            "E": 1.6666666666666667,
            "F": 1.6666666666666667,
            "G": 6,
            "H": 1.6666666666666667,
            "I": 1.3333333333333333,
            "J": 7,
            "K": 6,
            "L": 3,
            "M": 2.5,
            "N": 2,
            "P": 2.5,
            "Q": 1.6666666666666667,
            "R": 6
        },
        "P": {
            "A": 0,
            "B": 0,
            "C": 0,
            "D": 0,
            "E": 0,
            "F": 0,
            "G": 2,
            "H": 0,
            "I": 0,
            "J": 5,
            "K": 4,
            "L": 0,
            "M": 0,
            "N": 0,
            "O": 0,
            "Q": 0,
            "R": 3
        },
        "Q": {
            "A": 1.3333333333333333,
            "B": 2,
            "C": 1.3333333333333333,
            "D": 1.3333333333333333,
            "E": 0,
            "F": 1.5,
            "G": 2,
            "H": 1.3333333333333333,
            "I": 1.3333333333333333,
            "J": 5,
            "K": 4,
            "L": 1.3333333333333333,
            "M": 3,
            "N": 1.3333333333333333,
            "O": 0,
            "P": 1.5,
            "R": 3
        },
        "R": {
            "A": 0,
            "B": 0,
            "C": 0,
            "D": 0,
            "E": 0,
            "F": 0,
            "G": 2,
            "H": 0,
            "I": 0,
            "J": 4,
            "K": 3,
            "L": 0,
            "M": 0,
            "N": 0,
            "O": 0,
            "P": 0,
            "Q": 0
        }
    }
}