{
    "Ranking": "4 > 7 > 5 > 1 > 3 > 6 > 2 > 8",
    "Number Of Seats": 7,
    "Stats": {
        "1": {
            "2": 1.6551724137931034,
            "3": 1.0153846153846153,
            "4": 0,
            "5": 0,
            "6": 1.26,
            "7": 0,
            "8": 2.0675675675675675
        },
        "2": {
            "1": 0,
            "3": 0,
            "4": 0,
            "5": 0,
            "6": 0,
            "7": 0,
            "8": 1.4819277108433735
        },
        "3": {
            "1": 0,
            "2": 1.565217391304348,
            "4": 0,
            "5": 0,
            "6": 1.3333333333333333,
            "7": 0,
            "8": 2.264705882352941
        },
        "4": {
            "1": 2.413793103448276,
            "2": 3.849056603773585,
            "3": 2.208791208791209,
            "5": 2.765432098765432,
            "6": 3.5161290322580645,
            "7": 2.648936170212766,
            "8": 4.951219512195122
        },
        "5": {
            "1": 1.4230769230769231,
            "2": 2.164383561643836,
            "3": 1.236842105263158,
            "4": 0,
            "6": 1.6744186046511629,
            "7": 0,
            "8": 2.3333333333333335
        },
        "6": {
            "1": 0,
            "2": 1.0612244897959184,
            "3": 0,
            "4": 0,
            "5": 0,
            "7": 0,
            "8": 1.0612244897959184
        },
        "7": {
            "1": 1.2834645669291338,
            "2": 2.2025316455696204,
            "3": 1.16793893129771,
            "4": 0,
            "5": 1.048951048951049,
            "6": 1.3818181818181818,
            "8": 4.104166666666667
        },
        "8": {
            "1": 0,
            "2": 0,
            "3": 0,
            "4": 0,
            "5": 0,
            "6": 0,
            "7": 0
        }
    }
}