{
    "Ranking": "4 > 7 > 5 > 3 > 1 > 2 > 8 > 6",
    "Number Of Seats": 7,
    "Stats": {
        "4": 284.038095238,
        "7": 170.835714286,
        "5": 150.023809524,
        "3": 146.985714286,
        "1": 133.683333333,
        "2": 91.364285714,
        "8": 73.526190476,
        "6": 58.123809524
    }
}