{
    "Ranking": "4 > 7 > 5 > 3 > 1 > 2 > 8 > 6",
    "Number Of Seats": 7,
    "Stats": {
        "4": 284.03809523809497,
        "7": 170.83571428571412,
        "5": 150.02380952380958,
        "3": 146.98571428571404,
        "1": 133.68333333333328,
        "2": 91.36428571428577,
        "8": 73.52619047619054,
        "6": 58.123809523809534
    }
}