{
    "Ranking": "1 > 3 > 2 > 4",
    "Number Of Seats": 3,
    "Stats": {
        "1": {
            "2": 3.5,
            "3": 1.6923076923076923,
            "4": 2.5
        },
        "2": {
            "1": 0,
            "3": 0,
            "4": 1.5
        },
        "3": {
            "1": 0,
            "2": 2.6666666666666665,
            "4": 2.75
        },
        "4": {
            "1": 0,
            "2": 0,
            "3": 0
        }
    }
}