{
    "Ranking": "1 > 3 > 4 > 2",
    "Number Of Seats": 3,
    "Stats": {
        "1": 31.83333333333333,
        "3": 27.833333333333336,
        "4": 15.500000000000005,
        "2": 7.5
    }
}