{
    "Ranking": "1 > 3 > 4 > 2",
    "Number Of Seats": 3,
    "Stats": {
        "1": 31.833333333,
        "3": 27.833333333,
        "4": 15.5,
        "2": 7.5
    }
}