{
    "Ranking": "Sam Hocevar > Steve McIntyre > Raphaël Hertzog > Wouter Verhelst > Anthony Towns > Gustavo Franco > None Of The Above > Simon Richter > Aigars Mahinovs",
    "Number Of Seats": 1,
    "Stats": {
        "Wouter Verhelst": {
            "Aigars Mahinovs": 10.11111111111111,
            "Gustavo Franco": 1.6218487394957983,
            "Sam Hocevar": 0,
            "Steve McIntyre": 0,
            "Raphaël Hertzog": 0,
            "Anthony Towns": 1.1717791411042944,
            "Simon Richter": 7.852941176470588,
            "None Of The Above": 4.666666666666667
        },
        "Aigars Mahinovs": {
            "Wouter Verhelst": 0,
            "Gustavo Franco": 0,
            "Sam Hocevar": 0,
            "Steve McIntyre": 0,
            "Raphaël Hertzog": 0,
            "Anthony Towns": 0,
            "Simon Richter": 0,
            "None Of The Above": 0
        },
        "Gustavo Franco": {
            "Wouter Verhelst": 0,
            "Aigars Mahinovs": 6.388888888888889,
            "Sam Hocevar": 0,
            "Steve McIntyre": 0,
            "Raphaël Hertzog": 0,
            "Anthony Towns": 0,
            "Simon Richter": 3.55,
            "None Of The Above": 2.7023809523809526
        },
        "Sam Hocevar": {
            "Wouter Verhelst": 1.6141732283464567,
            "Aigars Mahinovs": 8.612903225806452,
            "Gustavo Franco": 3.2162162162162162,
            "Steve McIntyre": 1.13125,
            "Raphaël Hertzog": 1.3904109589041096,
            "Anthony Towns": 1.6240601503759398,
            "Simon Richter": 7.714285714285714,
            "None Of The Above": 6.456521739130435
        },
        "Steve McIntyre": {
            "Wouter Verhelst": 1.3611111111111112,
            "Aigars Mahinovs": 6.333333333333333,
            "Gustavo Franco": 1.7964601769911503,
            "Sam Hocevar": 0,
            "Raphaël Hertzog": 1.116564417177914,
            "Anthony Towns": 2.2735849056603774,
            "Simon Richter": 4.90566037735849,
            "None Of The Above": 4.639344262295082
        },
        "Raphaël Hertzog": {
            "Wouter Verhelst": 1.185897435897436,
            "Aigars Mahinovs": 7.555555555555555,
            "Gustavo Franco": 1.8245614035087718,
            "Sam Hocevar": 0,
            "Steve McIntyre": 0,
            "Anthony Towns": 1.4475524475524475,
            "Simon Richter": 5.137254901960785,
            "None Of The Above": 4.323076923076923
        },
        "Anthony Towns": {
            "Wouter Verhelst": 0,
            "Aigars Mahinovs": 2.6547619047619047,
            "Gustavo Franco": 1.125,
            "Sam Hocevar": 0,
            "Steve McIntyre": 0,
            "Raphaël Hertzog": 0,
            "Simon Richter": 2.0776699029126213,
            "None Of The Above": 2.0982142857142856
        },
        "Simon Richter": {
            "Wouter Verhelst": 0,
            "Aigars Mahinovs": 1.5978260869565217,
            "Gustavo Franco": 0,
            "Sam Hocevar": 0,
            "Steve McIntyre": 0,
            "Raphaël Hertzog": 0,
            "Anthony Towns": 0,
            "None Of The Above": 0
        },
        "None Of The Above": {
            "Wouter Verhelst": 0,
            "Aigars Mahinovs": 1.6194690265486726,
            "Gustavo Franco": 0,
            "Sam Hocevar": 0,
            "Steve McIntyre": 0,
            "Raphaël Hertzog": 0,
            "Anthony Towns": 0,
            "Simon Richter": 1.0133333333333334
        }
    }
}