{
    "Ranking": "6 > 8 > 4 > 11 > 5 > 2 > 14 > 1 > 7 > 12 > 3 > 9 > 10 > 15 > 13",
    "Number Of Seats": 7,
    "Stats": {
        "1": {
            "6": 213.533333333,
            "8": 163.533333333,
            "4": 128.533333333,
            "11": 100.533333333,
            "5": 66.533333333,
            "2": 60.533333333,
            "14": 49.533333333,
            "1": 47.533333333,
            "7": 43.533333333,
            "12": 28.533333333,
            "3": 26.533333333,
            "9": 17.533333333,
            "10": 15.533333333,
            "15": 14.533333333,
            "13": 12.533333333
        },
        "2": {
            "6": 564.5,
            "8": 424.5
        }
    }
}