{
    "Ranking": "6 > 8 > 4 > 11 > 5 > 2 > 14 > 1 > 7 > 12 > 3 > 9 > 10 > 15 > 13",
    "Number Of Seats": 7,
    "Stats": {
        "1": {
            "6": 213.53333333333333,
            "8": 163.5333333333333,
            "4": 128.5333333333333,
            "11": 100.5333333333333,
            "5": 66.5333333333333,
            "2": 60.53333333333335,
            "14": 49.53333333333333,
            "1": 47.53333333333335,
            "7": 43.53333333333335,
            "12": 28.53333333333333,
            "3": 26.53333333333333,
            "9": 17.53333333333333,
            "10": 15.533333333333331,
            "15": 14.533333333333333,
            "13": 12.533333333333333
        }
    }
}