{
    "Ranking": "Stefano Zacchiroli > Margarita Manterola > Wouter Verhelst > Charles Plessy > None Of The Above",
    "Number Of Seats": 1,
    "Stats": {
        "Stefano Zacchiroli": 312.88861111111095,
        "Margarita Manterola": 223.57750000000007,
        "Wouter Verhelst": 199.92611111111123,
        "Charles Plessy": 107.8830555555558,
        "None Of The Above": 91.20805555555577
    }
}