{
    "Ranking": "3 > 1 > 2",
    "Number Of Seats": 1,
    "Stats": {
        "3": 149.75000000000003,
        "1": 136.49999999999997,
        "2": 104.24999999999994
    }
}