{
    "Ranking": "3 > 1 > 2",
    "Number Of Seats": 1,
    "Stats": {
        "1": {
            "2": 2,
            "3": 0
        },
        "2": {
            "1": 0,
            "3": 0
        },
        "3": {
            "1": 1.1894736842105262,
            "2": 2.491228070175439
        }
    }
}