{
    "Ranking": "Martin Michlmayr > Branden Robinson > None of the Above > Gergely Nagy",
    "Number Of Seats": 1,
    "Stats": {
        "Martin Michlmayr": 366.49999999999983,
        "Branden Robinson": 301.1666666666668,
        "None of the Above": 131.49999999999966,
        "Gergely Nagy": 117.83333333333316
    }
}