{
    "Ranking": "Martin Michlmayr > Branden Robinson > None of the Above > Gergely Nagy",
    "Number Of Seats": 1,
    "Stats": {
        "Martin Michlmayr": 369.43055555555543,
        "Branden Robinson": 299.0277777777779,
        "None of the Above": 132.02777777777746,
        "Gergely Nagy": 116.51388888888876
    }
}