{
    "Ranking": "4 > 2 > 1 > 3",
    "Number Of Seats": 3,
    "Stats": {
        "4": 80.33333333333333,
        "2": 69.33333333333334,
        "1": 47.16666666666668,
        "3": 20.33333333333333
    }
}