{
    "Ranking": "4 > 3 > 5 > 6 > 2 > 1 > 8 > 9 > 7",
    "Number Of Seats": 2,
    "Stats": {
        "4": 162.795620276,
        "3": 158.793149093,
        "5": 130.459116591,
        "6": 114.545323129,
        "2": 112.049911659,
        "1": 104.186069067,
        "8": 96.640962302,
        "9": 91.905951436,
        "7": 78.17111867
    }
}