{
    "Ranking": "3 > 4 > 5 > 2 > 6 > 1 > 8 > 9 > 7",
    "Number Of Seats": 2,
    "Stats": {
        "1": {
            "2": 0,
            "3": 0,
            "4": 0,
            "5": 0,
            "6": 0,
            "7": 2.9743589743589745,
            "8": 1.2,
            "9": 1.2413793103448276
        },
        "2": {
            "1": 1.271604938271605,
            "3": 0,
            "4": 0,
            "5": 0,
            "6": 1.1538461538461537,
            "7": 3.048780487804878,
            "8": 1.3176470588235294,
            "9": 1.4444444444444444
        },
        "3": {
            "1": 2.230769230769231,
            "2": 2.1375,
            "4": 1.126984126984127,
            "5": 1.4201680672268908,
            "6": 1.8181818181818181,
            "7": 6.892857142857143,
            "8": 2.3815789473684212,
            "9": 2.78125
        },
        "4": {
            "1": 2.2948717948717947,
            "2": 1.8478260869565217,
            "3": 0,
            "5": 1.5405405405405406,
            "6": 2.0795454545454546,
            "7": 5.878787878787879,
            "8": 2.7058823529411766,
            "9": 2.8461538461538463
        },
        "5": {
            "1": 1.6195652173913044,
            "2": 1.404040404040404,
            "3": 0,
            "4": 0,
            "6": 1.9615384615384615,
            "7": 3.8444444444444446,
            "8": 2.378787878787879,
            "9": 2.2535211267605635
        },
        "6": {
            "1": 1.161904761904762,
            "2": 0,
            "3": 0,
            "4": 0,
            "5": 0,
            "7": 2.4727272727272727,
            "8": 1.7971014492753623,
            "9": 1.5176470588235293
        },
        "7": {
            "1": 0,
            "2": 0,
            "3": 0,
            "4": 0,
            "5": 0,
            "6": 0,
            "8": 0,
            "9": 0
        },
        "8": {
            "1": 0,
            "2": 0,
            "3": 0,
            "4": 0,
            "5": 0,
            "6": 0,
            "7": 1.793103448275862,
            "9": 1.1904761904761905
        },
        "9": {
            "1": 0,
            "2": 0,
            "3": 0,
            "4": 0,
            "5": 0,
            "6": 0,
            "7": 2.0652173913043477,
            "8": 0
        }
    }
}