{
    "Ranking": "4 > 7 > 5 > 3 > 1 > 2 > 8",
    "Number Of Seats": 7,
    "Stats": {
        "votes_needed_to_win": 63,
        "rounds": {
            "1": {
                "4": 213,
                "7": 63,
                "3": 61,
                "5": 58,
                "1": 47,
                "2": 24,
                "6": 22,
                "8": 11
            },
            "2": {
                "5": 120.676056338028,
                "3": 86.352112676056,
                "1": 71.647887323944,
                "2": 31.746478873239,
                "6": 31.154929577465,
                "8": 20.154929577465
            },
            "3": {
                "2": 98.117708316538,
                "8": 55.954378247022,
                "6": 49.404124269381
            },
            "4": {
                "8": 102.098305912059,
                "6": 61.802024174064
            }
        }
    }
}