{
    "Ranking": "4 > 7 > 5 > 3 > 1 > 2 > 8 > 6",
    "Number Of Seats": 7,
    "Stats": {
        "4": 299.6881816893423,
        "7": 192.02690901360535,
        "5": 177.50530753968232,
        "3": 174.7220564058952,
        "1": 162.57686082766412,
        "2": 127.75142998866217,
        "8": 112.84940051020418,
        "6": 111.80842545351481
    }
}