{
    "Ranking": "4 > 7 > 5 > 3 > 1 > 2 > 8 > 6",
    "Number Of Seats": 7,
    "Stats": {
        "1": {
            "2": 1.7142857142857142,
            "3": 0,
            "4": 0,
            "5": 0,
            "6": 2.9489795918367347,
            "7": 0,
            "8": 2.190082644628099
        },
        "2": {
            "1": 0,
            "3": 0,
            "4": 0,
            "5": 0,
            "6": 2.1339285714285716,
            "7": 0,
            "8": 1.3774834437086092
        },
        "3": {
            "1": 1.014354066985646,
            "2": 1.7142857142857142,
            "4": 0,
            "5": 0,
            "6": 3.150537634408602,
            "7": 0,
            "8": 2.3
        },
        "4": {
            "1": 2.5426356589147288,
            "2": 4.160919540229885,
            "3": 2.265734265734266,
            "5": 2.760330578512397,
            "6": 7.384615384615385,
            "7": 2.3093525179856114,
            "8": 5.267605633802817
        },
        "5": {
            "1": 1.2617801047120418,
            "2": 2.045112781954887,
            "3": 1.1379310344827587,
            "4": 0,
            "6": 3.393258426966292,
            "7": 0,
            "8": 2.325
        },
        "6": {
            "1": 0,
            "2": 0,
            "3": 0,
            "4": 0,
            "5": 0,
            "7": 0,
            "8": 0
        },
        "7": {
            "1": 1.4829545454545454,
            "2": 2.641025641025641,
            "3": 1.3455497382198953,
            "4": 0,
            "5": 1.2564102564102564,
            "6": 3.9176470588235293,
            "8": 4.415584415584416
        },
        "8": {
            "1": 0,
            "2": 0,
            "3": 0,
            "4": 0,
            "5": 0,
            "6": 2.0462962962962963,
            "7": 0
        }
    }
}