{
    "Ranking": "J > A > M > B > E = H > K > N > F > D > L > G > C > I",
    "Number Of Seats": 12,
    "Stats": {
        "A": {
            "B": 1.2,
            "C": 2.6666666666666665,
            "D": 1.2,
            "E": 1.2,
            "F": 1.625,
            "G": 2.0833333333333335,
            "H": 1.2,
            "I": 6,
            "J": 0,
            "K": 1.2941176470588236,
            "L": 1.4210526315789473,
            "M": 1.2,
            "N": 1.2
        },
        "B": {
            "A": 0,
            "C": 1.75,
            "D": 1.2,
            "E": 1.25,
            "F": 1.3529411764705883,
            "G": 2.272727272727273,
            "H": 1.411764705882353,
            "I": 6,
            "J": 0,
            "K": 1.2777777777777777,
            "L": 1.588235294117647,
            "M": 1.2,
            "N": 1.2
        },
        "C": {
            "A": 0,
            "B": 0,
            "D": 0,
            "E": 0,
            "F": 0,
            "G": 0,
            "H": 0,
            "I": 2.25,
            "J": 0,
            "K": 0,
            "L": 0,
            "M": 0,
            "N": 0
        },
        "D": {
            "A": 0,
            "B": 1.1,
            "C": 1.6153846153846154,
            "E": 1.1,
            "F": 1.1363636363636365,
            "G": 1.4666666666666666,
            "H": 1.1,
            "I": 3,
            "J": 0,
            "K": 1.1,
            "L": 1.2083333333333333,
            "M": 1.1,
            "N": 1.1
        },
        "E": {
            "A": 0,
            "B": 1.2,
            "C": 1.9,
            "D": 1.2,
            "F": 1.25,
            "G": 2.3333333333333335,
            "H": 1.2,
            "I": 2.5,
            "J": 0,
            "K": 1.3846153846153846,
            "L": 2.230769230769231,
            "M": 1.2,
            "N": 1.2
        },
        "F": {
            "A": 0,
            "B": 1.1,
            "C": 1.6923076923076923,
            "D": 1.1428571428571428,
            "E": 1.1,
            "G": 1.2777777777777777,
            "H": 1.1,
            "I": 2.25,
            "J": 0,
            "K": 1.1,
            "L": 1.1428571428571428,
            "M": 1.1,
            "N": 1.1
        },
        "G": {
            "A": 0,
            "B": 0,
            "C": 1.2666666666666666,
            "D": 0,
            "E": 0,
            "F": 0,
            "H": 0,
            "I": 3.3333333333333335,
            "J": 0,
            "K": 0,
            "L": 0,
            "M": 0,
            "N": 0
        },
        "H": {
            "A": 0,
            "B": 1.2,
            "C": 2.090909090909091,
            "D": 1.2,
            "E": 1.2,
            "F": 1.2,
            "G": 1.9230769230769231,
            "I": 2.090909090909091,
            "J": 0,
            "K": 1.2777777777777777,
            "L": 1.8235294117647058,
            "M": 1.2,
            "N": 1.2
        },
        "I": {
            "A": 0,
            "B": 0,
            "C": 0,
            "D": 0,
            "E": 0,
            "F": 0,
            "G": 0,
            "H": 0,
            "J": 0,
            "K": 0,
            "L": 0,
            "M": 0,
            "N": 0
        },
        "J": {
            "A": 2.2857142857142856,
            "B": 1.3846153846153846,
            "C": 4,
            "D": 2,
            "E": 1.9230769230769231,
            "F": 3.888888888888889,
            "G": 2.6363636363636362,
            "H": 1.75,
            "I": 3.6666666666666665,
            "K": 2.8181818181818183,
            "L": 1.9230769230769231,
            "M": 2.7777777777777777,
            "N": 2.4166666666666665
        },
        "K": {
            "A": 0,
            "B": 1.2,
            "C": 3.375,
            "D": 1.2,
            "E": 1.2,
            "F": 1.2,
            "G": 1.6,
            "H": 1.2,
            "I": 3,
            "J": 0,
            "L": 1.411764705882353,
            "M": 1.2,
            "N": 1.2
        },
        "L": {
            "A": 0,
            "B": 1.1,
            "C": 1.4,
            "D": 1.1363636363636365,
            "E": 1.1,
            "F": 1.1363636363636365,
            "G": 1.1666666666666667,
            "H": 1.1,
            "I": 1.5,
            "J": 0,
            "K": 1.1,
            "M": 1.1,
            "N": 1.1
        },
        "M": {
            "A": 0,
            "B": 1.3846153846153846,
            "C": 2.5555555555555554,
            "D": 1.4,
            "E": 1.25,
            "F": 1.3529411764705883,
            "G": 2,
            "H": 1.3846153846153846,
            "I": 5,
            "J": 0,
            "K": 1.2777777777777777,
            "L": 1.3846153846153846,
            "N": 1.2
        },
        "N": {
            "A": 0,
            "B": 1.125,
            "C": 1.8333333333333333,
            "D": 1.1428571428571428,
            "E": 1.125,
            "F": 1.2105263157894737,
            "G": 1.9166666666666667,
            "H": 1.125,
            "I": 1.9166666666666667,
            "J": 0,
            "K": 1.125,
            "L": 1.875,
            "M": 1.125
        }
    }
}