{
    "Ranking": "H > C > J > A > D > M > L > G > I > B > E > F > K",
    "Number Of Seats": 3,
    "Stats": {
        "H": 256.222358197,
        "C": 191.328823954,
        "J": 131.600746476,
        "A": 124.170793096,
        "D": 105.617046842,
        "M": 100.888353313,
        "L": 94.895956821,
        "G": 81.344474969,
        "I": 68.10024975,
        "B": 61.68030858,
        "E": 54.326445776,
        "F": 53.438128538,
        "K": 33.765739816
    }
}