{
    "Ranking": "Neil McGovern > Mehdi Dogguy > Gergely Nagy > None Of The Above",
    "Number Of Seats": 1,
    "Stats": {
        "Neil McGovern": 263.9791666666667,
        "Mehdi Dogguy": 219.60416666666669,
        "Gergely Nagy": 133.1874999999998,
        "None Of The Above": 84.8958333333333
    }
}