{
    "Ranking": "Neil McGovern > Mehdi Dogguy > Gergely Nagy > None Of The Above",
    "Number Of Seats": 1,
    "Stats": {
        "1": {
            "Neil McGovern": 203.58333333333337,
            "Mehdi Dogguy": 117.08333333333331,
            "Gergely Nagy": 25.08333333333333,
            "None Of The Above": 7.25
        }
    }
}