{
    "Ranking": "3 > 5 > 6 > 4 > 1 > 7 > 2",
    "Number Of Seats": 2,
    "Stats": {
        "3": 50.25,
        "5": 47.933333333333366,
        "6": 47.13333333333333,
        "4": 37.783333333333324,
        "1": 32.63333333333332,
        "7": 29.599999999999994,
        "2": 27.249999999999996
    }
}