{
    "Ranking": "6 > 5 > 7 > 2 > 1 = 3 > 4",
    "Number Of Seats": 2,
    "Stats": {
        "1": {
            "2": 1.05,
            "3": 1.05,
            "4": 1.588235294117647,
            "5": 1.05,
            "6": 0,
            "7": 1.05
        },
        "2": {
            "1": 1.0625,
            "3": 1.0588235294117647,
            "4": 1.0625,
            "5": 1.0588235294117647,
            "6": 0,
            "7": 1.0588235294117647
        },
        "3": {
            "1": 1.05,
            "2": 1.05,
            "4": 1.3333333333333333,
            "5": 1.05,
            "6": 0,
            "7": 1.05
        },
        "4": {
            "1": 1.05,
            "2": 1.05,
            "3": 1.05,
            "5": 1.05,
            "6": 0,
            "7": 1.05
        },
        "5": {
            "1": 1.5,
            "2": 1.1875,
            "3": 1.2941176470588236,
            "4": 1.5,
            "6": 0,
            "7": 1.375
        },
        "6": {
            "1": 1.4666666666666666,
            "2": 1.9166666666666667,
            "3": 1.2941176470588236,
            "4": 1.6428571428571428,
            "5": 1.0588235294117647,
            "7": 3
        },
        "7": {
            "1": 1.0625,
            "2": 1.1875,
            "3": 1.2941176470588236,
            "4": 1.6428571428571428,
            "5": 1.0588235294117647,
            "6": 0
        }
    }
}