{
    "Ranking": "Bdale Garbee > Branden Robinson > Martin Michlmayr > Moshe Zadka > None Of The Above",
    "Number Of Seats": 1,
    "Stats": {
        "Bdale Garbee": 287.8680555555557,
        "Branden Robinson": 285.07222222222225,
        "Martin Michlmayr": 284.66944444444454,
        "Moshe Zadka": 132.32361111111112,
        "None Of The Above": 124.33333333333351
    }
}