{
    "Ranking": "Bdale Garbee > Branden Robinson > Martin Michlmayr > Moshe Zadka > None Of The Above",
    "Number Of Seats": 1,
    "Stats": {
        "Bdale Garbee": 294.7777777777778,
        "Branden Robinson": 284.89861111111105,
        "Martin Michlmayr": 276.0680555555559,
        "Moshe Zadka": 134.94999999999993,
        "None Of The Above": 123.57222222222241
    }
}