{
    "Ranking": "6 > 4 > 2 > 3 > 5 > 1",
    "Number Of Seats": 4,
    "Stats": {
        "1": {
            "2": 0,
            "3": 0,
            "4": 0,
            "5": 0,
            "6": 0
        },
        "2": {
            "1": 5.857142857142857,
            "3": 1.8,
            "4": 0,
            "5": 1.5833333333333333,
            "6": 0
        },
        "3": {
            "1": 4.05,
            "2": 0,
            "4": 0,
            "5": 1.5833333333333333,
            "6": 0
        },
        "4": {
            "1": 6.25,
            "2": 2.6470588235294117,
            "3": 4.318181818181818,
            "5": 2.3333333333333335,
            "6": 0
        },
        "5": {
            "1": 3.0625,
            "2": 0,
            "3": 0,
            "4": 0,
            "6": 0
        },
        "6": {
            "1": 14.6,
            "2": 7.526315789473684,
            "3": 11,
            "4": 3,
            "5": 3.475
        }
    }
}