{
    "Ranking": "6 > 4 > 5 > 2 > 3 > 1",
    "Number Of Seats": 4,
    "Stats": {
        "6": 139.173611111,
        "4": 86.165277778,
        "5": 73.210277778,
        "2": 64.996388889,
        "3": 58.301666667,
        "1": 51.002777778
    }
}