{
    "Ranking": "6 > 4 > 2 > 3",
    "Number Of Seats": 4,
    "Stats": {
        "Votes Needed to Win": 39,
        "rounds": {
            "1": {
                "6": 110,
                "5": 34,
                "4": 27,
                "2": 11,
                "3": 5,
                "1": 4
            },
            "2": {
                "4": 58.627272705,
                "5": 35.29090909,
                "2": 15.518181815,
                "3": 12.099999995,
                "1": 7.87272727
            },
            "3": {
                "2": 41.408683496,
                "5": 37.896833897,
                "3": 18.985752539,
                "1": 7.87272727
            },
            "4": {
                "3": 43.032121078,
                "5": 38.129508137,
                "1": 9.891366092
            }
        }
    }
}