{
    "Ranking": "4 > 6 > 9 > 5 > 2 > 1 > 8 > 13 > 3 > 10 > 7 > 12 > 11",
    "Number Of Seats": 3,
    "Stats": {
        "4": 231.52408963087666,
        "6": 169.74521094452822,
        "9": 168.67351298830317,
        "5": 139.42139809011422,
        "2": 130.6882468639358,
        "1": 128.72873725117356,
        "8": 116.90839321660097,
        "13": 113.57601654835568,
        "3": 110.07049238156543,
        "10": 107.23870949654128,
        "7": 103.01324158081891,
        "12": 99.00737818395453,
        "11": 98.67680059545751
    }
}