{
    "Ranking": "4 > 6 > 9",
    "Number Of Seats": 3,
    "Stats": {
        "votes_needed_to_win": 136,
        "rounds": {
            "1": {
                "4": 143,
                "6": 82,
                "2": 50,
                "5": 50,
                "9": 46,
                "1": 32,
                "8": 32,
                "13": 26,
                "3": 23,
                "10": 18,
                "7": 16,
                "11": 10,
                "12": 9
            },
            "2": {
                "6": 82.587412587413,
                "5": 50.440559440559,
                "2": 50.195804195804,
                "9": 49.867132867133,
                "8": 32.293706293706,
                "1": 32,
                "13": 26.244755244755,
                "3": 23.195804195804,
                "10": 18.538461538461,
                "7": 16.342657342657,
                "11": 10.048951048951,
                "12": 9.048951048951
            },
            "3": {
                "6": 85.587412587413,
                "9": 50.867132867133,
                "5": 50.48951048951,
                "2": 50.195804195804,
                "8": 33.293706293706,
                "1": 32,
                "13": 26.244755244755,
                "3": 23.195804195804,
                "10": 18.538461538461,
                "7": 16.342657342657,
                "11": 14.048951048951
            },
            "4": {
                "6": 85.587412587413,
                "9": 53.867132867133,
                "5": 53.48951048951,
                "2": 50.195804195804,
                "8": 34.293706293706,
                "1": 33,
                "13": 28.244755244755,
                "3": 24.244755244755,
                "10": 21.538461538461,
                "7": 16.342657342657
            },
            "5": {
                "6": 85.587412587413,
                "9": 58.867132867133,
                "2": 58.342657342657,
                "5": 53.538461538461,
                "8": 34.293706293706,
                "1": 33,
                "13": 28.244755244755,
                "3": 25.342657342657,
                "10": 23.587412587413
            },
            "6": {
                "6": 87.636363636364,
                "9": 61.062937062937,
                "2": 59.342657342657,
                "5": 55.538461538461,
                "8": 36.391608391608,
                "1": 36.146853146853,
                "13": 30.244755244755,
                "3": 29.391608391608
            },
            "7": {
                "6": 94.685314685315,
                "9": 62.062937062937,
                "5": 61.636363636364,
                "2": 61.48951048951,
                "8": 40.440559440559,
                "1": 37.146853146853,
                "13": 34.244755244755
            },
            "8": {
                "6": 98.685314685315,
                "9": 69.062937062937,
                "5": 68.636363636364,
                "2": 64.538461538461,
                "8": 42.538461538461,
                "1": 41.146853146853
            },
            "9": {
                "6": 99.685314685315,
                "9": 85.062937062937,
                "5": 78.783216783217,
                "2": 66.538461538461,
                "8": 44.538461538461
            },
            "10": {
                "6": 120.783216783217,
                "9": 88.062937062937,
                "5": 82.979020979021,
                "2": 66.538461538461
            },
            "11": {
                "6": 132.93006993007,
                "9": 107.16083916084,
                "5": 88.027972027972
            },
            "12": {
                "6": 146.174825174825,
                "9": 129.356643356644
            },
            "13": {
                "9": 150.534587500239
            }
        }
    }
}