{
    "Ranking": "4 > 6 > 2 = 5 > 9 > 1 = 8 > 13 > 3 > 10 > 7 > 11 > 12",
    "Number Of Seats": 3,
    "Stats": {
        "1": {
            "4": 143.2307692307692,
            "6": 82.23076923076924,
            "2": 50.23076923076924,
            "5": 50.23076923076924,
            "9": 46.23076923076924,
            "8": 32.23076923076924,
            "1": 32.23076923076924,
            "13": 26.23076923076923,
            "3": 23.23076923076923,
            "10": 18.23076923076923,
            "7": 16.23076923076923,
            "11": 10.23076923076923,
            "12": 9.23076923076923
        }
    }
}