{
    "Ranking": "A > B > F > D > E > C",
    "Number Of Seats": 2,
    "Stats": {
        "A": {
            "B": 1.0321100917431192,
            "C": 1.393063583815029,
            "D": 1.4464285714285714,
            "E": 1.281767955801105,
            "F": 1.061904761904762
        },
        "B": {
            "A": 0,
            "C": 1.5493827160493827,
            "D": 1.2842105263157895,
            "E": 1.198952879581152,
            "F": 1.1979166666666667
        },
        "C": {
            "A": 0,
            "B": 0,
            "D": 0,
            "E": 0,
            "F": 0
        },
        "D": {
            "A": 0,
            "B": 0,
            "C": 1.0585106382978724,
            "E": 1.047872340425532,
            "F": 0
        },
        "E": {
            "A": 0,
            "B": 0,
            "C": 1.1396648044692737,
            "D": 0,
            "F": 0
        },
        "F": {
            "A": 0,
            "B": 0,
            "C": 1.2701149425287357,
            "D": 1.07,
            "E": 1.047872340425532
        }
    }
}