{
    "Ranking": "10 > 2 > 14 > 5 = 17 > 7 = 9 > 4 > 11 = 12 > 6 = 16 > 1 = 8 > 3 > 13 > 15",
    "Number Of Seats": 2,
    "Stats": {
        "1": {
            "2": 1.25,
            "3": 2,
            "4": 1.6666666666666667,
            "5": 1.6666666666666667,
            "6": 1.6666666666666667,
            "7": 1.6666666666666667,
            "8": 1.6666666666666667,
            "9": 1.6666666666666667,
            "10": 0,
            "11": 1.6666666666666667,
            "12": 1.6666666666666667,
            "13": 3.5,
            "14": 1.6666666666666667,
            "15": 3,
            "16": 1.6666666666666667,
            "17": 1.6666666666666667
        },
        "2": {
            "1": 9,
            "3": 8,
            "4": 3,
            "5": 1.6666666666666667,
            "6": 11,
            "7": 3.5,
            "8": 9,
            "9": 1.6666666666666667,
            "10": 0,
            "11": 13,
            "12": 12,
            "13": 8,
            "14": 1.6666666666666667,
            "15": 6,
            "16": 12,
            "17": 1.6666666666666667
        },
        "3": {
            "1": 1.6666666666666667,
            "2": 1.25,
            "4": 1.6666666666666667,
            "5": 1.6666666666666667,
            "6": 1.6666666666666667,
            "7": 1.6666666666666667,
            "8": 1.6666666666666667,
            "9": 1.6666666666666667,
            "10": 0,
            "11": 1.6666666666666667,
            "12": 1.6666666666666667,
            "13": 2.3333333333333335,
            "14": 1.6666666666666667,
            "15": 2.3333333333333335,
            "16": 1.6666666666666667,
            "17": 1.6666666666666667
        },
        "4": {
            "1": 5,
            "2": 1.25,
            "3": 5,
            "5": 1.6666666666666667,
            "6": 5,
            "7": 1.6666666666666667,
            "8": 4,
            "9": 1.6666666666666667,
            "10": 0,
            "11": 3,
            "12": 1.75,
            "13": 5,
            "14": 1.6666666666666667,
            "15": 3.5,
            "16": 1.75,
            "17": 1.6666666666666667
        },
        "5": {
            "1": 5,
            "2": 1.25,
            "3": 7,
            "4": 2,
            "6": 5,
            "7": 2.6666666666666665,
            "8": 3,
            "9": 3,
            "10": 0,
            "11": 3.5,
            "12": 2,
            "13": 6,
            "14": 1.6666666666666667,
            "15": 3,
            "16": 3,
            "17": 1.6666666666666667
        },
        "6": {
            "1": 5,
            "2": 1.25,
            "3": 7,
            "4": 1.6666666666666667,
            "5": 1.6666666666666667,
            "7": 1.6666666666666667,
            "8": 2,
            "9": 1.6666666666666667,
            "10": 0,
            "11": 1.6666666666666667,
            "12": 1.6666666666666667,
            "13": 6,
            "14": 1.6666666666666667,
            "15": 3,
            "16": 1.6666666666666667,
            "17": 1.6666666666666667
        },
        "7": {
            "1": 2,
            "2": 1.25,
            "3": 2,
            "4": 1.6666666666666667,
            "5": 1.6666666666666667,
            "6": 2,
            "8": 2,
            "9": 1.6666666666666667,
            "10": 0,
            "11": 1.6666666666666667,
            "12": 1.6666666666666667,
            "13": 2,
            "14": 1.6666666666666667,
            "15": 2,
            "16": 1.6666666666666667,
            "17": 1.6666666666666667
        },
        "8": {
            "1": 1.6666666666666667,
            "2": 1.25,
            "3": 3.5,
            "4": 1.6666666666666667,
            "5": 1.6666666666666667,
            "6": 1.6666666666666667,
            "7": 1.6666666666666667,
            "9": 1.6666666666666667,
            "10": 0,
            "11": 1.6666666666666667,
            "12": 1.6666666666666667,
            "13": 2.3333333333333335,
            "14": 1.6666666666666667,
            "15": 3.5,
            "16": 1.6666666666666667,
            "17": 1.6666666666666667
        },
        "9": {
            "1": 5,
            "2": 1.25,
            "3": 5,
            "4": 2,
            "5": 1.6666666666666667,
            "6": 2.5,
            "7": 1.6666666666666667,
            "8": 3,
            "10": 0,
            "11": 3,
            "12": 1.75,
            "13": 6,
            "14": 1.6666666666666667,
            "15": 6,
            "16": 1.75,
            "17": 1.6666666666666667
        },
        "10": {
            "1": 3,
            "2": 1.25,
            "3": 3.5,
            "4": 3,
            "5": 3,
            "6": 3,
            "7": 2.6666666666666665,
            "8": 4.666666666666667,
            "9": 3,
            "11": 3.4,
            "12": 4.666666666666667,
            "13": 4.666666666666667,
            "14": 3,
            "15": 4.666666666666667,
            "16": 3,
            "17": 3.4
        },
        "11": {
            "1": 2.5,
            "2": 1.25,
            "3": 5,
            "4": 1.6666666666666667,
            "5": 1.6666666666666667,
            "6": 2.5,
            "7": 1.6666666666666667,
            "8": 2,
            "9": 1.6666666666666667,
            "10": 0,
            "12": 1.6666666666666667,
            "13": 2.5,
            "14": 1.6666666666666667,
            "15": 2.5,
            "16": 1.6666666666666667,
            "17": 1.6666666666666667
        },
        "12": {
            "1": 2.3333333333333335,
            "2": 1.25,
            "3": 3.5,
            "4": 1.6666666666666667,
            "5": 1.6666666666666667,
            "6": 1.6666666666666667,
            "7": 1.6666666666666667,
            "8": 9,
            "9": 1.6666666666666667,
            "10": 0,
            "11": 1.6666666666666667,
            "13": 6,
            "14": 1.6666666666666667,
            "15": 6,
            "16": 2.3333333333333335,
            "17": 1.6666666666666667
        },
        "13": {
            "1": 1.6666666666666667,
            "2": 1.25,
            "3": 1.6666666666666667,
            "4": 1.6666666666666667,
            "5": 1.6666666666666667,
            "6": 1.6666666666666667,
            "7": 1.6666666666666667,
            "8": 1.6666666666666667,
            "9": 1.6666666666666667,
            "10": 0,
            "11": 1.6666666666666667,
            "12": 1.6666666666666667,
            "14": 1.6666666666666667,
            "15": 3,
            "16": 1.6666666666666667,
            "17": 1.6666666666666667
        },
        "14": {
            "1": 3,
            "2": 1.25,
            "3": 3,
            "4": 2.5,
            "5": 3,
            "6": 3,
            "7": 2.6666666666666665,
            "8": 3,
            "9": 3,
            "10": 0,
            "11": 3,
            "12": 2.5,
            "13": 3,
            "15": 6,
            "16": 3,
            "17": 2.5
        },
        "15": {
            "1": 1.6666666666666667,
            "2": 1.25,
            "3": 1.6666666666666667,
            "4": 1.6666666666666667,
            "5": 1.6666666666666667,
            "6": 1.6666666666666667,
            "7": 1.6666666666666667,
            "8": 1.6666666666666667,
            "9": 1.6666666666666667,
            "10": 0,
            "11": 1.6666666666666667,
            "12": 1.6666666666666667,
            "13": 1.6666666666666667,
            "14": 1.6666666666666667,
            "16": 1.6666666666666667,
            "17": 1.6666666666666667
        },
        "16": {
            "1": 3,
            "2": 1.25,
            "3": 2.5,
            "4": 1.6666666666666667,
            "5": 1.6666666666666667,
            "6": 1.6666666666666667,
            "7": 1.6666666666666667,
            "8": 1.6666666666666667,
            "9": 1.6666666666666667,
            "10": 0,
            "11": 1.6666666666666667,
            "12": 1.6666666666666667,
            "13": 3,