{
    "Ranking": "10 > 2 > 14 > 17 > 3 > 8 > 1 > 5 > 9 > 12 > 4 > 15 > 11 > 7 > 13 > 16 > 6",
    "Number Of Seats": 2,
    "Stats": {
        "10": 31.995833333,
        "2": 17.08452381,
        "14": 15.970375458,
        "17": 11.416666667,
        "3": 10.064123377,
        "8": 8.403907204,
        "1": 6.442261905,
        "5": 5.632575758,
        "9": 5.620634921,
        "12": 5.455133755,
        "4": 5.055790043,
        "15": 4.979304029,
        "11": 4.185353535,
        "7": 3.82980908,
        "13": 3.528968254,
        "16": 3.43009768,
        "6": 2.123351648
    }
}