{
    "Ranking": "4 > 2 > 1 > 3",
    "Number Of Seats": 3,
    "Stats": {
        "1": {
            "2": 0,
            "3": 1.45,
            "4": 0
        },
        "2": {
            "1": 1.0133333333333334,
            "3": 1.0845070422535212,
            "4": 0
        },
        "3": {
            "1": 0,
            "2": 0,
            "4": 0
        },
        "4": {
            "1": 1.2,
            "2": 1.3432835820895523,
            "3": 1.576271186440678
        }
    }
}