{
    "Ranking": "4 > 1 > 2 > 3",
    "Number Of Seats": 3,
    "Stats": {
        "4": 93.93055555555556,
        "1": 84.97222222222226,
        "2": 80.0555555555556,
        "3": 70.20833333333344
    }
}