{
    "Ranking": "9 > 6 > 1 > 5 > 4 > 10 > 8 > 7 > 3 > 2",
    "Number Of Seats": 5,
    "Stats": {
        "1": {
            "2": 1.728395061728395,
            "3": 1.5106382978723405,
            "4": 1.1206896551724137,
            "5": 1.1785714285714286,
            "6": 0,
            "7": 1.431578947368421,
            "8": 1.1851851851851851,
            "9": 0,
            "10": 1.1785714285714286
        },
        "2": {
            "1": 0,
            "3": 0,
            "4": 0,
            "5": 0,
            "6": 0,
            "7": 0,
            "8": 0,
            "9": 0,
            "10": 0
        },
        "3": {
            "1": 0,
            "2": 1.0729166666666667,
            "4": 0,
            "5": 0,
            "6": 0,
            "7": 0,
            "8": 0,
            "9": 0,
            "10": 0
        },
        "4": {
            "1": 0,
            "2": 1.4,
            "3": 1.145631067961165,
            "5": 0,
            "6": 0,
            "7": 1.1359223300970873,
            "8": 1.145631067961165,
            "9": 0,
            "10": 1.145631067961165
        },
        "5": {
            "1": 0,
            "2": 1.5952380952380953,
            "3": 1.4086021505376345,
            "4": 1.0526315789473684,
            "6": 0,
            "7": 1.36,
            "8": 1.1926605504587156,
            "9": 0,
            "10": 1.2149532710280373
        },
        "6": {
            "1": 1.0614035087719298,
            "2": 2.0833333333333335,
            "3": 1.4166666666666667,
            "4": 1.0614035087719298,
            "5": 1.0614035087719298,
            "7": 1.404040404040404,
            "8": 1.201834862385321,
            "9": 0,
            "10": 1.2380952380952381
        },
        "7": {
            "1": 0,
            "2": 1.2282608695652173,
            "3": 1.02803738317757,
            "4": 0,
            "5": 0,
            "6": 0,
            "8": 0,
            "9": 0,
            "10": 0
        },
        "8": {
            "1": 0,
            "2": 1.4823529411764707,
            "3": 1.2,
            "4": 1.008695652173913,
            "5": 0,
            "6": 0,
            "7": 1.1037735849056605,
            "9": 0,
            "10": 1.008695652173913
        },
        "9": {
            "1": 1.1166666666666667,
            "2": 2.2777777777777777,
            "3": 2.12,
            "4": 1.6222222222222222,
            "5": 1.4271844660194175,
            "6": 1.3211009174311927,
            "7": 1.7303370786516854,
            "8": 1.5463917525773196,
            "10": 1.7252747252747254
        },
        "10": {
            "1": 0,
            "2": 1.4333333333333333,
            "3": 1.25,
            "4": 1.008695652173913,
            "5": 0,
            "6": 0,
            "7": 1.1037735849056605,
            "8": 1.1923076923076923,
            "9": 0
        }
    }
}