{
    "Ranking": "9 > 1 > 6 > 10 > 5 > 4 > 8 > 3 > 7 > 2",
    "Number Of Seats": 5,
    "Stats": {
        "9": 120.05533320735697,
        "1": 100.59421359284447,
        "6": 92.63343773620562,
        "10": 89.10938066893425,
        "5": 89.05595064877798,
        "4": 86.91479465860421,
        "8": 83.95981434240366,
        "3": 79.49173343411438,
        "7": 77.78328278533645,
        "2": 64.95047162383479
    }
}