{
    "Ranking": "O > E > H > C > I > Q > F > L > N > A > D > R > B > P > G > M > K > J",
    "Number Of Seats": 3,
    "Stats": {
        "O": 3,
        "E": 2.276923077,
        "H": 2.120634921,
        "C": 1.924242424,
        "I": 1.851190476,
        "Q": 1.738095238,
        "F": 1.616666667,
        "L": 1.563095238,
        "N": 1.516666667,
        "A": 1.48015873,
        "D": 1.166666667,
        "R": 1.16025641,
        "B": 0.907037815,
        "P": 0.727777778,
        "G": 0.680555556,
        "M": 0.465909091,
        "K": 0.322222222,
        "J": 0.121323529
    }
}