{
    "Ranking": "4 > 1 > 2 > 3",
    "Number Of Seats": 3,
    "Stats": {
        "1": {
            "2": 1.088235294117647,
            "3": 2.227272727272727,
            "4": 0
        },
        "2": {
            "1": 0,
            "3": 1.0555555555555556,
            "4": 0
        },
        "3": {
            "1": 0,
            "2": 0,
            "4": 0
        },
        "4": {
            "1": 1.21875,
            "2": 1.7692307692307692,
            "3": 2.1739130434782608
        }
    }
}