{
    "Ranking": "4 > 2 > 6 > 5 > 3 > 10 > 7 > 8 > 1 > 9",
    "Number Of Seats": 9,
    "Stats": {
        "4": 351.487301587,
        "2": 311.51547619,
        "6": 305.517460317,
        "5": 294.920238095,
        "3": 256.829365079,
        "10": 230.556746032,
        "7": 201.991269841,
        "8": 186.201190476,
        "1": 147.878968254,
        "9": 133.833730159
    }
}