{
    "Ranking": "4 > 2 > 6 > 5 > 3 > 10 > 7 > 8 > 1 > 9",
    "Number Of Seats": 9,
    "Stats": {
        "4": 351.48730158730086,
        "2": 311.51547619047585,
        "6": 305.51746031746,
        "5": 294.9202380952379,
        "3": 256.8293650793638,
        "10": 230.5567460317464,
        "7": 201.99126984126895,
        "8": 186.2011904761907,
        "1": 147.87896825396814,
        "9": 133.83373015873045
    }
}