{
    "Ranking": "A > B > C > D",
    "Number Of Seats": 2,
    "Stats": {
        "A": 127.833333333,
        "B": 117.333333333,
        "C": 100.5,
        "D": 92.666666667
    }
}