{
    "Ranking": "5 > 4 > 7 > 3 > 1 > 2 > 9 > 10 > 6 > 8",
    "Number Of Seats": 6,
    "Stats": {
        "5": 257.360714286,
        "4": 199.226190476,
        "7": 179.35952381,
        "3": 147.831746032,
        "1": 146.056349206,
        "2": 146.054365079,
        "9": 125.063492063,
        "10": 106.197222222,
        "6": 98.623015873,
        "8": 70.730555556
    }
}