{
    "Ranking": "5 > 4 > 7 > 3 > 1 > 2 > 9 > 6 > 10 > 8",
    "Number Of Seats": 6,
    "Stats": {
        "1": {
            "2": 1.1122448979591837,
            "3": 1.074766355140187,
            "4": 0,
            "5": 0,
            "6": 1.921875,
            "7": 1.074766355140187,
            "8": 1.76,
            "9": 1.2842105263157895,
            "10": 1.275
        },
        "2": {
            "1": 1.074766355140187,
            "3": 1.074766355140187,
            "4": 0,
            "5": 0,
            "6": 1.4556962025316456,
            "7": 1.074766355140187,
            "8": 1.4556962025316456,
            "9": 1.2363636363636363,
            "10": 1.275
        },
        "3": {
            "1": 1.101123595505618,
            "2": 1.101123595505618,
            "4": 0,
            "5": 0,
            "6": 1.7777777777777777,
            "7": 1.074766355140187,
            "8": 1.5714285714285714,
            "9": 1.2954545454545454,
            "10": 1.3134328358208955
        },
        "4": {
            "1": 1.2,
            "2": 1.135135135135135,
            "3": 1.1891891891891893,
            "5": 0,
            "6": 1.7027027027027026,
            "7": 1.2416666666666667,
            "8": 2.3137254901960786,
            "9": 1.5247524752475248,
            "10": 1.6419753086419753
        },
        "5": {
            "1": 1.320754716981132,
            "2": 1.1440677966101696,
            "3": 1.32,
            "4": 1.1751824817518248,
            "6": 2.467741935483871,
            "7": 1.5245901639344261,
            "8": 2.510204081632653,
            "9": 1.9052631578947368,
            "10": 2
        },
        "6": {
            "1": 0,
            "2": 0,
            "3": 0,
            "4": 0,
            "5": 0,
            "7": 0,
            "8": 1.5714285714285714,
            "9": 0,
            "10": 1.275
        },
        "7": {
            "1": 1.088235294117647,
            "2": 1.088235294117647,
            "3": 1.088235294117647,
            "4": 0,
            "5": 0,
            "6": 1.4225352112676057,
            "8": 2.3191489361702127,
            "9": 1.7840909090909092,
            "10": 1.5890410958904109
        },
        "8": {
            "1": 0,
            "2": 0,
            "3": 0,
            "4": 0,
            "5": 0,
            "6": 0,
            "7": 0,
            "9": 0,
            "10": 0
        },
        "9": {
            "1": 0,
            "2": 0,
            "3": 0,
            "4": 0,
            "5": 0,
            "6": 1.0816326530612246,
            "7": 0,
            "8": 1.4,
            "10": 1.1683168316831682
        },
        "10": {
            "1": 0,
            "2": 0,
            "3": 0,
            "4": 0,
            "5": 0,
            "6": 0,
            "7": 0,
            "8": 1.1935483870967742,
            "9": 0
        }
    }
}