{
    "Ranking": "Chris Lamb > Mehdi Dogguy > None Of The Above",
    "Number Of Seats": 1,
    "Stats": {
        "Chris Lamb": 241.2777777777778,
        "Mehdi Dogguy": 228.19444444444454,
        "None Of The Above": 85.19444444444441
    }
}