{
    "Ranking": "10 > 1 > 7 > 4 > 6 > 2 > 5 > 3 > 8 > 9",
    "Number Of Seats": 4,
    "Stats": {
        "1": {
            "2": 2.190082644628099,
            "3": 3.2528735632183907,
            "4": 1.9242424242424243,
            "5": 2.0155038759689923,
            "6": 1.8478260869565217,
            "7": 1.369942196531792,
            "8": 3.157303370786517,
            "9": 3.108695652173913,
            "10": 0
        },
        "2": {
            "1": 0,
            "3": 1.3380281690140845,
            "4": 0,
            "5": 1.0864197530864197,
            "6": 0,
            "7": 0,
            "8": 1.3840579710144927,
            "9": 1.3571428571428572,
            "10": 0
        },
        "3": {
            "1": 0,
            "2": 0,
            "4": 0,
            "5": 0,
            "6": 0,
            "7": 0,
            "8": 1.1059602649006623,
            "9": 1.1156462585034013,
            "10": 0
        },
        "4": {
            "1": 0,
            "2": 1.08,
            "3": 1.3265306122448979,
            "5": 1.1666666666666667,
            "6": 1.112994350282486,
            "7": 0,
            "8": 1.3716216216216217,
            "9": 1.525179856115108,
            "10": 0
        },
        "5": {
            "1": 0,
            "2": 0,
            "3": 1.2805755395683454,
            "4": 0,
            "6": 0,
            "7": 0,
            "8": 1.3071428571428572,
            "9": 1.4960629921259843,
            "10": 0
        },
        "6": {
            "1": 0,
            "2": 1.063953488372093,
            "3": 1.5036496350364963,
            "4": 0,
            "5": 1.1454545454545455,
            "7": 0,
            "8": 1.5703703703703704,
            "9": 1.489051094890511,
            "10": 0
        },
        "7": {
            "1": 0,
            "2": 1.3067484662576687,
            "3": 1.6962962962962962,
            "4": 1.3333333333333333,
            "5": 1.4064516129032258,
            "6": 1.2203389830508475,
            "8": 2.0161290322580645,
            "9": 2.192982456140351,
            "10": 0
        },
        "8": {
            "1": 0,
            "2": 0,
            "3": 0,
            "4": 0,
            "5": 0,
            "6": 0,
            "7": 0,
            "9": 1.186206896551724,
            "10": 0
        },
        "9": {
            "1": 0,
            "2": 0,
            "3": 0,
            "4": 0,
            "5": 0,
            "6": 0,
            "7": 0,
            "8": 0,
            "10": 0
        },
        "10": {
            "1": 1.3757225433526012,
            "2": 2.5701754385964914,
            "3": 3.380434782608696,
            "4": 2.1297709923664123,
            "5": 2.80188679245283,
            "6": 2.2903225806451615,
            "7": 1.5029239766081872,
            "8": 4.342465753424658,
            "9": 3.7804878048780486
        }
    }
}