{
    "Ranking": "10 > 1 > 7 > 4 > 6 > 2 > 5 > 3 > 8 > 9",
    "Number Of Seats": 4,
    "Stats": {
        "10": 210.388640716,
        "1": 181.632274502,
        "7": 159.543039021,
        "4": 131.1989081,
        "6": 130.400478395,
        "2": 124.367294974,
        "5": 116.179577822,
        "3": 99.159594986,
        "8": 97.725871441,
        "9": 96.729716868
    }
}