{
    "Ranking": "10 > 1 > 7 > 4 > 6 > 2 > 5 > 3 > 8 > 9",
    "Number Of Seats": 4,
    "Stats": {
        "10": 210.38864071554534,
        "1": 181.63227450239353,
        "7": 159.54303902116393,
        "4": 131.19890810027678,
        "6": 130.40047839506167,
        "2": 124.3672949735448,
        "5": 116.17957782186933,
        "3": 99.15959498614251,
        "8": 97.72587144116903,
        "9": 96.72971686822875
    }
}