{
    "Ranking": "4 > 2 > 3 > 1 > 5",
    "Number Of Seats": 2,
    "Stats": {
        "4": 248.4166666666667,
        "2": 190.25000000000023,
        "3": 182.16666666666686,
        "1": 154.08333333333334,
        "5": 130.33333333333323
    }
}