{
    "Ranking": "4 > 2 > 3 > 5 > 1",
    "Number Of Seats": 2,
    "Stats": {
        "1": {
            "2": 0,
            "3": 1.0704225352112675,
            "4": 0,
            "5": 1.0704225352112675
        },
        "2": {
            "1": 1.3095238095238095,
            "3": 1.4615384615384615,
            "4": 0,
            "5": 1.4615384615384615
        },
        "3": {
            "1": 1.3095238095238095,
            "2": 0,
            "4": 0,
            "5": 1.6056338028169015
        },
        "4": {
            "1": 1.605263157894737,
            "2": 1.0598290598290598,
            "3": 1.2183908045977012,
            "5": 1.45
        },
        "5": {
            "1": 1.3095238095238095,
            "2": 0,
            "3": 1.0704225352112675,
            "4": 0
        }
    }
}