{
    "Ranking": "7 > 5 > 6 > 8 > 10 > 4 > 2 > 1 > 3 > 9",
    "Number Of Seats": 6,
    "Stats": {
        "1": {
            "2": 0,
            "3": 1.3636363636363635,
            "4": 0,
            "5": 0,
            "6": 0,
            "7": 0,
            "8": 0,
            "9": 1.4090909090909092,
            "10": 0
        },
        "2": {
            "1": 2.608695652173913,
            "3": 3.210526315789474,
            "4": 0,
            "5": 0,
            "6": 0,
            "7": 0,
            "8": 0,
            "9": 3.1,
            "10": 0
        },
        "3": {
            "1": 0,
            "2": 0,
            "4": 0,
            "5": 0,
            "6": 0,
            "7": 0,
            "8": 0,
            "9": 1.35,
            "10": 0
        },
        "4": {
            "1": 3.1538461538461537,
            "2": 1.2758620689655173,
            "3": 3.5652173913043477,
            "5": 0,
            "6": 0,
            "7": 0,
            "8": 0,
            "9": 6.066666666666666,
            "10": 0
        },
        "5": {
            "1": 3.1739130434782608,
            "2": 1.574468085106383,
            "3": 2.9565217391304346,
            "4": 2,
            "6": 1.8205128205128205,
            "7": 0,
            "8": 1.574468085106383,
            "9": 3.75,
            "10": 1.775
        },
        "6": {
            "1": 2.7586206896551726,
            "2": 1.574468085106383,
            "3": 3.32,
            "4": 2.0256410256410255,
            "5": 0,
            "7": 0,
            "8": 1.574468085106383,
            "9": 3.5652173913043477,
            "10": 1.775
        },
        "7": {
            "1": 8.1875,
            "2": 2.782608695652174,
            "3": 10.461538461538462,
            "4": 7.764705882352941,
            "5": 11.333333333333334,
            "6": 4.962962962962963,
            "8": 6.55,
            "9": 12.818181818181818,
            "10": 4.290322580645161
        },
        "8": {
            "1": 3.590909090909091,
            "2": 1.6938775510204083,
            "3": 5.8,
            "4": 2.054054054054054,
            "5": 0,
            "6": 0,
            "7": 0,
            "9": 6.066666666666666,
            "10": 1.5
        },
        "9": {
            "1": 0,
            "2": 0,
            "3": 0,
            "4": 0,
            "5": 0,
            "6": 0,
            "7": 0,
            "8": 0,
            "10": 0
        },
        "10": {
            "1": 2.896551724137931,
            "2": 1.4482758620689655,
            "3": 4.095238095238095,
            "4": 2.361111111111111,
            "5": 0,
            "6": 0,
            "7": 0,
            "8": 0,
            "9": 5.25
        }
    }
}