{
    "Ranking": "7 > 2 > 5 > 6 > 10 > 8 > 4 > 1 > 3 > 9",
    "Number Of Seats": 6,
    "Stats": {
        "7": 128.702311193,
        "2": 65.905685784,
        "5": 55.701995937,
        "6": 55.477122229,
        "10": 54.312470238,
        "8": 51.029855442,
        "4": 46.322323161,
        "1": 44.652934146,
        "3": 39.802559996,
        "9": 38.02845616
    }
}