{
    "Ranking": "10 > 1 > 7 > 4 > 6 > 2 > 5 > 3 > 8 > 9",
    "Number Of Seats": 4,
    "Stats": {
        "10": 196.177777778,
        "1": 162.968253968,
        "7": 137.974603175,
        "4": 105.254365079,
        "6": 104.788095238,
        "2": 95.900793651,
        "5": 86.68968254,
        "3": 67.776190476,
        "8": 65.779365079,
        "9": 63.905555556
    }
}