{
    "Ranking": "10 > 1 > 7 > 4 > 6 > 2 > 5 > 3 > 8 > 9",
    "Number Of Seats": 4,
    "Stats": {
        "10": 196.17777777777775,
        "1": 162.9682539682541,
        "7": 137.9746031746033,
        "4": 105.25436507936502,
        "6": 104.78809523809531,
        "2": 95.90079365079356,
        "5": 86.6896825396826,
        "3": 67.77619047619062,
        "8": 65.77936507936519,
        "9": 63.90555555555569
    }
}