{
    "Ranking": "10 > 1 > 7 > 4",
    "Number Of Seats": 4,
    "Stats": {
        "votes_needed_to_win": 93,
        "rounds": {
            "1": {
                "10": 118,
                "1": 81,
                "7": 70,
                "4": 42,
                "6": 41,
                "2": 40,
                "5": 27,
                "3": 15,
                "9": 14,
                "8": 12
            },
            "2": {
                "1": 88.203389830508,
                "7": 72.966101694915,
                "4": 43.694915254237,
                "6": 43.118644067797,
                "2": 41.483050847458,
                "5": 28.694915254237,
                "9": 16.966101694915,
                "3": 15.847457627119,
                "8": 15.389830508475
            },
            "3": {
                "1": 92.474576271186,
                "7": 74.177966101695,
                "4": 44.906779661017,
                "6": 43.542372881356,
                "2": 42.906779661017,
                "5": 32.330508474576,
                "3": 18.847457627119,
                "9": 17.177966101695
            },
            "4": {
                "1": 94.322033898305,
                "7": 78.389830508475,
                "4": 47.118644067797,
                "6": 46.237288135593,
                "2": 43.906779661017,
                "5": 35.330508474576,
                "3": 21.059322033898
            },
            "5": {
                "7": 79.433514550688,
                "6": 49.170478322445,
                "4": 48.628105441089,
                "2": 47.760765681392,
                "5": 38.248046964229,
                "3": 23.032925213578
            },
            "6": {
                "7": 86.687427474988,
                "4": 53.277714833935,
                "2": 52.986646260679,
                "6": 49.382342729225,
                "5": 41.713824295308
            },
            "7": {
                "7": 99.35105304034,
                "2": 61.862136232811,
                "4": 59.955356571794,
                "6": 56.820087715291
            },
            "8": {
                "4": 69.228401212388,
                "2": 69.006401029122,
                "6": 64.924175931017
            },
            "9": {
                "4": 90.892636092869,
                "2": 90.840451798863
            },
            "10": {
                "4": 130.906288488997
            }
        }
    }
}