{
    "Ranking": "Steve McIntyre > Raphael Hertzog > Marc Brockschmidt > None Of The Above",
    "Number Of Seats": 1,
    "Stats": {
        "Steve McIntyre": 248.25000000000014,
        "Raphael Hertzog": 225.7916666666668,
        "Marc Brockschmidt": 204.5000000000002,
        "None Of The Above": 102.37499999999996
    }
}