{
    "Ranking": "14 > 16 > 13 > 1 > 7 > 17 > 6 > 4 > 9 > 18 > 19 > 12 > 15 > 2 > 10 > 11 > 3 > 8 > 5",
    "Number Of Seats": 3,
    "Stats": {
        "14": 17.110851648351648,
        "16": 16.72563131313131,
        "13": 15.561937082525318,
        "1": 15.019841269841269,
        "7": 13.544444444444446,
        "17": 11.822712418300654,
        "6": 10.907211252799488,
        "4": 9.084498834498836,
        "9": 7.994444444444444,
        "18": 7.894678932178931,
        "19": 7.142099567099566,
        "12": 7.040508511096745,
        "15": 5.535702614379083,
        "2": 5.126190476190476,
        "10": 4.982911532911533,
        "11": 4.750169683257918,
        "3": 4.587034207622443,
        "8": 3.555194805194805,
        "5": 3.493452380952381
    }
}