{
    "Ranking": "14 > 1 = 13 > 7 > 16 > 4 > 6 > 17 > 19 > 9 > 18 > 15 > 3 > 2 = 10 > 12 > 11 > 5 > 8",
    "Number Of Seats": 3,
    "Stats": {
        "1": {
            "2": 3,
            "3": 3.111111111111111,
            "4": 1.6666666666666667,
            "5": 6,
            "6": 1.6111111111111112,
            "7": 1.2380952380952381,
            "8": 5.166666666666667,
            "9": 2.0714285714285716,
            "10": 2.5454545454545454,
            "11": 6,
            "12": 2.5,
            "13": 0,
            "14": 0,
            "15": 3.4444444444444446,
            "16": 1.2857142857142858,
            "17": 1.5555555555555556,
            "18": 2.7,
            "19": 2.230769230769231
        },
        "2": {
            "1": 0,
            "3": 0,
            "4": 0,
            "5": 1.4285714285714286,
            "6": 0,
            "7": 0,
            "8": 1.8333333333333333,
            "9": 0,
            "10": 0,
            "11": 1.4444444444444444,
            "12": 0,
            "13": 0,
            "14": 0,
            "15": 0,
            "16": 0,
            "17": 0,
            "18": 0,
            "19": 0
        },
        "3": {
            "1": 0,
            "2": 1.1818181818181819,
            "4": 0,
            "5": 2,
            "6": 0,
            "7": 0,
            "8": 1.8571428571428572,
            "9": 0,
            "10": 1.4444444444444444,
            "11": 1.25,
            "12": 1.25,
            "13": 0,
            "14": 0,
            "15": 0,
            "16": 0,
            "17": 0,
            "18": 0,
            "19": 0
        },
        "4": {
            "1": 0,
            "2": 2.1,
            "3": 1.5384615384615385,
            "5": 2.625,
            "6": 1.0666666666666667,
            "7": 0,
            "8": 3.6666666666666665,
            "9": 1.25,
            "10": 1.6666666666666667,
            "11": 2.2,
            "12": 2.2,
            "13": 0,
            "14": 0,
            "15": 1.5,
            "16": 0,
            "17": 1.2352941176470589,
            "18": 1.4666666666666666,
            "19": 1.4
        },
        "5": {
            "1": 0,
            "2": 0,
            "3": 0,
            "4": 0,
            "6": 0,
            "7": 0,
            "8": 1.1428571428571428,
            "9": 0,
            "10": 0,
            "11": 0,
            "12": 0,
            "13": 0,
            "14": 0,
            "15": 0,
            "16": 0,
            "17": 0,
            "18": 0,
            "19": 0
        },
        "6": {
            "1": 0,
            "2": 1.8,
            "3": 1.2857142857142858,
            "4": 0,
            "5": 2,
            "7": 0,
            "8": 3.3333333333333335,
            "9": 1.1875,
            "10": 1.2857142857142858,
            "11": 1.8181818181818181,
            "12": 1.75,
            "13": 0,
            "14": 0,
            "15": 1.2307692307692308,
            "16": 0,
            "17": 1.0555555555555556,
            "18": 1.2666666666666666,
            "19": 1.0588235294117647
        },
        "7": {
            "1": 0,
            "2": 4.571428571428571,
            "3": 3.111111111111111,
            "4": 1.4736842105263157,
            "5": 6,
            "6": 1.8125,
            "8": 4.428571428571429,
            "9": 1.9333333333333333,
            "10": 2.4545454545454546,
            "11": 3.3333333333333335,
            "12": 2.3846153846153846,
            "13": 0,
            "14": 0,
            "15": 3.5555555555555554,
            "16": 1.2380952380952381,
            "17": 1.6111111111111112,
            "18": 2.3333333333333335,
            "19": 3.2222222222222223
        },
        "8": {
            "1": 0,
            "2": 0,
            "3": 0,
            "4": 0,
            "5": 0,
            "6": 0,
            "7": 0,
            "9": 0,
            "10": 0,
            "11": 0,
            "12": 0,
            "13": 0,
            "14": 0,
            "15": 0,
            "16": 0,
            "17": 0,
            "18": 0,
            "19": 0
        },
        "9": {
            "1": 0,
            "2": 1.6,
            "3": 1.5454545454545454,
            "4": 0,
            "5": 1.75,
            "6": 0,
            "7": 0,
            "8": 2.8333333333333335,
            "10": 1.8,
            "11": 1.7777777777777777,
            "12": 1.3,
            "13": 0,
            "14": 0,
            "15": 1.2142857142857142,
            "16": 0,
            "17": 0,
            "18": 1.2142857142857142,
            "19": 0
        },
        "10": {
            "1": 0,
            "2": 0,
            "3": 0,
            "4": 0,
            "5": 1.625,
            "6": 0,
            "7": 0,
            "8": 1.2222222222222223,
            "9": 0,
            "11": 1.1666666666666667,
            "12": 1.1666666666666667,
            "13": 0,
            "14": 0,
            "15": 0,
            "16": 0,
            "17": 0,
            "18": 0,
            "19": 0
        },
        "11": {
            "1": 0,
            "2": 0,
            "3": 0,
            "4": 0,
            "5": 1.1111111111111112,
            "6": 0,
            "7": 0,
            "8": 1.1111111111111112,
            "9": 0,
            "10": 0,
            "12": 0,
            "13": 0,
            "14": 0,
            "15": 0,
            "16": 0,
            "17": 0,
            "18": 0,
            "19": 0
        },
        "12": {
            "1": 0,
            "2": 0,
            "3": 0,
            "4": 0,
            "5": 1.4444444444444444,
            "6": 0,
            "7": 0,
            "8": 1.625,
            "9": 0,
            "10": 0,
            "11": 1.2727272727272727,
            "13": 0,
            "14": 0,
            "15": 0,
            "16": 0,
            "17": 0,
            "18": 0,
            "19": 0
        },
        "13": {
            "1": 0,
            "2": 1.9230769230769231,
            "3": 4.5,
            "4": 1.15,
            "5": 3.125,
            "6": 1.4210526315789473,
            "7": 1.15,
            "8": 2.888888888888889,
            "9": 1.7333333333333334,
            "10": 2.272727272727273,
            "11": 2.6666666666666665,
            "12": 1.9285714285714286,
            "14": 0,
            "15": 3.2222222222222223,
            "16": 1.15,
            "17": 1.4210526315789473,
            "18": 2.090909090909091,
            "19": 2.4545454545454546
        },
        "14": {
            "1": 1.0769230769230769,
            "2": 2.909090909090909,
            "3": 3.2,
            "4": 2,
            "5": 3.5555555555555554,
            "6": 2,
            "7": 1.4,
            "8": 4.125,
            "9": 1.875,
            "10": 2.230769230769231,
            "11": 2.6363636363636362,
            "12": 2.75,
            "13": 1.3043478260869565,
            "15": 3.7777777777777777,
            "16": 1.2727272727272727,
            "17": 1.8235294117647058,
            "18": 2.066666666666667,
            "19": 1.9333333333333333
        },
        "15": {
            "1": 0,
            "2": 1.1666666666666667,
            "3": 1.1666666666666667,
            "4": 0,
            "5": 1.875,
            "6": 0,
            "7": 0,
            "8": 1.875,
            "9": 0,
            "10": 1.1666666666666667,
            "11": 1.2307692307692308,
            "12": 1.2307692307692308,
            "13": 0,
            "14": 0,
            "16": 0,
            "17": 0,
            "18": 0,
            "19": 0
        },
        "16": {
            "1": 0,
            "2": 2.6,
            "3": 2.4545454545454546,
            "4": 1.6666666666666667,
            "5": 3.25,
            "6": 1.7333333333333334,
            "7": 0,
            "8": 3.7142857142857144,
            "9": 1.8571428571428572,
            "10": 2.5454545454545454,
            "11": 3.375,
            "12": 2.5454545454545454,
            "13": 0,