{
    "Ranking": "16 > 14 > 13 > 1 > 7 > 17 > 6 > 4 > 9 > 18 > 19 > 12 > 15 > 2 > 10 > 11 > 3 > 8 > 5",
    "Number Of Seats": 3,
    "Stats": {
        "16": 22.300167932826227,
        "14": 22.084158036696643,
        "13": 21.192889846522625,
        "1": 20.40779183233964,
        "7": 18.989448255348634,
        "17": 18.069325030386565,
        "6": 17.14605083628853,
        "4": 15.170071637878499,
        "9": 14.68499053281524,
        "18": 14.545450487169326,
        "19": 13.924446839326652,
        "12": 13.92279389657178,
        "15": 12.302599564276276,
        "2": 12.246904184071957,
        "10": 12.0006245966357,
        "11": 11.923699837898575,
        "3": 11.666727350184155,
        "8": 10.951822629944951,
        "5": 10.932428215743636
    }
}