{
    "Ranking": "4 > 1 > 2 > 3 > 5",
    "Number Of Seats": 1,
    "Stats": {
        "1": {
            "2": 1.0810810810810811,
            "3": 2.090909090909091,
            "4": 0,
            "5": 2.611111111111111
        },
        "2": {
            "1": 0,
            "3": 2.1363636363636362,
            "4": 0,
            "5": 2.45
        },
        "3": {
            "1": 0,
            "2": 0,
            "4": 0,
            "5": 1.3181818181818181
        },
        "4": {
            "1": 1.135135135135135,
            "2": 1.0810810810810811,
            "3": 2.4285714285714284,
            "5": 2.7
        },
        "5": {
            "1": 0,
            "2": 0,
            "3": 0,
            "4": 0
        }
    }
}