{
    "Ranking": "2 > 4 > 1 > 5 > 3",
    "Number Of Seats": 1,
    "Stats": {
        "2": 53.97361111111117,
        "4": 53.275,
        "1": 49.83333333333333,
        "5": 35.77222222222222,
        "3": 35.47916666666667
    }
}