{
    "Ranking": "2 > 4 > 1 > 5 > 3",
    "Number Of Seats": 1,
    "Stats": {
        "2": 53.973611111,
        "4": 53.275,
        "1": 49.833333333,
        "5": 35.772222222,
        "3": 35.479166667
    }
}