{
    "Ranking": "1 > 2",
    "Number Of Seats": 2,
    "Stats": {
        "Votes Needed to Win": 85,
        "rounds": {
            "1": {
                "1": 124,
                "3": 67,
                "2": 62
            },
            "2": {
                "2": 82.129032256,
                "3": 81.782258063
            },
            "3": {
                "2": 95.129032256
            }
        }
    }
}