{
    "Ranking": "1 > 2 > 3",
    "Number Of Seats": 2,
    "Stats": {
        "1": {
            "2": 1.8285714285714285,
            "3": 1.6153846153846154
        },
        "2": {
            "1": 1.1063829787234043,
            "3": 1.6153846153846154
        },
        "3": {
            "1": 1.1063829787234043,
            "2": 1.1063829787234043
        }
    }
}