{
    "Ranking": "6 > 5 > 4 > 2 > 3 > 1",
    "Number Of Seats": 4,
    "Stats": {
        "1": {
            "6": 110.33333333333334,
            "5": 34.33333333333333,
            "4": 27.333333333333336,
            "2": 11.333333333333332,
            "3": 5.333333333333334,
            "1": 4.333333333333334
        }
    }
}