{
    "Ranking": "6 > 4 > 5 > 2 > 3 > 1",
    "Number Of Seats": 4,
    "Stats": {
        "6": 139.17361111111126,
        "4": 86.16527777777807,
        "5": 73.21027777777797,
        "2": 64.99638888888886,
        "3": 58.301666666666584,
        "1": 51.002777777777716
    }
}