{
    "Ranking": "6 > 1 > 4 > 5 > 7 > 2 > 3",
    "Number Of Seats": 4,
    "Stats": {
        "1": {
            "2": 2.082901554404145,
            "3": 2.7320261437908497,
            "4": 1.0986842105263157,
            "5": 1.3358490566037735,
            "6": 0,
            "7": 1.5564853556485356
        },
        "2": {
            "1": 0,
            "3": 1.3317535545023698,
            "4": 0,
            "5": 0,
            "6": 0,
            "7": 0
        },
        "3": {
            "1": 0,
            "2": 0,
            "4": 0,
            "5": 0,
            "6": 0,
            "7": 0
        },
        "4": {
            "1": 0,
            "2": 1.5186721991701244,
            "3": 2.193548387096774,
            "5": 1.330935251798561,
            "6": 0,
            "7": 1.3358778625954197
        },
        "5": {
            "1": 0,
            "2": 1.1692307692307693,
            "3": 1.6633663366336633,
            "4": 0,
            "6": 0,
            "7": 1.0240549828178693
        },
        "6": {
            "1": 1.5,
            "2": 2.1808510638297873,
            "3": 2.9205298013245033,
            "4": 1.2233676975945018,
            "5": 1.4653846153846153,
            "7": 1.8063063063063063
        },
        "7": {
            "1": 0,
            "2": 1.1111111111111112,
            "3": 1.66,
            "4": 0,
            "5": 0,
            "6": 0
        }
    }
}