{
    "Ranking": "5 > 4 > 7 > 9 > 2 > 3 > 1 > 10 > 6 > 8",
    "Number Of Seats": 6,
    "Stats": {
        "1": {
            "2": 1.0129870129870129,
            "3": 1.0129870129870129,
            "4": 0,
            "5": 0,
            "6": 1.6855345911949686,
            "7": 0,
            "8": 2.088888888888889,
            "9": 0,
            "10": 1.1764705882352942
        },
        "2": {
            "1": 1.0341880341880343,
            "3": 1.0530973451327434,
            "4": 0,
            "5": 0,
            "6": 1.562874251497006,
            "7": 0,
            "8": 1.9647887323943662,
            "9": 0,
            "10": 1.2048780487804878
        },
        "3": {
            "1": 1.0341880341880343,
            "2": 1.0129870129870129,
            "4": 0,
            "5": 0,
            "6": 1.489247311827957,
            "7": 0,
            "8": 1.8543046357615893,
            "9": 0,
            "10": 1.2165898617511521
        },
        "4": {
            "1": 1.5194174757281553,
            "2": 1.4345794392523366,
            "3": 1.5427135678391959,
            "5": 0,
            "6": 2.2051282051282053,
            "7": 1.2064777327935223,
            "8": 3.4952380952380953,
            "9": 1.488262910798122,
            "10": 1.9593023255813953
        },
        "5": {
            "1": 1.9010416666666667,
            "2": 1.721951219512195,
            "3": 1.864321608040201,
            "4": 1.2996108949416343,
            "6": 3.1705426356589146,
            "7": 1.661904761904762,
            "8": 4.22,
            "9": 2.021505376344086,
            "10": 2.6375838926174495
        },
        "6": {
            "1": 0,
            "2": 0,
            "3": 0,
            "4": 0,
            "5": 0,
            "7": 0,
            "8": 1.595890410958904,
            "9": 0,
            "10": 0
        },
        "7": {
            "1": 1.3153153153153154,
            "2": 1.206008583690987,
            "3": 1.3363636363636364,
            "4": 0,
            "5": 0,
            "6": 1.7955801104972375,
            "8": 3.06140350877193,
            "9": 1.4666666666666666,
            "10": 1.708994708994709
        },
        "8": {
            "1": 0,
            "2": 0,
            "3": 0,
            "4": 0,
            "5": 0,
            "6": 0,
            "7": 0,
            "9": 0,
            "10": 0
        },
        "9": {
            "1": 1.0341880341880343,
            "2": 1.0129870129870129,
            "3": 1.0411522633744856,
            "4": 0,
            "5": 0,
            "6": 1.5284090909090908,
            "7": 0,
            "8": 2.20863309352518,
            "10": 1.4224598930481283
        },
        "10": {
            "1": 0,
            "2": 0,
            "3": 0,
            "4": 0,
            "5": 0,
            "6": 1.004950495049505,
            "7": 0,
            "8": 1.6308724832214765,
            "9": 0
        }
    }
}