{
    "Ranking": "A > D > E > C > B",
    "Number Of Seats": 4,
    "Stats": {
        "A": {
            "B": 3.5220458553791887,
            "C": 2.0845238095238097,
            "D": 1.043972706595906,
            "E": 2.0776470588235294
        },
        "B": {
            "A": 0,
            "C": 0,
            "D": 0,
            "E": 0
        },
        "C": {
            "A": 0,
            "B": 1.483170466883822,
            "D": 0,
            "E": 0
        },
        "D": {
            "A": 0,
            "B": 3.801851851851852,
            "C": 2.1214622641509435,
            "E": 2.3153942428035044
        },
        "E": {
            "A": 0,
            "B": 1.6762342135476465,
            "C": 1.0314830157415078,
            "D": 0
        }
    }
}