{
    "Ranking": "A > D > C > E > B",
    "Number Of Seats": 4,
    "Stats": {
        "A": 1623.409722222222,
        "D": 1571.8652777777659,
        "C": 1137.2597222222278,
        "E": 1131.8833333333298,
        "B": 894.6652777778012
    }
}