{
    "Ranking": "11 > 2 > 10 > 9 > 1 = 5 > 3 = 7 > 4 > 8 > 6",
    "Number Of Seats": 2,
    "Stats": {
        "1": {
            "2": 1.2,
            "3": 1.5,
            "4": 1.6,
            "5": 1.4,
            "6": 3,
            "7": 1.6,
            "8": 1.6,
            "9": 1.4,
            "10": 1.25,
            "11": 0
        },
        "2": {
            "1": 2,
            "3": 1.5,
            "4": 1.6,
            "5": 2,
            "6": 9,
            "7": 1.6,
            "8": 1.8,
            "9": 2,
            "10": 1.25,
            "11": 0
        },
        "3": {
            "1": 1.4,
            "2": 1.2,
            "4": 1.5,
            "5": 1.4,
            "6": 5,
            "7": 1.5,
            "8": 1.5,
            "9": 1.4,
            "10": 1.25,
            "11": 0
        },
        "4": {
            "1": 1.4,
            "2": 1.2,
            "3": 1.5,
            "5": 1.4,
            "6": 9,
            "7": 1.5,
            "8": 2.6666666666666665,
            "9": 1.4,
            "10": 1.25,
            "11": 0
        },
        "5": {
            "1": 1.4,
            "2": 1.2,
            "3": 1.5,
            "4": 1.5,
            "6": 9,
            "7": 1.5,
            "8": 1.5,
            "9": 1.4,
            "10": 1.25,
            "11": 0
        },
        "6": {
            "1": 0,
            "2": 0,
            "3": 0,
            "4": 0,
            "5": 0,
            "7": 0,
            "8": 0,
            "9": 0,
            "10": 0,
            "11": 0
        },
        "7": {
            "1": 1.4,
            "2": 1.2,
            "3": 1.5,
            "4": 2,
            "5": 1.4,
            "6": 3.5,
            "8": 2,
            "9": 1.4,
            "10": 1.25,
            "11": 0
        },
        "8": {
            "1": 1.4,
            "2": 1.2,
            "3": 1.5,
            "4": 1.5,
            "5": 1.4,
            "6": 9,
            "7": 1.5,
            "9": 1.4,
            "10": 1.25,
            "11": 0
        },
        "9": {
            "1": 2.3333333333333335,
            "2": 1.2,
            "3": 1.5,
            "4": 1.6,
            "5": 2,
            "6": 9,
            "7": 1.6,
            "8": 1.6,
            "10": 1.25,
            "11": 0
        },
        "10": {
            "1": 1.75,
            "2": 1.2,
            "3": 1.5,
            "4": 1.6,
            "5": 3.5,
            "6": 7,
            "7": 1.6,
            "8": 1.6,
            "9": 1.75,
            "11": 0
        },
        "11": {
            "1": 2.3333333333333335,
            "2": 1.5,
            "3": 1.75,
            "4": 2.25,
            "5": 4.5,
            "6": 9,
            "7": 1.8,
            "8": 4,
            "9": 13,
            "10": 3.5
        }
    }
}