{
    "Ranking": "11 > 3 > 7 > 1 > 2 > 4 > 8 > 10 > 9 > 5 > 6",
    "Number Of Seats": 2,
    "Stats": {
        "11": 19.726190476190474,
        "3": 14.524999999999999,
        "7": 9.085714285714285,
        "1": 8.119444444444444,
        "2": 8.011111111111111,
        "4": 6.498412698412698,
        "8": 5.803571428571429,
        "10": 5.277380952380954,
        "9": 5.12063492063492,
        "5": 4.5511904761904765,
        "6": 2.683333333333334
    }
}