{
    "Ranking": "2 > 3 > 1",
    "Number Of Seats": 2,
    "Stats": {
        "1": {
            "2": 85.33333333333334,
            "3": 74.33333333333334,
            "1": 36.333333333333336
        },
        "2": {
            "2": 101,
            "3": 95
        }
    }
}