{
    "Ranking": "2 > 3 > 1",
    "Number Of Seats": 2,
    "Stats": {
        "1": {
            "2": 85.333333333,
            "3": 74.333333333,
            "1": 36.333333333
        }
    }
}