{
    "Ranking": "2 > 3 > 1",
    "Number Of Seats": 2,
    "Stats": {
        "2": 135.861111111,
        "3": 130.027777778,
        "1": 93.444444444
    }
}