{
    "Ranking": "2 > 3 > 1",
    "Number Of Seats": 2,
    "Stats": {
        "1": {
            "2": 0,
            "3": 0
        },
        "2": {
            "1": 3.8157894736842106,
            "3": 1.0674157303370786
        },
        "3": {
            "1": 3.1627906976744184,
            "2": 0
        }
    }
}