{
    "Ranking": "2 > 3 > 1",
    "Number Of Seats": 2,
    "Stats": {
        "2": 135.86111111111111,
        "3": 130.02777777777783,
        "1": 93.44444444444417
    }
}