{
    "Ranking": "3 > 1",
    "Number Of Seats": 2,
    "Stats": {
        "Votes Needed to Win": 135,
        "rounds": {
            "1": {
                "3": 155,
                "1": 127,
                "4": 64,
                "2": 36,
                "5": 21
            },
            "2": {
                "1": 140.806451606,
                "4": 65.032258064,
                "2": 37.419354838,
                "5": 23.451612902
            }
        }
    }
}