{
    "Ranking": "3 > 5 > 10 > 2 > 8 > 7 > 9 > 11 > 1",
    "Number Of Seats": 9,
    "Stats": {
        "Votes Needed to Win": 91,
        "rounds": {
            "1": {
                "3": 172,
                "5": 120,
                "10": 118,
                "2": 109,
                "8": 96,
                "7": 89,
                "9": 59,
                "1": 57,
                "11": 47,
                "4": 23,
                "6": 12
            },
            "2": {
                "7": 149.929702377,
                "9": 94.605008525,
                "1": 72.865998885,
                "11": 65.670944965,
                "4": 29.165817492,
                "6": 15.422239973
            },
            "3": {
                "11": 110.084621736,
                "1": 104.663166332,
                "4": 40.530533786,
                "6": 22.45095367
            }
        }
    }
}