{
    "Ranking": "9 > 11 > 6 > 5 > 1 > 3 > 2 = 8 > 13 > 10 = 14 > 7 = 12 > 4",
    "Number Of Seats": 2,
    "Stats": {
        "1": {
            "2": 2,
            "3": 1.6,
            "4": 6,
            "5": 0,
            "6": 0,
            "7": 4.25,
            "8": 1.6666666666666667,
            "9": 0,
            "10": 2.4285714285714284,
            "11": 0,
            "12": 5.666666666666667,
            "13": 2.5714285714285716,
            "14": 2.8333333333333335
        },
        "2": {
            "1": 0,
            "3": 0,
            "4": 3,
            "5": 0,
            "6": 0,
            "7": 2.3333333333333335,
            "8": 0,
            "9": 0,
            "10": 1.625,
            "11": 0,
            "12": 2.3333333333333335,
            "13": 1.2,
            "14": 1.75
        },
        "3": {
            "1": 0,
            "2": 1.25,
            "4": 3,
            "5": 0,
            "6": 0,
            "7": 2.4,
            "8": 1.0909090909090908,
            "9": 0,
            "10": 1.625,
            "11": 0,
            "12": 3.5,
            "13": 2,
            "14": 2.1666666666666665
        },
        "4": {
            "1": 0,
            "2": 0,
            "3": 0,
            "5": 0,
            "6": 0,
            "7": 0,
            "8": 0,
            "9": 0,
            "10": 0,
            "11": 0,
            "12": 0,
            "13": 0,
            "14": 0
        },
        "5": {
            "1": 1.0769230769230769,
            "2": 1.25,
            "3": 1.7777777777777777,
            "4": 5.333333333333333,
            "6": 0,
            "7": 2.3333333333333335,
            "8": 1.3,
            "9": 0,
            "10": 1.8571428571428572,
            "11": 0,
            "12": 5,
            "13": 1.7777777777777777,
            "14": 2.3333333333333335
        },
        "6": {
            "1": 1.3076923076923077,
            "2": 1.5454545454545454,
            "3": 1.7777777777777777,
            "4": 6.333333333333333,
            "5": 1.7,
            "7": 3,
            "8": 2,
            "9": 0,
            "10": 2.5714285714285716,
            "11": 0,
            "12": 5,
            "13": 3.8,
            "14": 3.1666666666666665
        },
        "7": {
            "1": 0,
            "2": 0,
            "3": 0,
            "4": 2.3333333333333335,
            "5": 0,
            "6": 0,
            "8": 0,
            "9": 0,
            "10": 0,
            "11": 0,
            "12": 0,
            "13": 0,
            "14": 0
        },
        "8": {
            "1": 0,
            "2": 0,
            "3": 0,
            "4": 4,
            "5": 0,
            "6": 0,
            "7": 1.8,
            "9": 0,
            "10": 1.2857142857142858,
            "11": 0,
            "12": 4,
            "13": 1.8333333333333333,
            "14": 1.6666666666666667
        },
        "9": {
            "1": 2.8,
            "2": 3.75,
            "3": 3.7142857142857144,
            "4": 10,
            "5": 2.888888888888889,
            "6": 2.888888888888889,
            "7": 9.666666666666666,
            "8": 7.75,
            "10": 15,
            "11": 3.857142857142857,
            "12": 32,
            "13": 6,
            "14": 10.666666666666666
        },
        "10": {
            "1": 0,
            "2": 0,
            "3": 0,
            "4": 2.5,
            "5": 0,
            "6": 0,
            "7": 2,
            "8": 0,
            "9": 0,
            "11": 0,
            "12": 1.3333333333333333,
            "13": 0,
            "14": 0
        },
        "11": {
            "1": 1.9090909090909092,
            "2": 2,
            "3": 2.25,
            "4": 7,
            "5": 2.111111111111111,
            "6": 1.3846153846153846,
            "7": 7.333333333333333,
            "8": 3.6666666666666665,
            "9": 0,
            "10": 3.6666666666666665,
            "12": 11.5,
            "13": 3.142857142857143,
            "14": 4.4
        },
        "12": {
            "1": 0,
            "2": 0,
            "3": 0,
            "4": 2.3333333333333335,
            "5": 0,
            "6": 0,
            "7": 0,
            "8": 0,
            "9": 0,
            "10": 0,
            "11": 0,
            "13": 0,
            "14": 0
        },
        "13": {
            "1": 0,
            "2": 0,
            "3": 0,
            "4": 2.5,
            "5": 0,
            "6": 0,
            "7": 1.6666666666666667,
            "8": 0,
            "9": 0,
            "10": 1.2857142857142858,
            "11": 0,
            "12": 1.8,
            "14": 1.6666666666666667
        },
        "14": {
            "1": 0,
            "2": 0,
            "3": 0,
            "4": 2.25,
            "5": 0,
            "6": 0,
            "7": 2,
            "8": 0,
            "9": 0,
            "10": 0,
            "11": 0,
            "12": 2,
            "13": 0
        }
    }
}