{
    "Ranking": "Stefano Zacchiroli > Margarita Manterola > Wouter Verhelst > Charles Plessy > None Of The Above",
    "Number Of Seats": 1,
    "Stats": {
        "Stefano Zacchiroli": 318.8941666666665,
        "Margarita Manterola": 231.55250000000004,
        "Wouter Verhelst": 208.4622222222224,
        "Charles Plessy": 123.18583333333359,
        "None Of The Above": 113.43861111111143
    }
}