{
    "Ranking": "Sam Hocevar > Steve McIntyre > Anthony Towns > Rapha\u00ebl Hertzog > Wouter Verhelst > Gustavo Franco > None Of The Above > Simon Richter > Aigars Mahinovs",
    "Number Of Seats": 1,
    "Stats": {
        "Sam Hocevar": 216.99473513479444,
        "Steve McIntyre": 192.3782319223984,
        "Anthony Towns": 172.73492787855875,
        "Rapha\u00ebl Hertzog": 162.8583760078103,
        "Wouter Verhelst": 152.51376102292764,
        "Gustavo Franco": 105.8749070924667,
        "None Of The Above": 95.6401843978334,
        "Simon Richter": 65.16226631393309,
        "Aigars Mahinovs": 56.58983245149926
    }
}