{
    "Ranking": "6 > 4 > 1 > 5 > 7 > 2 > 3",
    "Number Of Seats": 4,
    "Stats": {
        "6": 304.28333333333336,
        "4": 255.3666666666665,
        "1": 215.21666666666687,
        "5": 207.4333333333334,
        "7": 194.06666666666644,
        "2": 167.4666666666666,
        "3": 131.23333333333338
    }
}