{
    "Ranking": "9 > 4 > 3 > 13 > 15 > 8 > 10 > 11 > 7 > 16 > 1 > 5 > 14 > 12 > 17 > 6 > 2",
    "Number Of Seats": 2,
    "Stats": {
        "9": 28.94859376173781,
        "4": 23.90143780753182,
        "3": 23.074052436787493,
        "13": 21.057164543725424,
        "15": 20.142949539857998,
        "8": 16.783049290554604,
        "10": 15.174624627674232,
        "11": 15.06908271853191,
        "7": 14.948896177617945,
        "16": 14.658532079084212,
        "1": 14.227943706852777,
        "5": 13.00253156897191,
        "14": 10.607703565577633,
        "12": 10.50762719309634,
        "17": 10.188565444681677,
        "6": 9.931713530450558,
        "2": 9.500181295885476
    }
}