{
    "Ranking": "9 > 3 > 4 > 13 > 15 > 10 > 8 > 7 > 11 > 1 > 16 > 5 > 2 > 14 = 17 > 12 > 6",
    "Number Of Seats": 2,
    "Stats": {
        "1": {
            "2": 7,
            "3": 0,
            "4": 0,
            "5": 1.4166666666666667,
            "6": 7,
            "7": 0,
            "8": 0,
            "9": 0,
            "10": 0,
            "11": 0,
            "12": 3.1666666666666665,
            "13": 0,
            "14": 2.375,
            "15": 0,
            "16": 1.1333333333333333,
            "17": 2.7142857142857144
        },
        "2": {
            "1": 0,
            "3": 0,
            "4": 0,
            "5": 0,
            "6": 4,
            "7": 0,
            "8": 0,
            "9": 0,
            "10": 0,
            "11": 0,
            "12": 1.5714285714285714,
            "13": 0,
            "14": 1.5714285714285714,
            "15": 0,
            "16": 0,
            "17": 1.4285714285714286
        },
        "3": {
            "1": 2.5384615384615383,
            "2": 9,
            "4": 1.173913043478261,
            "5": 4.5,
            "6": 12.333333333333334,
            "7": 3.2,
            "8": 1.3333333333333333,
            "9": 0,
            "10": 1.5263157894736843,
            "11": 2.9166666666666665,
            "12": 7.2,
            "13": 1.380952380952381,
            "14": 7.2,
            "15": 1.45,
            "16": 3.1818181818181817,
            "17": 5
        },
        "4": {
            "1": 2.9166666666666665,
            "2": 9.5,
            "3": 0,
            "5": 3.1818181818181817,
            "6": 9.75,
            "7": 2.909090909090909,
            "8": 1.7,
            "9": 0,
            "10": 1.8333333333333333,
            "11": 1.8823529411764706,
            "12": 9.75,
            "13": 1.1153846153846154,
            "14": 5.142857142857143,
            "15": 1.5,
            "16": 2.4285714285714284,
            "17": 4.625
        },
        "5": {
            "1": 0,
            "2": 1.4,
            "3": 0,
            "4": 0,
            "6": 4.75,
            "7": 0,
            "8": 0,
            "9": 0,
            "10": 0,
            "11": 0,
            "12": 1.8333333333333333,
            "13": 0,
            "14": 1.7777777777777777,
            "15": 0,
            "16": 0,
            "17": 2.2857142857142856
        },
        "6": {
            "1": 0,
            "2": 0,
            "3": 0,
            "4": 0,
            "5": 0,
            "7": 0,
            "8": 0,
            "9": 0,
            "10": 0,
            "11": 0,
            "12": 0,
            "13": 0,
            "14": 0,
            "15": 0,
            "16": 0,
            "17": 0
        },
        "7": {
            "1": 1.4285714285714286,
            "2": 4.2,
            "3": 0,
            "4": 0,
            "5": 1.4615384615384615,
            "6": 5.75,
            "8": 0,
            "9": 0,
            "10": 0,
            "11": 1.0588235294117647,
            "12": 4.4,
            "13": 0,
            "14": 2.75,
            "15": 0,
            "16": 1.1333333333333333,
            "17": 2.625
        },
        "8": {
            "1": 1.2222222222222223,
            "2": 2.625,
            "3": 0,
            "4": 0,
            "5": 1.9166666666666667,
            "6": 3.6666666666666665,
            "7": 1.2222222222222223,
            "9": 0,
            "10": 0,
            "11": 1.7142857142857142,
            "12": 4.8,
            "13": 0,
            "14": 3.2857142857142856,
            "15": 0,
            "16": 1.4375,
            "17": 3.2857142857142856
        },
        "9": {
            "1": 2.6,
            "2": 5.25,
            "3": 1.5,
            "4": 1.5833333333333333,
            "5": 3.1538461538461537,
            "6": 6.142857142857143,
            "7": 3.6666666666666665,
            "8": 2.5714285714285716,
            "10": 2.6,
            "11": 4,
            "12": 7.5,
            "13": 1.8095238095238095,
            "14": 6.428571428571429,
            "15": 2.466666666666667,
            "16": 3.5,
            "17": 4.777777777777778
        },
        "10": {
            "1": 1.5333333333333334,
            "2": 4.333333333333333,
            "3": 0,
            "4": 0,
            "5": 2.4545454545454546,
            "6": 7,
            "7": 1.411764705882353,
            "8": 1.2941176470588236,
            "9": 0,
            "11": 1.7333333333333334,
            "12": 5.6,
            "13": 0,
            "14": 4.5,
            "15": 0,
            "16": 1.6666666666666667,
            "17": 3.25
        },
        "11": {
            "1": 1.2142857142857142,
            "2": 1.7777777777777777,
            "3": 0,
            "4": 0,
            "5": 1.2307692307692308,
            "6": 2.4285714285714284,
            "7": 0,
            "8": 0,
            "9": 0,
            "10": 0,
            "12": 3.1666666666666665,
            "13": 0,
            "14": 2.375,
            "15": 0,
            "16": 1.3333333333333333,
            "17": 2.4285714285714284
        },
        "12": {
            "1": 0,
            "2": 0,
            "3": 0,
            "4": 0,
            "5": 0,
            "6": 2,
            "7": 0,
            "8": 0,
            "9": 0,
            "10": 0,
            "11": 0,
            "13": 0,
            "14": 0,
            "15": 0,
            "16": 0,
            "17": 0
        },
        "13": {
            "1": 2.6666666666666665,
            "2": 11.666666666666666,
            "3": 0,
            "4": 0,
            "5": 2.3846153846153846,
            "6": 8.75,
            "7": 2.2142857142857144,
            "8": 1.3,
            "9": 0,
            "10": 1.5555555555555556,
            "11": 2.357142857142857,
            "12": 8.75,
            "14": 7.2,
            "15": 1.2380952380952381,
            "16": 2.4285714285714284,
            "17": 5.833333333333333
        },
        "14": {
            "1": 0,
            "2": 0,
            "3": 0,
            "4": 0,
            "5": 0,
            "6": 2,
            "7": 0,
            "8": 0,
            "9": 0,
            "10": 0,
            "11": 0,
            "12": 2,
            "13": 0,
            "15": 0,
            "16": 0,
            "17": 0
        },
        "15": {
            "1": 1.7142857142857142,
            "2": 3.7142857142857144,
            "3": 0,
            "4": 0,
            "5": 2.3636363636363638,
            "6": 5.6,
            "7": 1.5625,
            "8": 1.2941176470588236,
            "9": 0,
            "10": 1.7142857142857142,
            "11": 1.7142857142857142,
            "12": 4.666666666666667,
            "13": 0,
            "14": 3.375,
            "16": 1.6666666666666667,
            "17": 3.857142857142857
        },
        "16": {
            "1": 0,
            "2": 1.8888888888888888,
            "3": 0,
            "4": 0,
            "5": 1.0666666666666667,
            "6": 2.25,
            "7": 0,
            "8": 0,
            "9": 0,
            "10": 0,
            "11": 0,
            "12": 2,
            "13": 0,
            "14": 1.6363636363636365,
            "15": 0,
            "17": 1.8
        },
        "17": {
            "1": 0,
            "2": 0,
            "3": 0,
            "4": 0,
            "5": 0,
            "6": 2.2,
            "7": 0,
            "8": 0,
            "9": 0,
            "10": 0,
            "11": 0,
            "12": 1.8333333333333333,
            "13": 0,
            "14": 0,
            "15": 0,
            "16": 0
        }
    }
}