{
    "Ranking": "6 > 8 > 11 > 4 > 5 > 14 > 7 > 2 > 1 > 12 > 3 > 10 > 9 > 13 > 15",
    "Number Of Seats": 7,
    "Stats": {
        "6": 343.86872294372284,
        "8": 273.8266344766339,
        "11": 225.6088134088137,
        "4": 217.13440170940228,
        "5": 171.50709290709278,
        "14": 116.16443833943839,
        "7": 96.61853979353988,
        "2": 91.65938783438777,
        "1": 85.96796536796528,
        "12": 81.17712842712827,
        "3": 78.39570707070715,
        "10": 59.1019314019314,
        "9": 53.284326784326886,
        "13": 52.77822177822183,
        "15": 40.34114496614507
    }
}