{
    "Ranking": "6 > 8 > 4 > 11 > 5 > 14 > 2",
    "Number Of Seats": 7,
    "Stats": {
        "votes_needed_to_win": 124,
        "rounds": {
            "1": {
                "6": 213,
                "8": 163,
                "4": 128,
                "11": 100,
                "5": 66,
                "2": 60,
                "14": 49,
                "1": 47,
                "7": 43,
                "12": 28,
                "3": 26,
                "9": 17,
                "10": 15,
                "15": 14,
                "13": 12
            },
            "2": {
                "11": 130.665250835277,
                "5": 102.256092665399,
                "2": 62.900743288977,
                "14": 59.701166868285,
                "1": 51.464951647513,
                "7": 47.393528219419,
                "12": 37.744111653561,
                "3": 32.521090757222,
                "9": 20.408708128114,
                "10": 18.289146432789,
                "13": 14.871306057202,
                "15": 14.657104179268
            },
            "3": {
                "5": 109.524571180926,
                "14": 64.616203950874,
                "2": 64.077708094705,
                "1": 52.629672900432,
                "7": 49.331430223511,
                "12": 40.625418464104,
                "3": 34.692470494835,
                "9": 21.22851979003,
                "10": 19.90114529307,
                "13": 15.942277310121,
                "15": 15.67706530675
            },
            "4": {
                "5": 109.555821180926,
                "14": 66.718224201746,
                "2": 65.077708094705,
                "7": 54.331430223511,
                "1": 52.629672900432,
                "12": 42.625418464104,
                "3": 36.692470494835,
                "9": 21.22851979003,
                "10": 19.90114529307,
                "13": 15.942277310121
            },
            "5": {
                "5": 111.036161556513,
                "14": 67.604915078356,
                "2": 65.077708094705,
                "1": 56.629672900432,
                "7": 55.331430223511,
                "12": 44.614129591586,
                "3": 39.172810870422,
                "9": 21.22851979003,
                "10": 19.90114529307
            },
            "6": {
                "5": 112.4852519321,
                "14": 75.276276580704,
                "2": 68.331229221465,
                "7": 57.831530724535,
                "1": 56.629672900432,
                "12": 45.966903520704,
                "3": 39.172810870422,
                "9": 22.22851979003
            },
            "7": {
                "5": 114.338675129772,
                "14": 78.276276580704,
                "2": 70.331229221465,
                "7": 58.300381225558,
                "1": 56.660922900432,
                "12": 53.476681128066,
                "3": 40.590651246009
            },
            "8": {
                "5": 116.307827133865,
                "14": 83.963018993793,
                "2": 74.331229221465,
                "7": 62.539645029239,
                "1": 62.424221634554,
                "12": 55.55162568292
            },
            "9": {
                "5": 121.288268010475,
                "14": 92.043868355097,
                "2": 76.382239346901,
                "1": 64.455471634554,
                "7": 62.957485404826
            },
            "10": {
                "5": 128.573039137236,
                "14": 96.49315973273,
                "2": 91.343874778366,
                "1": 76.725985438235
            },
            "11": {
                "14": 121.725015405295,
                "2": 92.974612618716,
                "1": 78.595248693541
            },
            "12": {
                "14": 128.188301525903,
                "2": 115.347712697716
            },
            "13": {
                "2": 119.971517938853
            }
        }
    }
}