{
    "Ranking": "Candidate  1 > Candidate  9 > Candidate  3 > Candidate  8 > Candidate  4 > Candidate  2 > Candidate  7 > Candidate 10 > Candidate  6 > Candidate  5",
    "Number Of Seats": 3,
    "Stats": {
        "Candidate  1": 169.17222222222216,
        "Candidate  9": 124.50674603174576,
        "Candidate  3": 90.97182539682535,
        "Candidate  8": 84.06150793650787,
        "Candidate  4": 71.11428571428571,
        "Candidate  2": 66.14444444444442,
        "Candidate  7": 65.42301587301594,
        "Candidate 10": 44.49603174603177,
        "Candidate  6": 30.5579365079365,
        "Candidate  5": 23.076190476190476
    }
}