{
    "Ranking": "1 > 4 > 3 > 2 > 5",
    "Number Of Seats": 1,
    "Stats": {
        "1": 45.583333333,
        "4": 36.75,
        "3": 24.833333333,
        "2": 18.333333333,
        "5": 9.5
    }
}