{
    "Ranking": "1 > 4 > 2 > 3 > 5",
    "Number Of Seats": 1,
    "Stats": {
        "1": {
            "2": 5,
            "3": 5.6,
            "4": 1.3333333333333333,
            "5": 3.25
        },
        "2": {
            "1": 0,
            "3": 2.111111111111111,
            "4": 0,
            "5": 2.111111111111111
        },
        "3": {
            "1": 0,
            "2": 0,
            "4": 0,
            "5": 2.3333333333333335
        },
        "4": {
            "1": 0,
            "2": 2.75,
            "3": 4.4,
            "5": 6.5
        },
        "5": {
            "1": 0,
            "2": 0,
            "3": 0,
            "4": 0
        }
    }
}