{
    "Ranking": "Anthony Towns > Steve McIntyre > Andreas Schuldei > Jeroen van Wolffelaar > Bill Allombert > None of the Above > Ari Pollak > Jonathan aka Ted Walther",
    "Number Of Seats": 1,
    "Stats": {
        "1": {
            "Anthony Towns": 138.34285714285716,
            "Steve McIntyre": 105.04285714285716,
            "Andreas Schuldei": 59.70952380952381,
            "Jeroen van Wolffelaar": 54.20952380952381,
            "Bill Allombert": 40.042857142857144,
            "None of the Above": 14,
            "Ari Pollak": 7.30952380952381,
            "Jonathan aka Ted Walther": 2.342857142857143
        },
        "2": {
            "Anthony Towns": 204.5,
            "Steve McIntyre": 198.5
        }
    }
}