{
    "Ranking": "Anthony Towns > Steve McIntyre > Andreas Schuldei > Jeroen van Wolffelaar > Bill Allombert > None of the Above > Ari Pollak > Jonathan aka Ted Walther",
    "Number Of Seats": 1,
    "Stats": {
        "Anthony Towns": 221.29427721088422,
        "Steve McIntyre": 203.9792573696146,
        "Andreas Schuldei": 155.92576530612234,
        "Jeroen van Wolffelaar": 152.52826530612245,
        "Bill Allombert": 119.49848356009079,
        "None of the Above": 82.02630952380962,
        "Ari Pollak": 65.65116213151931,
        "Jonathan aka Ted Walther": 50.58933673469391
    }
}