{
    "Ranking": "Anthony Towns > Steve McIntyre > Jeroen van Wolffelaar > Andreas Schuldei > Bill Allombert > None of the Above > Ari Pollak > Jonathan aka Ted Walther",
    "Number Of Seats": 1,
    "Stats": {
        "Anthony Towns": 217.92976190476182,
        "Steve McIntyre": 208.16904761904777,
        "Jeroen van Wolffelaar": 167.4488095238096,
        "Andreas Schuldei": 147.1619047619047,
        "Bill Allombert": 112.74523809523829,
        "None of the Above": 81.64761904761916,
        "Ari Pollak": 67.26309523809535,
        "Jonathan aka Ted Walther": 49.12738095238097
    }
}