{
    "Ranking": "1 > 2",
    "Number Of Seats": 2,
    "Stats": {
        "votes_needed_to_win": 85,
        "rounds": {
            "1": {
                "1": 124,
                "3": 67,
                "2": 62
            },
            "2": {
                "2": 82.129032258064,
                "3": 81.782258064516
            },
            "3": {
                "2": 95.129032258064
            }
        }
    }
}