{
    "Ranking": "3 > 2 > 1 > 4",
    "Number Of Seats": 1,
    "Stats": {
        "1": {
            "2": 0,
            "3": 0,
            "4": 1.0695652173913044
        },
        "2": {
            "1": 1.1203703703703705,
            "3": 0,
            "4": 1.5520833333333333
        },
        "3": {
            "1": 2,
            "2": 1.3277310924369747,
            "4": 1.7551020408163265
        },
        "4": {
            "1": 0,
            "2": 0,
            "3": 0
        }
    }
}