{
    "Ranking": "3 > 2 > 4 > 1",
    "Number Of Seats": 1,
    "Stats": {
        "3": 195.7500000000001,
        "2": 160.75000000000065,
        "4": 151.02777777777808,
        "1": 140.38888888888917
    }
}