{
    "Ranking": "7 > 5 > 2 > 1 > 6 > 8 > 3 = 10 > 4 > 9",
    "Number Of Seats": 6,
    "Stats": {
        "1": {
            "2": 1.6666666666666667,
            "3": 2.6666666666666665,
            "4": 3,
            "5": 1.2857142857142858,
            "6": 2.5,
            "7": 0,
            "8": 2.5,
            "9": 3,
            "10": 3
        },
        "2": {
            "1": 2,
            "3": 2.75,
            "4": 3,
            "5": 1.2857142857142858,
            "6": 2,
            "7": 0,
            "8": 2,
            "9": 3,
            "10": 2
        },
        "3": {
            "1": 1.6666666666666667,
            "2": 1.6666666666666667,
            "4": 2,
            "5": 1.2857142857142858,
            "6": 2,
            "7": 0,
            "8": 2,
            "9": 2.3333333333333335,
            "10": 2
        },
        "4": {
            "1": 1.6666666666666667,
            "2": 1.6666666666666667,
            "3": 2,
            "5": 1.2857142857142858,
            "6": 2,
            "7": 0,
            "8": 2,
            "9": 3,
            "10": 2
        },
        "5": {
            "1": 2.5,
            "2": 1.6666666666666667,
            "3": 2.5,
            "4": 11.8,
            "6": 8.5,
            "7": 0,
            "8": 3,
            "9": 3.5,
            "10": 4
        },
        "6": {
            "1": 1.6666666666666667,
            "2": 1.6666666666666667,
            "3": 2.5,
            "4": 5.090909090909091,
            "5": 1.2857142857142858,
            "7": 0,
            "8": 2.875,
            "9": 3,
            "10": 2.9473684210526314
        },
        "7": {
            "1": 2.5,
            "2": 1.6666666666666667,
            "3": 2.5,
            "4": 9.285714285714286,
            "5": 9.285714285714286,
            "6": 8.5,
            "8": 6.083333333333333,
            "9": 8,
            "10": 6.5
        },
        "8": {
            "1": 1.6666666666666667,
            "2": 1.6666666666666667,
            "3": 2.5,
            "4": 3.411764705882353,
            "5": 1.2857142857142858,
            "6": 2,
            "7": 0,
            "9": 6,
            "10": 2.2857142857142856
        },
        "9": {
            "1": 1.6666666666666667,
            "2": 1.6666666666666667,
            "3": 2,
            "4": 2,
            "5": 1.2857142857142858,
            "6": 2,
            "7": 0,
            "8": 2,
            "10": 2
        },
        "10": {
            "1": 1.6666666666666667,
            "2": 1.6666666666666667,
            "3": 2,
            "4": 5.363636363636363,
            "5": 1.2857142857142858,
            "6": 2,
            "7": 0,
            "8": 2,
            "9": 3
        }
    }
}