{
    "Ranking": "8 > 3 > 9 > 13 = 15 > 11 > 4 > 10 > 7 > 1 > 2 > 17 > 14 > 12 > 5 > 6 > 16",
    "Number Of Seats": 2,
    "Stats": {
        "1": {
            "2": 11,
            "3": 1.25,
            "4": 1.2857142857142858,
            "5": 2,
            "6": 9,
            "7": 1.2857142857142858,
            "8": 1.2,
            "9": 1.2857142857142858,
            "10": 1.2857142857142858,
            "11": 1.2857142857142858,
            "12": 2.3333333333333335,
            "13": 1.2857142857142858,
            "14": 3,
            "15": 1.2857142857142858,
            "16": 1.8,
            "17": 2.3333333333333335
        },
        "2": {
            "1": 1.2,
            "3": 1.2,
            "4": 1.2,
            "5": 2,
            "6": 4.5,
            "7": 1.2,
            "8": 1.2,
            "9": 1.2,
            "10": 1.2,
            "11": 1.2,
            "12": 1.75,
            "13": 1.2,
            "14": 3,
            "15": 1.2,
            "16": 1.5,
            "17": 1.75
        },
        "3": {
            "1": 2,
            "2": 3.3333333333333335,
            "4": 2,
            "5": 4.666666666666667,
            "6": 4.5,
            "7": 2,
            "8": 1.2,
            "9": 1.2857142857142858,
            "10": 1.4444444444444444,
            "11": 2.5,
            "12": 2.6666666666666665,
            "13": 1.7,
            "14": 3.6666666666666665,
            "15": 1.2857142857142858,
            "16": 3.25,
            "17": 2
        },
        "4": {
            "1": 1.4285714285714286,
            "2": 2.5,
            "3": 1.25,
            "5": 2,
            "6": 2.6666666666666665,
            "7": 1.3,
            "8": 1.2,
            "9": 1.2857142857142858,
            "10": 1.4444444444444444,
            "11": 1.4,
            "12": 3,
            "13": 1.2857142857142858,
            "14": 2.5,
            "15": 1.2857142857142858,
            "16": 1.5,
            "17": 1.75
        },
        "5": {
            "1": 0,
            "2": 0,
            "3": 0,
            "4": 0,
            "6": 2.6666666666666665,
            "7": 0,
            "8": 0,
            "9": 0,
            "10": 0,
            "11": 0,
            "12": 1.1666666666666667,
            "13": 0,
            "14": 1.1666666666666667,
            "15": 0,
            "16": 1.5,
            "17": 1.1666666666666667
        },
        "6": {
            "1": 0,
            "2": 0,
            "3": 0,
            "4": 0,
            "5": 0,
            "7": 0,
            "8": 0,
            "9": 0,
            "10": 0,
            "11": 0,
            "12": 0,
            "13": 0,
            "14": 0,
            "15": 0,
            "16": 1.5,
            "17": 0
        },
        "7": {
            "1": 2,
            "2": 3,
            "3": 1.25,
            "4": 1.2857142857142858,
            "5": 2,
            "6": 8,
            "8": 1.2,
            "9": 1.2857142857142858,
            "10": 1.2857142857142858,
            "11": 1.2857142857142858,
            "12": 4,
            "13": 1.2857142857142858,
            "14": 4,
            "15": 1.2857142857142858,
            "16": 1.8,
            "17": 2
        },
        "8": {
            "1": 2,
            "2": 2.2,
            "3": 2.2,
            "4": 2,
            "5": 3.3333333333333335,
            "6": 2.6666666666666665,
            "7": 2,
            "9": 1.2857142857142858,
            "10": 1.4444444444444444,
            "11": 4,
            "12": 4,
            "13": 2,
            "14": 3,
            "15": 1.2857142857142858,
            "16": 2.6666666666666665,
            "17": 2.3333333333333335
        },
        "9": {
            "1": 2,
            "2": 3,
            "3": 1.25,
            "4": 2,
            "5": 2,
            "6": 3,
            "7": 3,
            "8": 1.2,
            "10": 1.7777777777777777,
            "11": 2.75,
            "12": 3,
            "13": 1.7,
            "14": 3,
            "15": 1.4545454545454546,
            "16": 2,
            "17": 2
        },
        "10": {
            "1": 1.4,
            "2": 1.6,
            "3": 1.25,
            "4": 1.4,
            "5": 2.75,
            "6": 2.6666666666666665,
            "7": 1.3,
            "8": 1.2,
            "9": 1.2857142857142858,
            "11": 1.4,
            "12": 2.6666666666666665,
            "13": 1.2857142857142858,
            "14": 2.5,
            "15": 1.2857142857142858,
            "16": 1.5,
            "17": 1.6
        },
        "11": {
            "1": 1.6,
            "2": 2,
            "3": 1.25,
            "4": 2,
            "5": 2,
            "6": 2.3333333333333335,
            "7": 1.3,
            "8": 1.2,
            "9": 1.2857142857142858,
            "10": 1.4444444444444444,
            "12": 2.3333333333333335,
            "13": 1.2857142857142858,
            "14": 2.6666666666666665,
            "15": 1.2857142857142858,
            "16": 2,
            "17": 1.75
        },
        "12": {
            "1": 0,
            "2": 0,
            "3": 0,
            "4": 0,
            "5": 1.75,
            "6": 2.3333333333333335,
            "7": 0,
            "8": 0,
            "9": 0,
            "10": 0,
            "11": 0,
            "13": 0,
            "14": 1.1666666666666667,
            "15": 0,
            "16": 1.5,
            "17": 1.1666666666666667
        },
        "13": {
            "1": 1.6666666666666667,
            "2": 3.6666666666666665,
            "3": 1.25,
            "4": 1.6,
            "5": 2,
            "6": 3.6666666666666665,
            "7": 1.4285714285714286,
            "8": 1.2,
            "9": 1.2857142857142858,
            "10": 1.4444444444444444,
            "11": 1.6,
            "12": 3,
            "14": 5.5,
            "15": 1.2857142857142858,
            "16": 2.5,
            "17": 2.6666666666666665
        },
        "14": {
            "1": 0,
            "2": 0,
            "3": 0,
            "4": 0,
            "5": 1.75,
            "6": 1.75,
            "7": 0,
            "8": 0,
            "9": 0,
            "10": 0,
            "11": 0,
            "12": 1.75,
            "13": 0,
            "15": 0,
            "16": 1.5,
            "17": 1.1666666666666667
        },
        "15": {
            "1": 1.4,
            "2": 1.6,
            "3": 1.25,
            "4": 1.4,
            "5": 2.4285714285714284,
            "6": 2.4285714285714284,
            "7": 1.3333333333333333,
            "8": 1.2,
            "9": 1.2857142857142858,
            "10": 2.4285714285714284,
            "11": 1.4,
            "12": 2.4285714285714284,
            "13": 1.2857142857142858,
            "14": 2.4285714285714284,
            "16": 1.5,
            "17": 1.75
        },
        "16": {
            "1": 0,
            "2": 0,
            "3": 0,
            "4": 0,
            "5": 0,
            "6": 0,
            "7": 0,
            "8": 0,
            "9": 0,
            "10": 0,
            "11": 0,
            "12": 0,
            "13": 0,
            "14": 0,
            "15": 0,
            "17": 0
        },
        "17": {
            "1": 0,
            "2": 0,
            "3": 0,
            "4": 0,
            "5": 1.75,
            "6": 2.3333333333333335,
            "7": 0,
            "8": 0,
            "9": 0,
            "10": 0,
            "11": 0,
            "12": 2.3333333333333335,
            "13": 0,
            "14": 1.4,
            "15": 0,
            "16": 1.5
        }
    }
}