{
    "Ranking": "9 > 4 > 3 > 13 > 15 > 8 > 10 > 7 > 11 > 16 > 1 > 5 > 14 > 12 > 17 > 6 > 2",
    "Number Of Seats": 2,
    "Stats": {
        "9": 25.2379329004329,
        "4": 19.454538517038515,
        "3": 18.24563492063492,
        "13": 16.190313852813855,
        "15": 14.415115440115443,
        "8": 10.703210678210679,
        "10": 9.485714285714284,
        "7": 8.614357864357864,
        "11": 8.600310800310801,
        "16": 8.321067821067821,
        "1": 7.685750360750359,
        "5": 6.385515873015873,
        "14": 3.4681679431679435,
        "12": 3.115827228327228,
        "17": 2.89471916971917,
        "6": 2.4267857142857143,
        "2": 2.0876734376734376
    }
}