{
    "Ranking": "18 > 9 > 19 > 12 > 7 > 1 > 2 > 13 > 20 > 8 > 5 > 16 > 15 > 11 > 14 > 4 > 6 > 10 > 3 > 17",
    "Number Of Seats": 2,
    "Stats": {
        "18": 19.166666666666657,
        "9": 17.000000000000004,
        "19": 14.337301587301587,
        "12": 9.893131868131867,
        "7": 9.348809523809525,
        "1": 9.19223692973693,
        "2": 9.050887021475255,
        "13": 8.90580618212197,
        "20": 7.912887989203779,
        "8": 7.431818181818182,
        "5": 7.012750626566415,
        "16": 6.856944444444444,
        "15": 5.102020202020202,
        "11": 4.748412698412698,
        "14": 4.301388888888889,
        "4": 3.875,
        "6": 3.3952704158586506,
        "10": 2.9493430975629127,
        "3": 2.0879901960784313,
        "17": 1.8628639334521686
    }
}