{
    "Ranking": "Anthony Towns > Steve McIntyre > Jeroen van Wolffelaar > Andreas Schuldei > Bill Allombert > None of the Above > Ari Pollak > Jonathan aka Ted Walther",
    "Number Of Seats": 1,
    "Stats": {
        "Anthony Towns": 223.6760260770974,
        "Steve McIntyre": 216.4865164399094,
        "Jeroen van Wolffelaar": 177.67149659863946,
        "Andreas Schuldei": 156.7664285714285,
        "Bill Allombert": 125.47098922902518,
        "None of the Above": 93.67001133786856,
        "Ari Pollak": 84.18182539682546,
        "Jonathan aka Ted Walther": 66.29456349206356
    }
}