{
    "Ranking": "Anthony Towns > Steve McIntyre > Andreas Schuldei > Jeroen van Wolffelaar > Bill Allombert > None of the Above > Ari Pollak > Jonathan aka Ted Walther",
    "Number Of Seats": 1,
    "Stats": {
        "Anthony Towns": 227.04054138321973,
        "Steve McIntyre": 212.29672619047616,
        "Andreas Schuldei": 165.53028911564599,
        "Jeroen van Wolffelaar": 162.75095238095227,
        "Bill Allombert": 132.22423469387758,
        "None of the Above": 94.048701814059,
        "Ari Pollak": 82.5698922902494,
        "Jonathan aka Ted Walther": 67.75651927437644
    }
}