{
    "Ranking": "10 > 2 > 14 > 17 > 3 > 8 > 1 > 5 > 9 > 15 > 12 > 4 > 11 > 7 > 16 > 13 > 6",
    "Number Of Seats": 2,
    "Stats": {
        "10": 35.07158218419308,
        "2": 22.43263441389817,
        "14": 20.883577105229858,
        "17": 16.825598559698527,
        "3": 15.933640206293177,
        "8": 14.65789520613254,
        "1": 12.998275156931578,
        "5": 12.348041791469852,
        "9": 12.195393943488428,
        "15": 11.980161614643428,
        "12": 11.885311897347647,
        "4": 11.883419939628922,
        "11": 10.926711803016397,
        "7": 10.765776639372465,
        "16": 10.464156423938412,
        "13": 10.431252793984845,
        "6": 9.403904473507891
    }
}