{
    "Ranking": "10 > 2 > 14 > 17 > 3 > 8 > 1 > 5 > 9 > 15 > 12 > 4 > 11 > 7 > 16 > 13 > 6",
    "Number Of Seats": 2,
    "Stats": {
        "10": 35.071582184,
        "2": 22.432634414,
        "14": 20.883577105,
        "17": 16.82559856,
        "3": 15.933640206,
        "8": 14.657895206,
        "1": 12.998275157,
        "5": 12.348041791,
        "9": 12.195393943,
        "15": 11.980161615,
        "12": 11.885311897,
        "4": 11.88341994,
        "11": 10.926711803,
        "7": 10.765776639,
        "16": 10.464156424,
        "13": 10.431252794,
        "6": 9.403904474
    }
}