{
    "Ranking": "1 > 3 > 2",
    "Number Of Seats": 1,
    "Stats": {
        "1": {
            "2": 1.8666666666666667,
            "3": 1.0555555555555556
        },
        "2": {
            "1": 0,
            "3": 0
        },
        "3": {
            "1": 0,
            "2": 3.2222222222222223
        }
    }
}