{
    "Ranking": "13 > 11 > 9 > 20 > 19 > 10 > 7 > 6 > 25 > 21 > 3 > 26 > 12 > 22 > 24 > 5 > 1 > 14 > 15 > 8 > 2 > 4 > 16 > 18 > 17 > 23",
    "Number Of Seats": 2,
    "Stats": {
        "13": 27.259303487,
        "11": 27.248359874,
        "9": 26.121950507,
        "20": 25.859527247,
        "19": 20.300658838,
        "10": 16.064520591,
        "7": 15.943934555,
        "6": 15.837169189,
        "25": 15.546333465,
        "21": 14.81429948,
        "3": 14.615420508,
        "26": 14.283523095,
        "12": 13.868571073,
        "22": 13.594517739,
        "24": 13.076397332,
        "5": 12.615009831,
        "1": 12.277385397,
        "14": 12.222198565,
        "15": 12.071848236,
        "8": 11.91690155,
        "2": 11.714847895,
        "4": 11.654064887,
        "16": 11.650342315,
        "18": 11.007210323,
        "17": 10.250173864,
        "23": 9.045180641
    }
}