{
    "Ranking": "1 > 8 > 10 > 4 > 2 > 3 > 11 > 9 > 6 > 7 > 5 > 12",
    "Number Of Seats": 11,
    "Stats": {
        "1": {
            "1": 891.25,
            "8": 394.24999999999994,
            "10": 373.25,
            "4": 300.25,
            "2": 286.25,
            "3": 286.24999999999994,
            "11": 235.25,
            "9": 165.25000000000003,
            "6": 154.25,
            "7": 151.25,
            "5": 115.24999999999999,
            "12": 69.24999999999999
        }
    }
}