{
    "Ranking": "A > B > E > D > F > G > C",
    "Number Of Seats": 2,
    "Stats": {
        "A": {
            "B": 1.040909090909091,
            "C": 2.2142857142857144,
            "D": 1.2346938775510203,
            "E": 1.1442307692307692,
            "F": 1.085308056872038,
            "G": 1.215
        },
        "B": {
            "A": 0,
            "C": 2.8247422680412373,
            "D": 1.2746113989637307,
            "E": 1.0373831775700935,
            "F": 1.0989583333333333,
            "G": 1.1727748691099475
        },
        "C": {
            "A": 0,
            "B": 0,
            "D": 0,
            "E": 0,
            "F": 0,
            "G": 0
        },
        "D": {
            "A": 0,
            "B": 0,
            "C": 1.471698113207547,
            "E": 1.0093023255813953,
            "F": 1.0375586854460095,
            "G": 1.0796019900497513
        },
        "E": {
            "A": 0,
            "B": 0,
            "C": 1.822695035460993,
            "D": 1.0490196078431373,
            "F": 1.0375586854460095,
            "G": 1.0490196078431373
        },
        "F": {
            "A": 0,
            "B": 0,
            "C": 2.0082644628099175,
            "D": 1.0093023255813953,
            "E": 1.0093023255813953,
            "G": 1.09
        },
        "G": {
            "A": 0,
            "B": 0,
            "C": 1.5890410958904109,
            "D": 0,
            "E": 0,
            "F": 0
        }
    }
}