{
    "Ranking": "A > B > F > G > D > E > C",
    "Number Of Seats": 2,
    "Stats": {
        "A": 241.9418650793652,
        "B": 235.83150793650816,
        "F": 230.29702380952386,
        "G": 223.5313888888889,
        "D": 214.31337301587297,
        "E": 213.428253968254,
        "C": 162.66373015872986
    }
}