{
    "Ranking": "A > B > F > G > D > E > C",
    "Number Of Seats": 2,
    "Stats": {
        "A": 241.941865079,
        "B": 235.831507937,
        "F": 230.29702381,
        "G": 223.531388889,
        "D": 214.313373016,
        "E": 213.428253968,
        "C": 162.663730159
    }
}