{
    "Ranking": "1 > 3 > 2",
    "Number Of Seats": 1,
    "Stats": {
        "1": {
            "2": 9.583333333333334,
            "3": 7.928571428571429
        },
        "2": {
            "1": 0,
            "3": 0
        },
        "3": {
            "1": 0,
            "2": 3.5
        }
    }
}