{
    "Ranking": "1 > 9 > 12 > 20 > 2 > 4 > 5 > 19 > 3 > 6 > 11 > 14 > 10 > 15 > 17 > 8 > 13 > 16 > 7 > 18",
    "Number Of Seats": 12,
    "Stats": {
        "1": 99.92631714690545,
        "9": 94.21852720293126,
        "12": 73.67072043453621,
        "20": 71.17379375010958,
        "2": 57.955198967699125,
        "4": 51.09249361749372,
        "5": 50.4086299493421,
        "19": 47.8007829588713,
        "3": 45.68647581778395,
        "6": 45.24740932871748,
        "11": 40.5367030028795,
        "14": 39.46157890097519,
        "10": 39.430090128309956,
        "15": 39.30636199885426,
        "17": 35.55975207283257,
        "8": 35.144092689216535,
        "13": 32.92492707241159,
        "16": 32.91346457550018,
        "7": 29.65912214720264,
        "18": 27.560086885938283
    }
}