{
    "Ranking": "1 > 9 > 12 > 20 > 2 > 4 > 5 > 19 > 3 > 6 > 11 > 14 > 10 > 15 > 17 > 8 > 13 > 16 > 7 > 18",
    "Number Of Seats": 12,
    "Stats": {
        "1": 99.926317147,
        "9": 94.218527203,
        "12": 73.670720435,
        "20": 71.17379375,
        "2": 57.955198968,
        "4": 51.092493617,
        "5": 50.408629949,
        "19": 47.800782959,
        "3": 45.686475818,
        "6": 45.247409329,
        "11": 40.536703003,
        "14": 39.461578901,
        "10": 39.430090128,
        "15": 39.306361999,
        "17": 35.559752073,
        "8": 35.144092689,
        "13": 32.924927072,
        "16": 32.913464576,
        "7": 29.659122147,
        "18": 27.560086886
    }
}