{
    "Ranking": "9 > 1 > 12 > 20 > 4 > 3 > 2 > 5 > 6 > 11 > 19 > 13 > 15",
    "Number Of Seats": 12,
    "Stats": {
        "votes_needed_to_win": 29,
        "rounds": {
            "1": {
                "9": 54,
                "1": 45,
                "12": 26,
                "3": 23,
                "5": 21,
                "6": 21,
                "20": 21,
                "4": 18,
                "2": 17,
                "14": 15,
                "15": 15,
                "10": 14,
                "19": 14,
                "13": 11,
                "11": 10,
                "7": 9,
                "16": 9,
                "8": 8,
                "18": 8,
                "17": 6
            },
            "2": {
                "12": 32.622222224,
                "3": 25.455555557,
                "20": 25.233333337,
                "5": 24.522222225,
                "2": 22.622222226,
                "6": 22.174074075,
                "4": 21.703703704,
                "15": 17.562962964,
                "10": 16.777777778,
                "19": 15.885185187,
                "14": 15,
                "11": 13.737037039,
                "13": 11.355555556,
                "7": 9.355555556,
                "16": 9.355555556,
                "8": 8.355555556,
                "18": 8.355555556,
                "17": 6.462962963
            },
            "3": {
                "20": 25.810959737,
                "3": 25.677626401,
                "5": 24.988813203,
                "4": 24.703552326,
                "2": 23.085185189,
                "6": 22.396144919,
                "15": 17.785033808,
                "10": 16.8888132,
                "14": 16.370067614,
                "19": 15.996220609,
                "11": 15.347996772,
                "13": 11.5776264,
                "7": 9.355555556,
                "16": 9.355555556,
                "8": 8.933181956,
                "18": 8.355555556,
                "17": 6.573998385
            },
            "4": {
                "20": 27.921995159,
                "4": 25.703552326,
                "3": 25.677626401,
                "5": 24.988813203,
                "2": 23.085185189,
                "6": 22.396144919,
                "14": 18.370067614,
                "15": 17.785033808,
                "19": 16.996220609,
                "10": 16.8888132,
                "11": 15.810959735,
                "13": 11.5776264,
                "7": 9.355555556,
                "16": 9.355555556,
                "8": 8.933181956,
                "18": 8.355555556
            },
            "5": {
                "20": 29.277550715,
                "4": 26.703552326,
                "5": 25.988813203,
                "3": 25.677626401,
                "6": 24.396144919,
                "2": 23.085185189,
                "14": 18.370067614,
                "15": 17.785033808,
                "19": 16.996220609,
                "10": 16.8888132,
                "11": 15.810959735,
                "13": 11.5776264,
                "7": 11.355555556,
                "16": 10.355555556,
                "8": 8.933181956
            },
            "6": {
                "4": 28.166515289,
                "3": 26.981695866,
                "5": 26.344368759,
                "6": 25.405624903,
                "2": 24.97954358,
                "14": 18.481103036,
                "19": 18.437402801,
                "15": 17.803993776,
                "10": 16.999848622,
                "11": 16.166515291,
                "13": 11.596586368,
                "7": 11.355555556,
                "16": 10.383995508,
                "8": 9.298217496
            },
            "7": {
                "4": 30.166515289,
                "3": 27.981695866,
                "5": 26.344368759,
                "6": 25.405624903,
                "2": 24.97954358,
                "14": 19.836658592,
                "19": 19.802438341,
                "11": 18.277550713,
                "15": 17.803993776,
                "10": 16.999848622,
                "13": 12.596586368,
                "7": 11.711111112,
                "16": 10.383995508
            },
            "8": {
                "3": 30.020365075,
                "2": 26.947403059,
                "5": 26.610081017,
                "6": 25.868587866,
                "19": 22.767033476,
                "11": 21.437048376,
                "14": 19.836658592,
                "15": 17.881332194,
                "10": 16.999848622,
                "13": 13.059549331,
                "7": 11.711111112,
                "16": 11.383995508
            },
            "9": {
                "2": 29.344371678,
                "5": 26.678059209,
                "6": 26.258132518,
                "19": 23.878068898,
                "11": 21.471037472,
                "14": 20.966519094,
                "15": 18.733839809,
                "10": 17.323886754,
                "13": 13.453774096,
                "7": 12.711111112,
                "16": 11.485962796
            },
            "10": {
                "5": 27.957742627,
                "6": 26.822024711,
                "19": 24.956471093,
                "11": 24.088166985,
                "14": 21.901925004,
                "15": 19.220273826,
                "10": 18.759156029,
                "7": 15.105137593,
                "13": 13.830545163,
                "16": 11.979621254
            },
            "11": {
                "5": 28.991731723,
                "6": 27.840984679,
                "19": 25.990460189,
                "11": 25.551129948,
                "14": 21.901925004,
                "15": 19.220273826,
                "10": 18.759156029,
                "13": 17.840025147,
                "7": 17.105137593
            },
            "12": {
                "5": 30.991731723,
                "6": 30.879653888,
                "19": 28.346015745,
                "11": 25.945354713,
                "14": 21.901925004,
                "10": 20.222118992,
                "15": 20.220273826,
                "13": 19.20731623
            },
            "13": {
                "11": 32.134471779,
                "19": 30.689919797,
                "13": 24.812249349,
                "10": 23.004618408,
                "14": 22.459747366,
                "15": 21.621136653
            },
            "14": {
                "13": 32.763436273,
                "15": 30.432155408,
                "10": 28.898987099,
                "14": 25.177935204
            }
        }
    }
}