{
    "Ranking": "9 > 1 > 20 > 12 > 2 > 3 = 11 > 14 > 4 > 8 > 10 > 15 > 17 = 19 > 5 > 6 > 13 > 16 > 18 > 7",
    "Number Of Seats": 12,
    "Stats": {
        "1": {
            "2": 1.5538461538461539,
            "3": 2.0277777777777777,
            "4": 1.21875,
            "5": 2.0277777777777777,
            "6": 1.95,
            "7": 3.727272727272727,
            "8": 2.607142857142857,
            "9": 0,
            "10": 1.7179487179487178,
            "11": 1.6956521739130435,
            "12": 1.2297297297297298,
            "13": 2.5172413793103448,
            "14": 1.4814814814814814,
            "15": 1.6956521739130435,
            "16": 2.793103448275862,
            "17": 2.2195121951219514,
            "18": 2.2195121951219514,
            "19": 1.709090909090909,
            "20": 1.1136363636363635
        },
        "2": {
            "1": 0,
            "3": 1.2272727272727273,
            "4": 1.1355932203389831,
            "5": 1.641025641025641,
            "6": 1.8285714285714285,
            "7": 2,
            "8": 1.3333333333333333,
            "9": 0,
            "10": 1.3333333333333333,
            "11": 1.2340425531914894,
            "12": 1.1355932203389831,
            "13": 1.65625,
            "14": 1.2340425531914894,
            "15": 1.3513513513513513,
            "16": 1.7391304347826086,
            "17": 1.794871794871795,
            "18": 1.794871794871795,
            "19": 1.2340425531914894,
            "20": 1.0952380952380953
        },
        "3": {
            "1": 0,
            "2": 1.1578947368421053,
            "4": 1.1355932203389831,
            "5": 2.2,
            "6": 1.75,
            "7": 2.2666666666666666,
            "8": 1.5666666666666667,
            "9": 0,
            "10": 1.5151515151515151,
            "11": 1.1578947368421053,
            "12": 1.1355932203389831,
            "13": 1.5666666666666667,
            "14": 1.2432432432432432,
            "15": 1.1666666666666667,
            "16": 2.1052631578947367,
            "17": 1.393939393939394,
            "18": 1.5666666666666667,
            "19": 1.1794871794871795,
            "20": 1.0952380952380953
        },
        "4": {
            "1": 0,
            "2": 1.121212121212121,
            "3": 1.121212121212121,
            "5": 1.962962962962963,
            "6": 1.5357142857142858,
            "7": 2.611111111111111,
            "8": 1.5333333333333334,
            "9": 0,
            "10": 1.5151515151515151,
            "11": 1.121212121212121,
            "12": 1.121212121212121,
            "13": 1.5333333333333334,
            "14": 1.121212121212121,
            "15": 1.1666666666666667,
            "16": 1.5333333333333334,
            "17": 1.393939393939394,
            "18": 1.5483870967741935,
            "19": 1.2340425531914894,
            "20": 1.0952380952380953
        },
        "5": {
            "1": 0,
            "2": 1.0212765957446808,
            "3": 1.0212765957446808,
            "4": 1.0212765957446808,
            "6": 1.4736842105263157,
            "7": 1.8387096774193548,
            "8": 1.0465116279069768,
            "9": 0,
            "10": 1.0857142857142856,
            "11": 1.0212765957446808,
            "12": 1.0212765957446808,
            "13": 1.4,
            "14": 1.0212765957446808,
            "15": 1.0857142857142856,
            "16": 1.1951219512195121,
            "17": 1.0857142857142856,
            "18": 1.5483870967741935,
            "19": 1.0857142857142856,
            "20": 1.0212765957446808
        },
        "6": {
            "1": 0,
            "2": 1.0212765957446808,
            "3": 1.0212765957446808,
            "4": 1.0212765957446808,
            "5": 1.1794871794871795,
            "7": 1.8333333333333333,
            "8": 1.0465116279069768,
            "9": 0,
            "10": 1.0857142857142856,
            "11": 1.0212765957446808,
            "12": 1.0212765957446808,
            "13": 1.4,
            "14": 1.0212765957446808,
            "15": 1.0857142857142856,
            "16": 1.1951219512195121,
            "17": 1.0857142857142856,
            "18": 1.4,
            "19": 1.0857142857142856,
            "20": 1.0212765957446808
        },
        "7": {
            "1": 0,
            "2": 1.0212765957446808,
            "3": 1.0212765957446808,
            "4": 1.0212765957446808,
            "5": 1.048780487804878,
            "6": 1.048780487804878,
            "8": 1.0465116279069768,
            "9": 0,
            "10": 1.048780487804878,
            "11": 1.0212765957446808,
            "12": 1.0212765957446808,
            "13": 1.048780487804878,
            "14": 1.0212765957446808,
            "15": 1.048780487804878,
            "16": 1.048780487804878,
            "17": 1.048780487804878,
            "18": 1.048780487804878,
            "19": 1.048780487804878,
            "20": 1.0212765957446808
        },
        "8": {
            "1": 0,
            "2": 1.0212765957446808,
            "3": 1.0212765957446808,
            "4": 1.0212765957446808,
            "5": 1.393939393939394,
            "6": 1.393939393939394,
            "7": 1.631578947368421,
            "9": 0,
            "10": 1.5151515151515151,
            "11": 1.0212765957446808,
            "12": 1.0212765957446808,
            "13": 1.631578947368421,
            "14": 1.0212765957446808,
            "15": 1.1666666666666667,
            "16": 1.736842105263158,
            "17": 1.393939393939394,
            "18": 1.631578947368421,
            "19": 1.173913043478261,
            "20": 1.0212765957446808
        },
        "9": {
            "1": 1.3043478260869565,
            "2": 1.7234042553191489,
            "3": 1.4594594594594594,
            "4": 1.4814814814814814,
            "5": 1.641025641025641,
            "6": 1.7234042553191489,
            "7": 1.9230769230769231,
            "8": 1.6875,
            "10": 2.5357142857142856,
            "11": 2.210526315789474,
            "12": 1.6,
            "13": 2.588235294117647,
            "14": 1.8928571428571428,
            "15": 1.8518518518518519,
            "16": 1.8928571428571428,
            "17": 2.5142857142857142,
            "18": 2.9411764705882355,
            "19": 2.097560975609756,
            "20": 1.3793103448275863
        },
        "10": {
            "1": 0,
            "2": 1.0212765957446808,
            "3": 1.0212765957446808,
            "4": 1.0212765957446808,
            "5": 1.173913043478261,
            "6": 1.173913043478261,
            "7": 1.7,
            "8": 1.0465116279069768,
            "9": 0,
            "11": 1.0212765957446808,
            "12": 1.0212765957446808,
            "13": 1.173913043478261,
            "14": 1.0212765957446808,
            "15": 1.1666666666666667,
            "16": 1.6956521739130435,
            "17": 1.173913043478261,
            "18": 2.066666666666667,
            "19": 1.173913043478261,
            "20": 1.0212765957446808
        },
        "11": {
            "1": 0,
            "2": 1.1578947368421053,
            "3": 1.1578947368421053,
            "4": 1.1355932203389831,
            "5": 1.4193548387096775,
            "6": 1.4545454545454546,
            "7": 1.7142857142857142,
            "8": 1.3333333333333333,
            "9": 0,
            "10": 1.3333333333333333,
            "12": 1.1355932203389831,
            "13": 1.608695652173913,
            "14": 1.4814814814814814,
            "15": 1.8518518518518519,
            "16": 1.8518518518518519,
            "17": 1.588235294117647,
            "18": 1.7142857142857142,
            "19": 1.288888888888889,
            "20": 1.0952380952380953
        },
        "12": {
            "1": 0,
            "2": 1.1578947368421053,
            "3": 1.3255813953488371,
            "4": 1.21875,
            "5": 1.4634146341463414,
            "6": 1.5,
            "7": 1.8275862068965518,