{
    "Ranking": "3 > 1 > 4 > 5 > 2",
    "Number Of Seats": 2,
    "Stats": {
        "3": 243.504166667,
        "1": 232.9,
        "4": 157.411111111,
        "5": 144.048611111,
        "2": 142.319444444
    }
}