{
    "Ranking": "3 > 1 > 4 > 5 > 2",
    "Number Of Seats": 2,
    "Stats": {
        "3": 243.5041666666667,
        "1": 232.89999999999978,
        "4": 157.41111111111132,
        "5": 144.04861111111128,
        "2": 142.31944444444477
    }
}