{
    "Ranking": "3 > 1 > 4 > 5 > 2",
    "Number Of Seats": 2,
    "Stats": {
        "1": {
            "2": 4.440677966101695,
            "3": 0,
            "4": 2.9166666666666665,
            "5": 2.4954128440366974
        },
        "2": {
            "1": 0,
            "3": 0,
            "4": 1.0833333333333333,
            "5": 1.0833333333333333
        },
        "3": {
            "1": 1.116564417177914,
            "2": 3.5616438356164384,
            "4": 3.087912087912088,
            "5": 2.514018691588785
        },
        "4": {
            "1": 0,
            "2": 1.2285714285714286,
            "3": 0,
            "5": 1.2285714285714286
        },
        "5": {
            "1": 0,
            "2": 1.3130434782608695,
            "3": 0,
            "4": 1.0833333333333333
        }
    }
}