{
    "Ranking": "5 > 4 > 1 > 2 > 3",
    "Number Of Seats": 3,
    "Stats": {
        "5": 157.681666667,
        "4": 129.559444444,
        "1": 111.651111111,
        "2": 96.481666667,
        "3": 89.159444444
    }
}