{
    "Ranking": "5 > 4 > 1 > 2 > 3",
    "Number Of Seats": 3,
    "Stats": {
        "1": {
            "2": 1.7023809523809523,
            "3": 2.3484848484848486,
            "4": 0,
            "5": 0
        },
        "2": {
            "1": 0,
            "3": 1.2804878048780488,
            "4": 0,
            "5": 0
        },
        "3": {
            "1": 0,
            "2": 0,
            "4": 0,
            "5": 0
        },
        "4": {
            "1": 1.3461538461538463,
            "2": 2.671875,
            "3": 3.3773584905660377,
            "5": 0
        },
        "5": {
            "1": 1.869047619047619,
            "2": 2.3194444444444446,
            "3": 2.5757575757575757,
            "4": 1.2568807339449541
        }
    }
}