{
    "Ranking": "Steve McIntyre > Stefano Zacchiroli > None Of The Above",
    "Number Of Seats": 1,
    "Stats": {
        "Steve McIntyre": 274.4444444444444,
        "Stefano Zacchiroli": 252.19444444444443,
        "None Of The Above": 135.19444444444406
    }
}