{
    "Ranking": "6 > 8 > 4 = 11 > 5 > 14 > 7 > 12 > 3 > 1 = 10 > 13 > 2 > 9 > 15",
    "Number Of Seats": 7,
    "Stats": {
        "1": {
            "2": 1.185483870967742,
            "3": 0,
            "4": 0,
            "5": 0,
            "6": 0,
            "7": 0,
            "8": 0,
            "9": 1.143835616438356,
            "10": 0,
            "11": 0,
            "12": 0,
            "13": 1.0202702702702702,
            "14": 0,
            "15": 1.3305785123966942
        },
        "2": {
            "1": 0,
            "3": 0,
            "4": 0,
            "5": 0,
            "6": 0,
            "7": 0,
            "8": 0,
            "9": 1.1185185185185185,
            "10": 0,
            "11": 0,
            "12": 0,
            "13": 0,
            "14": 0,
            "15": 1.1185185185185185
        },
        "3": {
            "1": 1.0405405405405406,
            "2": 1.2992700729927007,
            "4": 0,
            "5": 0,
            "6": 0,
            "7": 0,
            "8": 0,
            "9": 1.304054054054054,
            "10": 1.2243589743589745,
            "11": 0,
            "12": 0,
            "13": 1.2243589743589745,
            "14": 0,
            "15": 1.5080645161290323
        },
        "4": {
            "1": 2.8031496062992125,
            "2": 2.81203007518797,
            "3": 2.5588235294117645,
            "5": 1.140625,
            "6": 0,
            "7": 2.5785714285714287,
            "8": 0,
            "9": 3.5576923076923075,
            "10": 3.4299065420560746,
            "11": 0,
            "12": 2.828125,
            "13": 4.146067415730337,
            "14": 1.9714285714285715,
            "15": 4.986666666666666
        },
        "5": {
            "1": 2.189189189189189,
            "2": 2.382978723404255,
            "3": 1.9268292682926829,
            "4": 0,
            "6": 0,
            "7": 2.1103896103896105,
            "8": 0,
            "9": 3.976470588235294,
            "10": 2.768595041322314,
            "11": 0,
            "12": 2.267123287671233,
            "13": 2.8793103448275863,
            "14": 1.6091370558375635,
            "15": 4.32051282051282
        },
        "6": {
            "1": 4.897196261682243,
            "2": 4.411764705882353,
            "3": 4.276422764227642,
            "4": 1.8956521739130434,
            "5": 2.3268292682926828,
            "7": 4.338842975206612,
            "8": 1.459016393442623,
            "9": 6.022471910112359,
            "10": 6.846153846153846,
            "11": 1.6954887218045114,
            "12": 5.473684210526316,
            "13": 6.909090909090909,
            "14": 3.595744680851064,
            "15": 9.421052631578947
        },
        "7": {
            "1": 1.3146853146853146,
            "2": 1.4390243902439024,
            "3": 1.1686746987951808,
            "4": 0,
            "5": 0,
            "6": 0,
            "8": 0,
            "9": 2.4065934065934065,
            "10": 2.1649484536082473,
            "11": 0,
            "12": 1.2874251497005988,
            "13": 1.8245614035087718,
            "14": 0,
            "15": 2.824324324324324
        },
        "8": {
            "1": 3.5984848484848486,
            "2": 3.6165413533834587,
            "3": 3.420289855072464,
            "4": 1.1479099678456592,
            "5": 1.5473251028806585,
            "6": 0,
            "7": 2.2010309278350517,
            "9": 7.043478260869565,
            "10": 3.1338028169014085,
            "11": 1.1755485893416928,
            "12": 2.730769230769231,
            "13": 3.0547945205479454,
            "14": 2.5872093023255816,
            "15": 6.657534246575342
        },
        "9": {
            "1": 0,
            "2": 0,
            "3": 0,
            "4": 0,
            "5": 0,
            "6": 0,
            "7": 0,
            "8": 0,
            "10": 0,
            "11": 0,
            "12": 0,
            "13": 0,
            "14": 0,
            "15": 1.5247524752475248
        },
        "10": {
            "1": 0,
            "2": 1.0816326530612246,
            "3": 0,
            "4": 0,
            "5": 0,
            "6": 0,
            "7": 0,
            "8": 0,
            "9": 1.3706896551724137,
            "11": 0,
            "12": 0,
            "13": 1.317829457364341,
            "14": 0,
            "15": 1.7156862745098038
        },
        "11": {
            "1": 3.1773049645390072,
            "2": 3.4518518518518517,
            "3": 3.198581560283688,
            "4": 0,
            "5": 1.2529182879377432,
            "6": 0,
            "7": 2.933774834437086,
            "8": 0,
            "9": 4.757894736842105,
            "10": 3.9734513274336285,
            "12": 4.118181818181818,
            "13": 4.564356435643564,
            "14": 2.8986486486486487,
            "15": 6.764705882352941
        },
        "12": {
            "1": 1.4102564102564104,
            "2": 1.4966442953020134,
            "3": 1.1290322580645162,
            "4": 0,
            "5": 0,
            "6": 0,
            "7": 0,
            "8": 0,
            "9": 1.8521739130434782,
            "10": 1.1290322580645162,
            "11": 0,
            "13": 1.7603305785123966,
            "14": 0,
            "15": 2.2526315789473683
        },
        "13": {
            "1": 0,
            "2": 1.0816326530612246,
            "3": 0,
            "4": 0,
            "5": 0,
            "6": 0,
            "7": 0,
            "8": 0,
            "9": 1.543859649122807,
            "10": 0,
            "11": 0,
            "12": 0,
            "14": 0,
            "15": 1.9775280898876404
        },
        "14": {
            "1": 1.9210526315789473,
            "2": 1.9733333333333334,
            "3": 1.5480225988700564,
            "4": 0,
            "5": 0,
            "6": 0,
            "7": 1.202970297029703,
            "8": 0,
            "9": 1.7114093959731544,
            "10": 1.515527950310559,
            "11": 0,
            "12": 1.2712765957446808,
            "13": 1.467065868263473,
            "15": 3.654320987654321
        },
        "15": {
            "1": 0,
            "2": 0,
            "3": 0,
            "4": 0,
            "5": 0,
            "6": 0,
            "7": 0,
            "8": 0,
            "9": 0,
            "10": 0,
            "11": 0,
            "12": 0,
            "13": 0,
            "14": 0
        }
    }
}