{
    "Ranking": "6 > 8 > 4 > 11 > 5 > 14 > 7 > 2 > 1 > 12 > 3 > 10 > 9 > 13 > 15",
    "Number Of Seats": 7,
    "Stats": {
        "6": 400.0328841621331,
        "8": 335.017614324623,
        "4": 293.4732712239208,
        "11": 290.9081264538964,
        "5": 251.2436814806132,
        "14": 200.1015620776009,
        "7": 190.00963067956712,
        "2": 189.56111471904813,
        "1": 183.38687370014122,
        "12": 173.49325655190393,
        "3": 172.78271721670797,
        "10": 156.51240262571,
        "9": 152.45678226768686,
        "13": 150.4649451277851,
        "15": 142.28361169214736
    }
}