{
    "Ranking": "1 > 4 > 2 > 3 > 5",
    "Number Of Seats": 1,
    "Stats": {
        "1": {
            "2": 4.818181818181818,
            "3": 2.8421052631578947,
            "4": 1.4642857142857142,
            "5": 6.875
        },
        "2": {
            "1": 0,
            "3": 1.1428571428571428,
            "4": 0,
            "5": 2.3333333333333335
        },
        "3": {
            "1": 0,
            "2": 0,
            "4": 0,
            "5": 3.142857142857143
        },
        "4": {
            "1": 0,
            "2": 2.3157894736842106,
            "3": 1.88,
            "5": 6.25
        },
        "5": {
            "1": 0,
            "2": 0,
            "3": 0,
            "4": 0
        }
    }
}