{
    "Ranking": "1 > 4 > 3 > 2 > 5",
    "Number Of Seats": 1,
    "Stats": {
        "1": 52.44722222222223,
        "4": 45.26944444444447,
        "3": 34.223611111111104,
        "2": 29.96388888888887,
        "5": 25.329166666666666
    }
}