{
    "Ranking": "11 > 3 > 7 > 1 > 2 > 4 > 10 > 8 > 9 > 5 > 6",
    "Number Of Seats": 2,
    "Stats": {
        "11": 21.959035995,
        "3": 17.014394856,
        "7": 13.067517565,
        "1": 12.177630815,
        "2": 11.943305132,
        "4": 10.745003736,
        "10": 9.876433825,
        "8": 9.830413718,
        "9": 9.572952871,
        "5": 9.111739762,
        "6": 7.576174901
    }
}