{
    "Ranking": "10 > 1 > 7 > 2 > 4 > 5 > 6 > 3 > 8 > 9",
    "Number Of Seats": 4,
    "Stats": {
        "1": {
            "2": 1.9714285714285715,
            "3": 2.9423076923076925,
            "4": 1.7530864197530864,
            "5": 1.6533333333333333,
            "6": 1.7875,
            "7": 1.346938775510204,
            "8": 2.6666666666666665,
            "9": 2.7346938775510203,
            "10": 0
        },
        "2": {
            "1": 0,
            "3": 1.4202898550724639,
            "4": 1.0119047619047619,
            "5": 1.0963855421686748,
            "6": 1.1264367816091954,
            "7": 0,
            "8": 1.3970588235294117,
            "9": 1.3278688524590163,
            "10": 0
        },
        "3": {
            "1": 0,
            "2": 0,
            "4": 0,
            "5": 0,
            "6": 0,
            "7": 0,
            "8": 1.1232876712328768,
            "9": 1.1232876712328768,
            "10": 0
        },
        "4": {
            "1": 0,
            "2": 0,
            "3": 1.3506493506493507,
            "5": 1.0705882352941176,
            "6": 1.3506493506493507,
            "7": 0,
            "8": 1.3506493506493507,
            "9": 1.403225806451613,
            "10": 0
        },
        "5": {
            "1": 0,
            "2": 0,
            "3": 1.3466666666666667,
            "4": 0,
            "6": 1.0454545454545454,
            "7": 0,
            "8": 1.3285714285714285,
            "9": 1.5714285714285714,
            "10": 0
        },
        "6": {
            "1": 0,
            "2": 0,
            "3": 1.3733333333333333,
            "4": 0,
            "5": 0,
            "7": 0,
            "8": 1.4202898550724639,
            "9": 1.3278688524590163,
            "10": 0
        },
        "7": {
            "1": 0,
            "2": 1.0434782608695652,
            "3": 1.381578947368421,
            "4": 1.308641975308642,
            "5": 1.1264367816091954,
            "6": 1.308641975308642,
            "8": 1.981818181818182,
            "9": 2.036363636363636,
            "10": 0
        },
        "8": {
            "1": 0,
            "2": 0,
            "3": 0,
            "4": 0,
            "5": 0,
            "6": 0,
            "7": 0,
            "9": 1.3278688524590163,
            "10": 0
        },
        "9": {
            "1": 0,
            "2": 0,
            "3": 0,
            "4": 0,
            "5": 0,
            "6": 0,
            "7": 0,
            "8": 0,
            "10": 0
        },
        "10": {
            "1": 1.2755905511811023,
            "2": 2.013888888888889,
            "3": 2.740740740740741,
            "4": 1.6627906976744187,
            "5": 2.161764705882353,
            "6": 1.9382716049382716,
            "7": 1.2755905511811023,
            "8": 3.3333333333333335,
            "9": 2.618181818181818
        }
    }
}