{
    "Ranking": "J > B > L > E > A > F > H > I > K > G > D > M > C",
    "Number Of Seats": 8,
    "Stats": {
        "A": {
            "B": 0,
            "C": 1.4369747899159664,
            "D": 1.2946058091286308,
            "E": 0,
            "F": 1.0575539568345325,
            "G": 1.2046332046332047,
            "H": 1.15018315018315,
            "I": 1.0844594594594594,
            "J": 0,
            "K": 1.1449814126394051,
            "L": 0,
            "M": 1.5545023696682465
        },
        "B": {
            "A": 1.219672131147541,
            "C": 2.723684210526316,
            "D": 1.7033898305084745,
            "E": 1.3285198555956679,
            "F": 1.1904761904761905,
            "G": 1.339350180505415,
            "H": 1.2832764505119454,
            "I": 1.6238532110091743,
            "J": 0,
            "K": 1.4067164179104477,
            "L": 1.350597609561753,
            "M": 1.9368932038834952
        },
        "C": {
            "A": 0,
            "B": 0,
            "D": 0,
            "E": 0,
            "F": 0,
            "G": 0,
            "H": 0,
            "I": 0,
            "J": 0,
            "K": 0,
            "L": 0,
            "M": 0
        },
        "D": {
            "A": 0,
            "B": 0,
            "C": 1.2066115702479339,
            "E": 0,
            "F": 0,
            "G": 0,
            "H": 0,
            "I": 0,
            "J": 0,
            "K": 0,
            "L": 0,
            "M": 1.3906976744186046
        },
        "E": {
            "A": 1.1485148514851484,
            "B": 0,
            "C": 1.6346153846153846,
            "D": 1.3346007604562737,
            "F": 1.0575539568345325,
            "G": 1.2527075812274369,
            "H": 1.1485148514851484,
            "I": 1.0844594594594594,
            "J": 0,
            "K": 1.1554054054054055,
            "L": 0,
            "M": 1.6605504587155964
        },
        "F": {
            "A": 0,
            "B": 0,
            "C": 1.6026785714285714,
            "D": 1.284,
            "E": 0,
            "G": 1.2462686567164178,
            "H": 1.2867924528301886,
            "I": 1.103896103896104,
            "J": 0,
            "K": 1.1791044776119404,
            "L": 0,
            "M": 1.4956521739130435
        },
        "G": {
            "A": 0,
            "B": 0,
            "C": 1.491150442477876,
            "D": 1.160919540229885,
            "E": 0,
            "F": 0,
            "H": 0,
            "I": 0,
            "J": 0,
            "K": 0,
            "L": 0,
            "M": 1.5119617224880382
        },
        "H": {
            "A": 0,
            "B": 0,
            "C": 1.3702127659574468,
            "D": 1.126923076923077,
            "E": 0,
            "F": 0,
            "G": 1.126923076923077,
            "I": 1.0844594594594594,
            "J": 0,
            "K": 1.0648464163822526,
            "L": 0,
            "M": 1.5518867924528301
        },
        "I": {
            "A": 0,
            "B": 0,
            "C": 1.6911764705882353,
            "D": 1.1056338028169015,
            "E": 0,
            "F": 0,
            "G": 1.0606060606060606,
            "H": 1.0606060606060606,
            "J": 0,
            "K": 1.0648464163822526,
            "L": 0,
            "M": 1.6635071090047393
        },
        "J": {
            "A": 1.4065934065934067,
            "B": 1.15527950310559,
            "C": 2.4611111111111112,
            "D": 1.9049773755656108,
            "E": 1.496212121212121,
            "F": 1.3794326241134751,
            "G": 1.815450643776824,
            "H": 1.8571428571428572,
            "I": 1.644,
            "K": 1.826086956521739,
            "L": 1.4723247232472325,
            "M": 2.312169312169312
        },
        "K": {
            "A": 0,
            "B": 0,
            "C": 1.511111111111111,
            "D": 1.209016393442623,
            "E": 0,
            "F": 0,
            "G": 1.0606060606060606,
            "H": 1.0606060606060606,
            "I": 1.0606060606060606,
            "J": 0,
            "L": 0,
            "M": 1.4910714285714286
        },
        "L": {
            "A": 1.1157556270096463,
            "B": 0,
            "C": 1.7644230769230769,
            "D": 1.286764705882353,
            "E": 1.1157556270096463,
            "F": 1.0658307210031348,
            "G": 1.2382671480144405,
            "H": 1.1157556270096463,
            "I": 1.3544303797468353,
            "J": 0,
            "K": 1.1157556270096463,
            "M": 1.8269230769230769
        },
        "M": {
            "A": 0,
            "B": 0,
            "C": 1.0081967213114753,
            "D": 0,
            "E": 0,
            "F": 0,
            "G": 0,
            "H": 0,
            "I": 0,
            "J": 0,
            "K": 0,
            "L": 0
        }
    }
}