{
    "Ranking": "H > C > A",
    "Number Of Seats": 3,
    "Stats": {
        "Votes Needed to Win": 144,
        "rounds": {
            "1": {
                "H": 165,
                "C": 91,
                "A": 66,
                "J": 51,
                "D": 38,
                "M": 35,
                "L": 34,
                "G": 26,
                "B": 20,
                "I": 19,
                "E": 14,
                "F": 14,
                "K": 2
            },
            "2": {
                "C": 99.527272709,
                "A": 67.399999997,
                "J": 54.690909083,
                "D": 40.036363632,
                "M": 36.909090905,
                "L": 34.636363635,
                "G": 26.763636362,
                "B": 20.127272727,
                "I": 19.254545454,
                "E": 14.127272727,
                "F": 14.127272727,
                "K": 2.254545454
            },
            "3": {
                "C": 99.527272709,
                "A": 67.399999997,
                "J": 54.81818181,
                "D": 40.036363632,
                "M": 36.909090905,
                "L": 34.763636362,
                "G": 26.763636362,
                "B": 20.127272727,
                "I": 19.254545454,
                "E": 15.127272727,
                "F": 14.127272727
            },
            "4": {
                "C": 100.654545436,
                "A": 68.399999997,
                "J": 56.81818181,
                "D": 43.036363632,
                "M": 36.909090905,
                "L": 36.763636362,
                "G": 27.763636362,
                "B": 21.127272727,
                "I": 20.254545454,
                "E": 16.127272727
            },
            "5": {
                "C": 103.654545436,
                "A": 71.527272724,
                "J": 57.81818181,
                "D": 45.036363632,
                "L": 38.763636362,
                "M": 36.909090905,
                "G": 27.763636362,
                "B": 23.127272727,
                "I": 21.254545454
            },
            "6": {
                "C": 105.781818163,
                "A": 74.527272724,
                "J": 60.945454537,
                "D": 48.036363632,
                "L": 41.763636362,
                "M": 39.909090905,
                "G": 29.763636362,
                "B": 25.127272727
            },
            "7": {
                "C": 108.781818163,
                "A": 75.527272724,
                "J": 67.072727264,
                "D": 52.036363632,
                "L": 46.763636362,
                "M": 41.909090905,
                "G": 31.763636362
            },
            "8": {
                "C": 114.90909089,
                "A": 81.781818178,
                "J": 70.199999991,
                "D": 57.163636359,
                "L": 50.890909089,
                "M": 43.909090905
            },
            "9": {
                "C": 132.672727252,
                "A": 88.036363632,
                "J": 74.454545445,
                "L": 60.145454543,
                "D": 59.418181813
            },
            "10": {
                "C": 149.309090887,
                "A": 101.290909086,
                "J": 85.09090908,
                "L": 69.527272724
            },
            "11": {
                "A": 117.531753961,
                "J": 105.772598821,
                "L": 79.821857135
            },
            "12": {
                "A": 146.984687582,
                "J": 132.818279192
            }
        }
    }
}