{
    "Ranking": "H > C > J > A > M > D > L > G > I > B > E > F > K",
    "Number Of Seats": 3,
    "Stats": {
        "A": {
            "B": 1.848,
            "C": 0,
            "D": 1.0148514851485149,
            "E": 2.1818181818181817,
            "F": 2.43,
            "G": 1.3024691358024691,
            "H": 0,
            "I": 1.4864864864864864,
            "J": 0,
            "K": 2.9411764705882355,
            "L": 1.10752688172043,
            "M": 1.0148514851485149
        },
        "B": {
            "A": 0,
            "C": 0,
            "D": 0,
            "E": 1.2307692307692308,
            "F": 1.2519685039370079,
            "G": 0,
            "H": 0,
            "I": 0,
            "J": 0,
            "K": 1.9886363636363635,
            "L": 0,
            "M": 0
        },
        "C": {
            "A": 1.8666666666666667,
            "B": 3.063063063063063,
            "D": 2.045751633986928,
            "E": 3.7096774193548385,
            "F": 4.117647058823529,
            "G": 2.685483870967742,
            "H": 0,
            "I": 3.0272727272727273,
            "J": 1.723529411764706,
            "K": 4.6103896103896105,
            "L": 2.316546762589928,
            "M": 2.3636363636363638
        },
        "D": {
            "A": 0,
            "B": 1.6888888888888889,
            "C": 0,
            "E": 2.2477064220183487,
            "F": 1.904,
            "G": 1.1885714285714286,
            "H": 0,
            "I": 1.4605263157894737,
            "J": 0,
            "K": 3.2375,
            "L": 1.0461538461538462,
            "M": 0
        },
        "E": {
            "A": 0,
            "B": 0,
            "C": 0,
            "D": 0,
            "F": 1.0526315789473684,
            "G": 0,
            "H": 0,
            "I": 0,
            "J": 0,
            "K": 1.263157894736842,
            "L": 0,
            "M": 0
        },
        "F": {
            "A": 0,
            "B": 0,
            "C": 0,
            "D": 0,
            "E": 0,
            "G": 0,
            "H": 0,
            "I": 0,
            "J": 0,
            "K": 1.1896551724137931,
            "L": 0,
            "M": 0
        },
        "G": {
            "A": 0,
            "B": 1.523076923076923,
            "C": 0,
            "D": 0,
            "E": 1.7758620689655173,
            "F": 2.3333333333333335,
            "H": 0,
            "I": 1.2222222222222223,
            "J": 0,
            "K": 2.3444444444444446,
            "L": 0,
            "M": 0
        },
        "H": {
            "A": 2.3552631578947367,
            "B": 4,
            "C": 1.4846938775510203,
            "D": 2.795275590551181,
            "E": 4.619047619047619,
            "F": 5.4520547945205475,
            "G": 3.2695652173913046,
            "I": 3.8969072164948453,
            "J": 2.533333333333333,
            "K": 6.830508474576271,
            "L": 2.943548387096774,
            "M": 3.2410714285714284
        },
        "I": {
            "A": 0,
            "B": 1.4761904761904763,
            "C": 0,
            "D": 0,
            "E": 1.3846153846153846,
            "F": 1.5982905982905984,
            "G": 0,
            "H": 0,
            "J": 0,
            "K": 2.215909090909091,
            "L": 0,
            "M": 0
        },
        "J": {
            "A": 1.3829787234042554,
            "B": 2.4649122807017543,
            "C": 0,
            "D": 1.3241758241758241,
            "E": 2.6,
            "F": 2.609090909090909,
            "G": 1.7516339869281046,
            "H": 0,
            "I": 2.0952380952380953,
            "K": 4.123287671232877,
            "L": 1.5149700598802396,
            "M": 1.2956989247311828
        },
        "K": {
            "A": 0,
            "B": 0,
            "C": 0,
            "D": 0,
            "E": 0,
            "F": 0,
            "G": 0,
            "H": 0,
            "I": 0,
            "J": 0,
            "L": 0,
            "M": 0
        },
        "L": {
            "A": 0,
            "B": 1.8803418803418803,
            "C": 0,
            "D": 0,
            "E": 2.102803738317757,
            "F": 2.5698924731182795,
            "G": 1.24375,
            "H": 0,
            "I": 1.4113475177304964,
            "J": 0,
            "K": 3.1578947368421053,
            "M": 0
        },
        "M": {
            "A": 0,
            "B": 1.8203125,
            "C": 0,
            "D": 1.0148514851485149,
            "E": 2.320388349514563,
            "F": 2.4554455445544554,
            "G": 1.3136094674556213,
            "H": 0,
            "I": 1.4896551724137932,
            "J": 0,
            "K": 2.9642857142857144,
            "L": 1.0591397849462365
        }
    }
}