{
    "Ranking": "7 > 6 > 2 > 10 > 5 > 11 > 9 > 4 > 12 > 3 > 8 > 14 > 13 > 1",
    "Number Of Seats": 10,
    "Stats": {
        "7": 76.51547619,
        "6": 58.683333333,
        "2": 38.171428571,
        "10": 30.692857143,
        "5": 28.661111111,
        "11": 28.624603175,
        "9": 21.437301587,
        "4": 19.754761905,
        "12": 17.928571429,
        "3": 16.605952381,
        "8": 16.2,
        "14": 15.815079365,
        "13": 14.301190476,
        "1": 4.667857143
    }
}