{
    "Ranking": "2 > 3 > 1",
    "Number Of Seats": 1,
    "Stats": {
        "2": 151.50000000000003,
        "3": 94.41666666666666,
        "1": 89.58333333333339
    }
}