{
    "Ranking": "2 > 3 > 1",
    "Number Of Seats": 1,
    "Stats": {
        "2": 151.5,
        "3": 94.416666667,
        "1": 89.583333333
    }
}