{
    "Ranking": "3 > 4 > 2 > 1",
    "Number Of Seats": 3,
    "Stats": {
        "1": {
            "2": 0,
            "3": 0,
            "4": 0
        },
        "2": {
            "1": 2.56,
            "3": 0,
            "4": 0
        },
        "3": {
            "1": 5.875,
            "2": 2.201550387596899,
            "4": 1.5975609756097562
        },
        "4": {
            "1": 4.1688311688311686,
            "2": 1.7469135802469136,
            "3": 0
        }
    }
}