{
    "Ranking": "3 > 4 > 2 > 1",
    "Number Of Seats": 3,
    "Stats": {
        "3": 316.27777777777794,
        "4": 280.95833333333377,
        "2": 239.11111111111165,
        "1": 176.15277777777825
    }
}