{
    "Ranking": "1 > 9 > 20 > 12 > 2 > 19 > 4 > 11 > 17 > 3 > 5 > 6 > 8 > 10 > 15 > 14 > 16 > 7 > 13 > 18",
    "Number Of Seats": 12,
    "Stats": {
        "1": {
            "2": 1.9,
            "3": 3.421875,
            "4": 1.97979797979798,
            "5": 2.6375,
            "6": 3.1159420289855073,
            "7": 4.755102040816326,
            "8": 3.783333333333333,
            "9": 1.1702127659574468,
            "10": 2.769230769230769,
            "11": 2.6455696202531644,
            "12": 1.371212121212121,
            "13": 4.109090909090909,
            "14": 2.9726027397260273,
            "15": 2.9178082191780823,
            "16": 4.264150943396227,
            "17": 2.8157894736842106,
            "18": 3.8793103448275863,
            "19": 2.0618556701030926,
            "20": 1.2846153846153847
        },
        "2": {
            "1": 0,
            "3": 1.891566265060241,
            "4": 1.2241379310344827,
            "5": 1.7234042553191489,
            "6": 2,
            "7": 2.3066666666666666,
            "8": 1.8876404494382022,
            "9": 0,
            "10": 1.6875,
            "11": 1.5555555555555556,
            "12": 0,
            "13": 2.2533333333333334,
            "14": 1.7840909090909092,
            "15": 1.8850574712643677,
            "16": 1.975609756097561,
            "17": 1.6701030927835052,
            "18": 2.2666666666666666,
            "19": 1.16,
            "20": 0
        },
        "3": {
            "1": 0,
            "2": 0,
            "4": 0,
            "5": 1.0263157894736843,
            "6": 1.0761904761904761,
            "7": 1.2577319587628866,
            "8": 1.244186046511628,
            "9": 0,
            "10": 1.0526315789473684,
            "11": 0,
            "12": 0,
            "13": 1.175257731958763,
            "14": 1.25,
            "15": 1.0761904761904761,
            "16": 1.2553191489361701,
            "17": 0,
            "18": 1.2553191489361701,
            "19": 0,
            "20": 0
        },
        "4": {
            "1": 0,
            "2": 0,
            "3": 1.3870967741935485,
            "5": 1.3523809523809525,
            "6": 1.3557692307692308,
            "7": 1.7976190476190477,
            "8": 1.5977011494252873,
            "9": 0,
            "10": 1.2857142857142858,
            "11": 1.1538461538461537,
            "12": 0,
            "13": 1.5543478260869565,
            "14": 1.5280898876404494,
            "15": 1.3870967741935485,
            "16": 1.4141414141414141,
            "17": 1.102803738317757,
            "18": 1.6444444444444444,
            "19": 0,
            "20": 0
        },
        "5": {
            "1": 0,
            "2": 0,
            "3": 0,
            "4": 0,
            "6": 1.3186813186813187,
            "7": 1.7162162162162162,
            "8": 1.2307692307692308,
            "9": 0,
            "10": 1.1495327102803738,
            "11": 0,
            "12": 0,
            "13": 1.3186813186813187,
            "14": 1.309278350515464,
            "15": 1.1584158415841583,
            "16": 1.2840909090909092,
            "17": 0,
            "18": 1.7887323943661972,
            "19": 0,
            "20": 0
        },
        "6": {
            "1": 0,
            "2": 0,
            "3": 0,
            "4": 0,
            "5": 0,
            "7": 1.5394736842105263,
            "8": 1.1132075471698113,
            "9": 0,
            "10": 1.0526315789473684,
            "11": 0,
            "12": 0,
            "13": 1.4861111111111112,
            "14": 1.1057692307692308,
            "15": 1.0943396226415094,
            "16": 1.2470588235294118,
            "17": 0,
            "18": 1.4788732394366197,
            "19": 0,
            "20": 0
        },
        "7": {
            "1": 0,
            "2": 0,
            "3": 0,
            "4": 0,
            "5": 0,
            "6": 0,
            "8": 0,
            "9": 0,
            "10": 0,
            "11": 0,
            "12": 0,
            "13": 1.0588235294117647,
            "14": 0,
            "15": 0,
            "16": 1.011111111111111,
            "17": 0,
            "18": 1.1265822784810127,
            "19": 0,
            "20": 0
        },
        "8": {
            "1": 0,
            "2": 0,
            "3": 0,
            "4": 0,
            "5": 0,
            "6": 0,
            "7": 1.14,
            "9": 0,
            "10": 1.0526315789473684,
            "11": 0,
            "12": 0,
            "13": 1.175257731958763,
            "14": 1.0526315789473684,
            "15": 1.0526315789473684,
            "16": 1.1287128712871286,
            "17": 0,
            "18": 1.2,
            "19": 0,
            "20": 0
        },
        "9": {
            "1": 0,
            "2": 1.3583333333333334,
            "3": 2.0843373493975905,
            "4": 1.752808988764045,
            "5": 1.6730769230769231,
            "6": 1.6355140186915889,
            "7": 2.271604938271605,
            "8": 2.2531645569620253,
            "10": 2.4594594594594597,
            "11": 2.356164383561644,
            "12": 1.218487394957983,
            "13": 2.2976190476190474,
            "14": 2.493150684931507,
            "15": 2.3466666666666667,
            "16": 2.164705882352941,
            "17": 2.2151898734177213,
            "18": 2.7971014492753623,
            "19": 1.6095238095238096,
            "20": 1.027027027027027
        },
        "10": {
            "1": 0,
            "2": 0,
            "3": 0,
            "4": 0,
            "5": 0,
            "6": 0,
            "7": 1.288659793814433,
            "8": 1.0449438202247192,
            "9": 0,
            "11": 0,
            "12": 0,
            "13": 1.21,
            "14": 1.2564102564102564,
            "15": 1.1473684210526316,
            "16": 1.2842105263157895,
            "17": 0,
            "18": 1.4772727272727273,
            "19": 0,
            "20": 0
        },
        "11": {
            "1": 0,
            "2": 0,
            "3": 1.2551020408163265,
            "4": 0,
            "5": 1.102803738317757,
            "6": 1.1376146788990826,
            "7": 1.3473684210526315,
            "8": 1.3404255319148937,
            "9": 0,
            "10": 1.1428571428571428,
            "12": 0,
            "13": 1.4725274725274726,
            "14": 1.5116279069767442,
            "15": 1.4942528735632183,
            "16": 1.4395604395604396,
            "17": 1.102803738317757,
            "18": 1.625,
            "19": 0,
            "20": 0
        },
        "12": {
            "1": 0,
            "2": 1.1111111111111112,
            "3": 2.25,
            "4": 1.7472527472527473,
            "5": 1.8571428571428572,
            "6": 2.0555555555555554,
            "7": 2.4871794871794872,
            "8": 2.3037974683544302,
            "9": 0,
            "10": 2.1666666666666665,
            "11": 1.5918367346938775,
            "13": 2.73972602739726,
            "14": 2.7142857142857144,
            "15": 2.3766233766233764,
            "16": 2.675675675675676,
            "17": 2.5205479452054793,
            "18": 2.7162162162162162,
            "19": 1.75,
            "20": 0
        },
        "13": {
            "1": 0,
            "2": 0,
            "3": 0,
            "4": 0,
            "5": 0,
            "6": 0,
            "7": 1.011111111111111,
            "8": 0,
            "9": 0,
            "10": 0,
            "11": 0,
            "12": 0,
            "14": 0,
            "15": 0,
            "16": 1.011111111111111,
            "17": 0,
            "18": 1.4788732394366197,
            "19": 0,
            "20": 0
        },
        "14": {
            "1": 0,
            "2": 0,
            "3": 0,
            "4": 0,
            "5": 0,
            "6": 0,
            "7": 1.1326530612244898,
            "8": 1.0449438202247192,
            "9": 0,
            "10": 1.0449438202247192,