{
    "Ranking": "3 > 1 > 2 = 4 > 5 > 6",
    "Number Of Seats": 1,
    "Stats": {
        "1": {
            "2": 1.15,
            "3": 0,
            "4": 1.7857142857142858,
            "5": 1.9090909090909092,
            "6": 4.833333333333333
        },
        "2": {
            "1": 0,
            "3": 0,
            "4": 0,
            "5": 1.8333333333333333,
            "6": 4.8
        },
        "3": {
            "1": 2.3684210526315788,
            "2": 2.3157894736842106,
            "4": 2.6470588235294117,
            "5": 4.7,
            "6": 6.125
        },
        "4": {
            "1": 0,
            "2": 0,
            "3": 0,
            "5": 1.5,
            "6": 2.375
        },
        "5": {
            "1": 0,
            "2": 0,
            "3": 0,
            "4": 0,
            "6": 2.2857142857142856
        },
        "6": {
            "1": 0,
            "2": 0,
            "3": 0,
            "4": 0,
            "5": 0
        }
    }
}