{
    "Ranking": "6 > 4 > 5 > 11 > 7 > 8 > 2 > 1 > 3 > 10 > 12 > 13 > 9 > 14 > 15",
    "Number Of Seats": 7,
    "Stats": {
        "1": {
            "2": 1.2727272727272727,
            "3": 1.875,
            "4": 0,
            "5": 0,
            "6": 0,
            "7": 1.2727272727272727,
            "8": 1.2727272727272727,
            "9": 2.4615384615384617,
            "10": 1.9,
            "11": 1.2615384615384615,
            "12": 1.9,
            "13": 1.9,
            "14": 2.1379310344827585,
            "15": 2.2916666666666665
        },
        "2": {
            "1": 1.3333333333333333,
            "3": 1.3333333333333333,
            "4": 0,
            "5": 0,
            "6": 0,
            "7": 1.2790697674418605,
            "8": 1.2790697674418605,
            "9": 2.8666666666666667,
            "10": 2.3333333333333335,
            "11": 1.2615384615384615,
            "12": 2.3333333333333335,
            "13": 2.3333333333333335,
            "14": 2.25,
            "15": 2.3333333333333335
        },
        "3": {
            "1": 1.3333333333333333,
            "2": 1.2727272727272727,
            "4": 0,
            "5": 0,
            "6": 0,
            "7": 1.2727272727272727,
            "8": 1.2727272727272727,
            "9": 1.826086956521739,
            "10": 1.826086956521739,
            "11": 1.2615384615384615,
            "12": 1.826086956521739,
            "13": 1.826086956521739,
            "14": 1.826086956521739,
            "15": 1.826086956521739
        },
        "4": {
            "1": 1.7666666666666666,
            "2": 2.75,
            "3": 2.197530864197531,
            "5": 1.0425531914893618,
            "6": 0,
            "7": 3.68,
            "8": 2.0526315789473686,
            "9": 4.625,
            "10": 4.7894736842105265,
            "11": 2.197530864197531,
            "12": 4.583333333333333,
            "13": 6.470588235294118,
            "14": 3.4634146341463414,
            "15": 6.75
        },
        "5": {
            "1": 1.6,
            "2": 1.6597938144329898,
            "3": 2.0526315789473686,
            "4": 0,
            "6": 0,
            "7": 2.689655172413793,
            "8": 2.0526315789473686,
            "9": 5.8125,
            "10": 4.052631578947368,
            "11": 1.6597938144329898,
            "12": 4,
            "13": 4.15,
            "14": 3.2432432432432434,
            "15": 4.588235294117647
        },
        "6": {
            "1": 2.28125,
            "2": 1.8235294117647058,
            "3": 3.033333333333333,
            "4": 1.3,
            "5": 1.8860759493670887,
            "7": 3.5806451612903225,
            "8": 2.0526315789473686,
            "9": 4.45,
            "10": 5.454545454545454,
            "11": 2.066666666666667,
            "12": 3.9722222222222223,
            "13": 5.083333333333333,
            "14": 3.5918367346938775,
            "15": 5.2105263157894735
        },
        "7": {
            "1": 1.6,
            "2": 1.375,
            "3": 2.0526315789473686,
            "4": 0,
            "5": 0,
            "6": 0,
            "8": 2.0526315789473686,
            "9": 6.6923076923076925,
            "10": 4.590909090909091,
            "11": 1.2615384615384615,
            "12": 4.176470588235294,
            "13": 3.5416666666666665,
            "14": 2.466666666666667,
            "15": 3.5652173913043477
        },
        "8": {
            "1": 1.6,
            "2": 1.375,
            "3": 2.303030303030303,
            "4": 0,
            "5": 0,
            "6": 0,
            "7": 1.2790697674418605,
            "9": 5.7368421052631575,
            "10": 1.826086956521739,
            "11": 1.2615384615384615,
            "12": 1.826086956521739,
            "13": 1.826086956521739,
            "14": 2.4166666666666665,
            "15": 4.368421052631579
        },
        "9": {
            "1": 1.12,
            "2": 1.12,
            "3": 1.12,
            "4": 0,
            "5": 0,
            "6": 0,
            "7": 1.12,
            "8": 1.12,
            "10": 1.12,
            "11": 1.12,
            "12": 1.12,
            "13": 1.12,
            "14": 2.1379310344827585,
            "15": 2.2916666666666665
        },
        "10": {
            "1": 1.3333333333333333,
            "2": 1.2727272727272727,
            "3": 1.3333333333333333,
            "4": 0,
            "5": 0,
            "6": 0,
            "7": 1.2727272727272727,
            "8": 1.2727272727272727,
            "9": 2.5,
            "11": 1.2615384615384615,
            "12": 2.5,
            "13": 2.5,
            "14": 2.25,
            "15": 2.5
        },
        "11": {
            "1": 1.6,
            "2": 1.8235294117647058,
            "3": 2.28125,
            "4": 0,
            "5": 0,
            "6": 0,
            "7": 2.025,
            "8": 2.025,
            "9": 2.782608695652174,
            "10": 2.5,
            "12": 4.266666666666667,
            "13": 4.454545454545454,
            "14": 3.1296296296296298,
            "15": 3.8260869565217392
        },
        "12": {
            "1": 1.3333333333333333,
            "2": 1.2727272727272727,
            "3": 1.3333333333333333,
            "4": 0,
            "5": 0,
            "6": 0,
            "7": 1.2727272727272727,
            "8": 1.2727272727272727,
            "9": 2.782608695652174,
            "10": 1.3333333333333333,
            "11": 1.2615384615384615,
            "13": 3.12,
            "14": 2.25,
            "15": 2.9130434782608696
        },
        "13": {
            "1": 1.12,
            "2": 1.12,
            "3": 1.12,
            "4": 0,
            "5": 0,
            "6": 0,
            "7": 1.12,
            "8": 1.12,
            "9": 2.782608695652174,
            "10": 1.12,
            "11": 1.12,
            "12": 1.12,
            "14": 2.25,
            "15": 2.9130434782608696
        },
        "14": {
            "1": 1.12,
            "2": 1.12,
            "3": 1.12,
            "4": 0,
            "5": 0,
            "6": 0,
            "7": 1.12,
            "8": 1.12,
            "9": 1.12,
            "10": 1.12,
            "11": 1.12,
            "12": 1.12,
            "13": 1.12,
            "15": 3.5714285714285716
        },
        "15": {
            "1": 0,
            "2": 0,
            "3": 0,
            "4": 0,
            "5": 0,
            "6": 0,
            "7": 0,
            "8": 0,
            "9": 0,
            "10": 0,
            "11": 0,
            "12": 0,
            "13": 0,
            "14": 0
        }
    }
}