{
    "Ranking": "6 > 8 > 11 > 4 > 5 > 14 > 7 > 2 > 1 > 12 > 3 > 10 > 9 > 13 > 15",
    "Number Of Seats": 7,
    "Stats": {
        "6": 343.868722944,
        "8": 273.826634477,
        "11": 225.608813409,
        "4": 217.134401709,
        "5": 171.507092907,
        "14": 116.164438339,
        "7": 96.618539794,
        "2": 91.659387834,
        "1": 85.967965368,
        "12": 81.177128427,
        "3": 78.395707071,
        "10": 59.101931402,
        "9": 53.284326784,
        "13": 52.778221778,
        "15": 40.341144966
    }
}