{
    "Ranking": "1 > 3 > 5 > 13 > 4 > 7 > 11 > 6 > 9 > 16 > 2 > 10 > 12 > 8 > 15 > 14",
    "Number Of Seats": 7,
    "Stats": {
        "1": {
            "2": 5.473684210526316,
            "3": 1.758974358974359,
            "4": 2.5307692307692307,
            "5": 2.869565217391304,
            "6": 3.6875,
            "7": 3.4424778761061945,
            "8": 4.173913043478261,
            "9": 4.986666666666666,
            "10": 5.723404255319149,
            "11": 3.256,
            "12": 4.294871794871795,
            "13": 2.2222222222222223,
            "14": 5.846153846153846,
            "15": 4.285714285714286,
            "16": 3.5180722891566263
        },
        "2": {
            "1": 0,
            "3": 0,
            "4": 0,
            "5": 0,
            "6": 0,
            "7": 0,
            "8": 1.4444444444444444,
            "9": 0,
            "10": 1.2666666666666666,
            "11": 0,
            "12": 1.0769230769230769,
            "13": 0,
            "14": 1.565217391304348,
            "15": 1.0769230769230769,
            "16": 1.0266666666666666
        },
        "3": {
            "1": 0,
            "2": 2.6907216494845363,
            "4": 1.7515527950310559,
            "5": 1.7527472527472527,
            "6": 2.8849557522123894,
            "7": 1.9615384615384615,
            "8": 3.518987341772152,
            "9": 2.9174311926605503,
            "10": 2.725,
            "11": 1.7513812154696133,
            "12": 2.7333333333333334,
            "13": 1.25,
            "14": 4.683333333333334,
            "15": 3.6,
            "16": 2.768421052631579
        },
        "4": {
            "1": 0,
            "2": 1.9396551724137931,
            "3": 0,
            "5": 1.080568720379147,
            "6": 2.056,
            "7": 1.388235294117647,
            "8": 2.3978494623655915,
            "9": 2.066666666666667,
            "10": 2.0224719101123596,
            "11": 1.080568720379147,
            "12": 2.0434782608695654,
            "13": 1.080568720379147,
            "14": 2.855421686746988,
            "15": 2.4693877551020407,
            "16": 1.9636363636363636
        },
        "5": {
            "1": 0,
            "2": 2.051282051282051,
            "3": 0,
            "4": 1.1129032258064515,
            "6": 2.2444444444444445,
            "7": 1.4842105263157894,
            "8": 2.510204081632653,
            "9": 2.242424242424242,
            "10": 2.4022988505747125,
            "11": 1.2645739910313902,
            "12": 2.4864864864864864,
            "13": 1.1129032258064515,
            "14": 3.675675675675676,
            "15": 2.693877551020408,
            "16": 1.8790322580645162
        },
        "6": {
            "1": 0,
            "2": 1.3172413793103448,
            "3": 0,
            "4": 0,
            "5": 0,
            "7": 0,
            "8": 1.9391304347826086,
            "9": 1.2738095238095237,
            "10": 1.3571428571428572,
            "11": 0,
            "12": 1.591549295774648,
            "13": 0,
            "14": 2.35,
            "15": 2.125,
            "16": 1.467153284671533
        },
        "7": {
            "1": 0,
            "2": 1.5869565217391304,
            "3": 0,
            "4": 0,
            "5": 0,
            "6": 1.0891089108910892,
            "8": 2.2427184466019416,
            "9": 1.738562091503268,
            "10": 2.130434782608696,
            "11": 1.0491071428571428,
            "12": 1.9242424242424243,
            "13": 0,
            "14": 2.840909090909091,
            "15": 2.484848484848485,
            "16": 1.6136363636363635
        },
        "8": {
            "1": 0,
            "2": 1.0266666666666666,
            "3": 0,
            "4": 0,
            "5": 0,
            "6": 0,
            "7": 0,
            "9": 0,
            "10": 1.0266666666666666,
            "11": 0,
            "12": 1.0266666666666666,
            "13": 0,
            "14": 1.5041322314049588,
            "15": 1.0694444444444444,
            "16": 1.0266666666666666
        },
        "9": {
            "1": 0,
            "2": 1.2758620689655173,
            "3": 0,
            "4": 0,
            "5": 0,
            "6": 0,
            "7": 0,
            "8": 1.2758620689655173,
            "10": 1.4722222222222223,
            "11": 0,
            "12": 1.2830188679245282,
            "13": 0,
            "14": 2,
            "15": 1.627906976744186,
            "16": 1.2040816326530612
        },
        "10": {
            "1": 0,
            "2": 1.0266666666666666,
            "3": 0,
            "4": 0,
            "5": 0,
            "6": 0,
            "7": 0,
            "8": 1.0925925925925926,
            "9": 0,
            "11": 0,
            "12": 1.0676691729323309,
            "13": 0,
            "14": 1.5326086956521738,
            "15": 1.0694444444444444,
            "16": 1.0266666666666666
        },
        "11": {
            "1": 0,
            "2": 1.8780487804878048,
            "3": 0,
            "4": 0,
            "5": 0,
            "6": 1.4055555555555554,
            "7": 0,
            "8": 1.7301587301587302,
            "9": 1.4378698224852071,
            "10": 1.5714285714285714,
            "12": 1.9166666666666667,
            "13": 0,
            "14": 3.448717948717949,
            "15": 2.613861386138614,
            "16": 1.7983870967741935
        },
        "12": {
            "1": 0,
            "2": 1.0266666666666666,
            "3": 0,
            "4": 0,
            "5": 0,
            "6": 0,
            "7": 0,
            "8": 1.1917808219178083,
            "9": 0,
            "10": 1.0266666666666666,
            "11": 0,
            "13": 0,
            "14": 1.7024793388429753,
            "15": 1.1161290322580646,
            "16": 1.0266666666666666
        },
        "13": {
            "1": 0,
            "2": 2.56,
            "3": 0,
            "4": 1.196078431372549,
            "5": 1.080568720379147,
            "6": 1.7048192771084338,
            "7": 1.272300469483568,
            "8": 2.0982142857142856,
            "9": 2.034965034965035,
            "10": 2.1914893617021276,
            "11": 1.1554621848739495,
            "12": 2.237704918032787,
            "14": 4.1940298507462686,
            "15": 3.235955056179775,
            "16": 2.5588235294117645
        },
        "14": {
            "1": 0,
            "2": 0,
            "3": 0,
            "4": 0,
            "5": 0,
            "6": 0,
            "7": 0,
            "8": 0,
            "9": 0,
            "10": 0,
            "11": 0,
            "12": 0,
            "13": 0,
            "15": 0,
            "16": 0
        },
        "15": {
            "1": 0,
            "2": 1.0266666666666666,
            "3": 0,
            "4": 0,
            "5": 0,
            "6": 0,
            "7": 0,
            "8": 1.0266666666666666,
            "9": 0,
            "10": 1.0266666666666666,
            "11": 0,
            "12": 1.0266666666666666,
            "13": 0,
            "14": 1.0266666666666666,
            "16": 1.0266666666666666
        },
        "16": {
            "1": 0,
            "2": 1.0273972602739727,
            "3": 0,
            "4": 0,
            "5": 0,
            "6": 0,
            "7": 0,
            "8": 1.118881118881119,
            "9": 0,
            "10": 1.0336134453781514,
            "11": 0,
            "12": 1.0336134453781514,
            "13": 0,
            "14": 1.464,
            "15": 1.0694444444444444
        }
    }
}