{
    "Ranking": "1 > 3 > 13 > 5 > 11 > 4 > 7 > 6 > 12 > 9 > 16 > 8 > 15 > 2 > 10 > 14",
    "Number Of Seats": 7,
    "Stats": {
        "1": 351.444474969,
        "3": 229.071989122,
        "13": 198.184462759,
        "5": 172.748362748,
        "11": 152.167177267,
        "4": 146.279498279,
        "7": 142.9997669,
        "6": 113.258497058,
        "12": 100.446178821,
        "9": 91.551726052,
        "16": 86.867782218,
        "8": 81.407495282,
        "15": 75.314210789,
        "2": 68.127150627,
        "10": 65.467629593,
        "14": 58.632875458
    }
}