{
    "Ranking": "12 > 6 > 7 > 14 > 11 > 1 > 4 > 3 > 8 > 13 > 9 > 5 > 10 > 2",
    "Number Of Seats": 1,
    "Stats": {
        "12": 229.469008769,
        "6": 226.721944722,
        "7": 156.138905539,
        "14": 126.322000222,
        "11": 102.852461427,
        "1": 84.201498501,
        "4": 79.546780997,
        "3": 68.25028305,
        "8": 68.072335997,
        "13": 66.2500999,
        "9": 59.393489843,
        "5": 55.617263292,
        "10": 46.043714619,
        "2": 41.105450105
    }
}