{
    "Ranking": "3 > 5 > 6 > 4 > 1 > 7 > 2",
    "Number Of Seats": 2,
    "Stats": {
        "3": 50.25,
        "5": 47.933333333,
        "6": 47.133333333,
        "4": 37.783333333,
        "1": 32.633333333,
        "7": 29.6,
        "2": 27.25
    }
}