{
    "Ranking": "C > A > B > D",
    "Number Of Seats": 3,
    "Stats": {
        "C": 659.8333333333358,
        "A": 626.236111111114,
        "B": 583.5277777777794,
        "D": 469.9861111111111
    }
}