{
    "Ranking": "C > A > B > D",
    "Number Of Seats": 3,
    "Stats": {
        "A": {
            "B": 1.319327731092437,
            "C": 0,
            "D": 2.2
        },
        "B": {
            "A": 0,
            "C": 0,
            "D": 1.787012987012987
        },
        "C": {
            "A": 1.021978021978022,
            "B": 1.4608501118568233,
            "D": 2.1783625730994154
        },
        "D": {
            "A": 0,
            "B": 0,
            "C": 0
        }
    }
}