{
    "Ranking": "2 > 5 > 8 > 1 > 3 > 7 > 4 > 6",
    "Number Of Seats": 1,
    "Stats": {
        "1": {
            "2": 0,
            "3": 1.266355140186916,
            "4": 1.7160493827160495,
            "5": 0,
            "6": 1.5852272727272727,
            "7": 1.2546296296296295,
            "8": 0
        },
        "2": {
            "1": 1.293103448275862,
            "3": 1.4792626728110598,
            "4": 2.289473684210526,
            "5": 1.0034722222222223,
            "6": 2.121212121212121,
            "7": 1.6485148514851484,
            "8": 1.0446735395189004
        },
        "3": {
            "1": 0,
            "2": 0,
            "4": 1.6292134831460674,
            "5": 0,
            "6": 1.5956284153005464,
            "7": 1.2142857142857142,
            "8": 0
        },
        "4": {
            "1": 0,
            "2": 0,
            "3": 0,
            "5": 0,
            "6": 1.1443298969072164,
            "7": 0,
            "8": 0
        },
        "5": {
            "1": 1.375,
            "2": 0,
            "3": 1.288702928870293,
            "4": 1.9664804469273742,
            "6": 2.1470588235294117,
            "7": 2.1149425287356323,
            "8": 1.1831501831501832
        },
        "6": {
            "1": 0,
            "2": 0,
            "3": 0,
            "4": 0,
            "5": 0,
            "7": 0,
            "8": 0
        },
        "7": {
            "1": 0,
            "2": 0,
            "3": 0,
            "4": 1.1152073732718895,
            "5": 0,
            "6": 1.1152073732718895,
            "8": 0
        },
        "8": {
            "1": 1.2784810126582278,
            "2": 0,
            "3": 1.266355140186916,
            "4": 1.7807486631016043,
            "5": 0,
            "6": 1.4739336492890995,
            "7": 1.2546296296296295
        }
    }
}