{
    "Ranking": "8 > 5 > 2 > 1 > 3 > 7 > 4 > 6",
    "Number Of Seats": 1,
    "Stats": {
        "8": 310.27159722222143,
        "5": 307.5394912131505,
        "2": 305.8844090136044,
        "1": 263.86062783446573,
        "3": 238.43844529478372,
        "7": 230.024040532879,
        "4": 206.1369798752826,
        "6": 203.4158375850332
    }
}