{
    "Ranking": "8 > 5 > 2 > 1 > 3 > 7 > 4 > 6",
    "Number Of Seats": 1,
    "Stats": {
        "8": 310.271597222,
        "5": 307.539491213,
        "2": 305.884409014,
        "1": 263.860627834,
        "3": 238.438445295,
        "7": 230.024040533,
        "4": 206.136979875,
        "6": 203.415837585
    }
}