{
    "Ranking": "Candidate  1 > Candidate  9 > Candidate  3 > Candidate  8 > Candidate  4 > Candidate  2 > Candidate  7 > Candidate 10 > Candidate  6 > Candidate  5",
    "Number Of Seats": 3,
    "Stats": {
        "Candidate  1": {
            "Candidate  2": 2.8607594936708862,
            "Candidate  3": 2.206896551724138,
            "Candidate  4": 2.6103896103896105,
            "Candidate  5": 12.052631578947368,
            "Candidate  6": 5,
            "Candidate  7": 2.2291666666666665,
            "Candidate  8": 1.6721311475409837,
            "Candidate  9": 1.5461538461538462,
            "Candidate 10": 3.9814814814814814
        },
        "Candidate  2": {
            "Candidate  1": 0,
            "Candidate  3": 0,
            "Candidate  4": 1.008130081300813,
            "Candidate  5": 2.5625,
            "Candidate  6": 2.1228070175438596,
            "Candidate  7": 1.05,
            "Candidate  8": 0,
            "Candidate  9": 0,
            "Candidate 10": 1.4230769230769231
        },
        "Candidate  3": {
            "Candidate  1": 0,
            "Candidate  2": 1.6565656565656566,
            "Candidate  4": 1.3873873873873874,
            "Candidate  5": 4.75,
            "Candidate  6": 4.113636363636363,
            "Candidate  7": 1.4814814814814814,
            "Candidate  8": 1.0909090909090908,
            "Candidate  9": 0,
            "Candidate 10": 2.28
        },
        "Candidate  4": {
            "Candidate  1": 0,
            "Candidate  2": 1.116504854368932,
            "Candidate  3": 0,
            "Candidate  5": 4.055555555555555,
            "Candidate  6": 2.7115384615384617,
            "Candidate  7": 1.05,
            "Candidate  8": 0,
            "Candidate  9": 0,
            "Candidate 10": 1.7397260273972603
        },
        "Candidate  5": {
            "Candidate  1": 0,
            "Candidate  2": 0,
            "Candidate  3": 0,
            "Candidate  4": 0,
            "Candidate  6": 0,
            "Candidate  7": 0,
            "Candidate  8": 0,
            "Candidate  9": 0,
            "Candidate 10": 0
        },
        "Candidate  6": {
            "Candidate  1": 0,
            "Candidate  2": 0,
            "Candidate  3": 0,
            "Candidate  4": 0,
            "Candidate  5": 1.2166666666666666,
            "Candidate  7": 0,
            "Candidate  8": 0,
            "Candidate  9": 0,
            "Candidate 10": 0
        },
        "Candidate  7": {
            "Candidate  1": 0,
            "Candidate  2": 1.008130081300813,
            "Candidate  3": 0,
            "Candidate  4": 1.008130081300813,
            "Candidate  5": 2.283333333333333,
            "Candidate  6": 2.1666666666666665,
            "Candidate  8": 0,
            "Candidate  9": 0,
            "Candidate 10": 1.7662337662337662
        },
        "Candidate  8": {
            "Candidate  1": 0,
            "Candidate  2": 1.4479166666666667,
            "Candidate  3": 0,
            "Candidate  4": 1.3,
            "Candidate  5": 3.0727272727272728,
            "Candidate  6": 3.150943396226415,
            "Candidate  7": 1.2612612612612613,
            "Candidate  9": 0,
            "Candidate 10": 2.5223880597014925
        },
        "Candidate  9": {
            "Candidate  1": 0,
            "Candidate  2": 2.4743589743589745,
            "Candidate  3": 1.4796747967479675,
            "Candidate  4": 2.0104166666666665,
            "Candidate  5": 4.235294117647059,
            "Candidate  6": 5.093023255813954,
            "Candidate  7": 2.4078947368421053,
            "Candidate  8": 1.7850467289719627,
            "Candidate 10": 3.9622641509433962
        },
        "Candidate 10": {
            "Candidate  1": 0,
            "Candidate  2": 0,
            "Candidate  3": 0,
            "Candidate  4": 0,
            "Candidate  5": 1.7924528301886793,
            "Candidate  6": 1.492063492063492,
            "Candidate  7": 0,
            "Candidate  8": 0,
            "Candidate  9": 0
        }
    }
}