{
    "Ranking": "Candidate  1 > Candidate  9 > Candidate  3 > Candidate  8 > Candidate  4 > Candidate  2 > Candidate  7 > Candidate 10 > Candidate  6 > Candidate  5",
    "Number Of Seats": 3,
    "Stats": {
        "Candidate  1": 190.86483922272615,
        "Candidate  9": 147.8810961514234,
        "Candidate  3": 119.53631834215163,
        "Candidate  8": 113.56579065885607,
        "Candidate  4": 106.6018401990427,
        "Candidate  2": 104.16555209120688,
        "Candidate  7": 101.00355788611749,
        "Candidate 10": 85.75429752456542,
        "Candidate  6": 74.61102072310415,
        "Candidate  5": 69.02362370874278
    }
}