{
    "Ranking": "Candidate  1 > Candidate  9 > Candidate  3 > Candidate  8 > Candidate  4 > Candidate  2 > Candidate  7 > Candidate 10 > Candidate  6 > Candidate  5",
    "Number Of Seats": 3,
    "Stats": {
        "Candidate  1": 190.864839223,
        "Candidate  9": 147.881096151,
        "Candidate  3": 119.536318342,
        "Candidate  8": 113.565790659,
        "Candidate  4": 106.601840199,
        "Candidate  2": 104.165552091,
        "Candidate  7": 101.003557886,
        "Candidate 10": 85.754297525,
        "Candidate  6": 74.611020723,
        "Candidate  5": 69.023623709
    }
}