{
    "Ranking": "9 > 5 > 8 > 3 > 6 > 7 > 2 > 1 > 4",
    "Number Of Seats": 5,
    "Stats": {
        "1": {
            "2": 1.0588235294117647,
            "3": 0,
            "4": 1.0588235294117647,
            "5": 0,
            "6": 1.0588235294117647,
            "7": 1.0588235294117647,
            "8": 0,
            "9": 0
        },
        "2": {
            "1": 1.1830985915492958,
            "3": 0,
            "4": 1.267605633802817,
            "5": 0,
            "6": 1.0588235294117647,
            "7": 1.0588235294117647,
            "8": 0,
            "9": 0
        },
        "3": {
            "1": 1.1973684210526316,
            "2": 1.4225352112676057,
            "4": 1.85,
            "5": 0,
            "6": 1.1428571428571428,
            "7": 1.2058823529411764,
            "8": 0,
            "9": 0
        },
        "4": {
            "1": 1.0441176470588236,
            "2": 1.0441176470588236,
            "3": 0,
            "5": 0,
            "6": 1.0441176470588236,
            "7": 1.0441176470588236,
            "8": 0,
            "9": 0
        },
        "5": {
            "1": 1.55,
            "2": 1.4242424242424243,
            "3": 1.1948051948051948,
            "4": 1.9090909090909092,
            "6": 1.576271186440678,
            "7": 1.3492063492063493,
            "8": 1.1971830985915493,
            "9": 0
        },
        "6": {
            "1": 1.1830985915492958,
            "2": 1.2419354838709677,
            "3": 0,
            "4": 1.2419354838709677,
            "5": 0,
            "7": 1.3492063492063493,
            "8": 0,
            "9": 0
        },
        "7": {
            "1": 1.1830985915492958,
            "2": 1.2419354838709677,
            "3": 0,
            "4": 1.2419354838709677,
            "5": 0,
            "6": 1.0588235294117647,
            "8": 0,
            "9": 0
        },
        "8": {
            "1": 2.0833333333333335,
            "2": 1.5522388059701493,
            "3": 1.1948051948051948,
            "4": 1.5806451612903225,
            "5": 0,
            "6": 1.1515151515151516,
            "7": 1.1948051948051948,
            "9": 0
        },
        "9": {
            "1": 2.1372549019607843,
            "2": 2.1320754716981134,
            "3": 2.7346938775510203,
            "4": 1.9272727272727272,
            "5": 1.847457627118644,
            "6": 2.48,
            "7": 2.7333333333333334,
            "8": 1.4307692307692308
        }
    }
}