{
    "Ranking": "5 > 3 > 7 > 21 > 22 > 26 > 17 > 27 > 15 > 24 > 9 > 14 > 11 > 20 > 6 > 19 > 29 > 4 > 16 > 28 > 23 > 18 > 2 > 1 > 8 > 13 > 12 > 10 > 25",
    "Number Of Seats": 2,
    "Stats": {
        "5": 16.83557387057387,
        "3": 15.834749455337686,
        "7": 13.714898989898987,
        "21": 11.44218253968254,
        "22": 10.755812168791705,
        "26": 10.733976602683699,
        "17": 9.931222943722945,
        "27": 9.807989417989416,
        "15": 7.883193121172662,
        "24": 7.760022827414132,
        "9": 7.18272988643698,
        "14": 6.833055555555556,
        "11": 6.5659492539287925,
        "20": 6.461488511488512,
        "6": 5.99484126984127,
        "19": 5.929061624649861,
        "29": 5.90850301659125,
        "4": 5.682018347149926,
        "16": 5.562960133548369,
        "28": 5.41549834181413,
        "23": 4.3222131085288975,
        "18": 4.128593579909369,
        "2": 3.359325396825397,
        "1": 2.8241758241758244,
        "8": 2.238157193048498,
        "13": 1.9158730977771226,
        "12": 1.8846870520783565,
        "10": 1.8529329004329005,
        "25": 0.7342648092648091
    }
}