{
    "Ranking": "5 > 3 > 7 > 21 > 22 > 26 > 17 > 27 > 15 > 24 > 9 > 14 > 11 > 20 > 6 > 19 > 29 > 4 > 16 > 28 > 23 > 18 > 2 > 1 > 8 > 13 > 12 > 10 > 25",
    "Number Of Seats": 2,
    "Stats": {
        "5": 16.835573871,
        "3": 15.834749455,
        "7": 13.71489899,
        "21": 11.44218254,
        "22": 10.755812169,
        "26": 10.733976603,
        "17": 9.931222944,
        "27": 9.807989418,
        "15": 7.883193121,
        "24": 7.760022827,
        "9": 7.182729886,
        "14": 6.833055556,
        "11": 6.565949254,
        "20": 6.461488511,
        "6": 5.99484127,
        "19": 5.929061625,
        "29": 5.908503017,
        "4": 5.682018347,
        "16": 5.562960134,
        "28": 5.415498342,
        "23": 4.322213109,
        "18": 4.12859358,
        "2": 3.359325397,
        "1": 2.824175824,
        "8": 2.238157193,
        "13": 1.915873098,
        "12": 1.884687052,
        "10": 1.8529329,
        "25": 0.734264809
    }
}