{
    "Ranking": "10 > 11 > 13 > 8 > 6 > 4 > 7 > 1 > 5 > 3 > 9 > 2 > 12",
    "Number Of Seats": 2,
    "Stats": {
        "10": 193.11363636363637,
        "11": 151.88477633477623,
        "13": 134.39574314574304,
        "8": 131.38567821067815,
        "6": 130.7103896103896,
        "4": 106.91006493506488,
        "7": 103.81684704184697,
        "1": 91.4442640692641,
        "5": 85.95609668109668,
        "3": 67.13535353535359,
        "9": 56.53272005772016,
        "2": 55.92846320346327,
        "12": 55.541053391053495
    }
}