{
    "Ranking": "6 = 7 > 11 > 9 > 2 > 5 > 10 = 12 > 3 > 8 = 14 > 13 > 1 = 4",
    "Number Of Seats": 10,
    "Stats": {
        "1": {
            "7": 57.214285714,
            "6": 50.214285714,
            "11": 26.214285714,
            "9": 10.214285714,
            "2": 7.214285714,
            "5": 6.214285714,
            "10": 5.214285714,
            "12": 5.214285714,
            "3": 4.214285714,
            "8": 3.214285714,
            "14": 3.214285714,
            "13": 2.214285714,
            "1": 1.214285714,
            "4": 1.214285714
        },
        "2": {
            "6": 91.5,
            "7": 91.5
        }
    }
}