{
    "Ranking": "7 > 6 > 11 > 2 > 5 > 4 > 10 > 3 > 9 > 13",
    "Number Of Seats": 10,
    "Stats": {
        "votes_needed_to_win": 17,
        "rounds": {
            "1": {
                "7": 57,
                "6": 50,
                "11": 26,
                "9": 10,
                "2": 7,
                "5": 6,
                "10": 5,
                "12": 5,
                "3": 4,
                "8": 3,
                "14": 3,
                "13": 2,
                "1": 1,
                "4": 1
            },
            "2": {
                "2": 36.783508772,
                "10": 16.723508768,
                "9": 12.063508772,
                "5": 10.127017544,
                "3": 7.50877193,
                "12": 6.403508772,
                "14": 5.063508772,
                "4": 3.105263158,
                "8": 3,
                "13": 2,
                "1": 1.701754386
            },
            "3": {
                "5": 37.766608298,
                "10": 16.723508768,
                "9": 14.459181508,
                "3": 8.16877193,
                "12": 7.105263158,
                "14": 5.60134514,
                "4": 3.643099526,
                "8": 3,
                "1": 2.239590754,
                "13": 2
            },
            "4": {
                "4": 32.834188472,
                "10": 18.623099522,
                "9": 16.370802806,
                "3": 8.16877193,
                "12": 7.765263158,
                "14": 7.004853912,
                "8": 3,
                "1": 2.239590754,
                "13": 2
            },
            "5": {
                "3": 35.106608298,
                "9": 19.059303122,
                "8": 12.087155172,
                "12": 7.765263158,
                "13": 7.07430886,
                "14": 7.004853912,
                "1": 2.239590754
            },
            "6": {
                "13": 36.929672588,
                "8": 15.4099334,
                "12": 10.29662092,
                "14": 10.056043714,
                "1": 3.437427122
            }
        }
    }
}