{
    "Ranking": "7 > 6 > 11 > 9 > 2 > 5 > 10 = 12 > 3 > 14 > 8 > 13 > 1 = 4",
    "Number Of Seats": 10,
    "Stats": {
        "1": {
            "7": 57.21428571428571,
            "6": 50.21428571428571,
            "11": 26.214285714285715,
            "9": 10.214285714285715,
            "2": 7.2142857142857135,
            "5": 6.2142857142857135,
            "12": 5.2142857142857135,
            "10": 5.2142857142857135,
            "3": 4.214285714285715,
            "14": 3.214285714285715,
            "8": 3.2142857142857144,
            "13": 2.2142857142857144,
            "4": 1.2142857142857142,
            "1": 1.2142857142857142
        }
    }
}