{
    "Ranking": "7 > 6 > 2 > 11 > 5 > 10 > 9 > 4 > 12 > 8 > 3 > 14 > 13 > 1",
    "Number Of Seats": 10,
    "Stats": {
        "7": 83.29090910628707,
        "6": 72.9767112144939,
        "2": 52.24384223282632,
        "11": 46.26858819616146,
        "5": 42.937222923226905,
        "10": 42.46769899807804,
        "9": 37.496055666715876,
        "4": 34.19667017088161,
        "12": 33.55037961111578,
        "8": 32.517466550227724,
        "3": 31.88576757192044,
        "14": 31.554402199455083,
        "13": 29.352770735203354,
        "1": 24.297420584312047
    }
}