{
    "Ranking": "6 = 7 > 2 > 5 > 4 > 3 > 13 > 10 > 9 > 11 > 8 > 12 > 14 > 1",
    "Number Of Seats": 10,
    "Stats": {
        "1": {
            "2": 0,
            "3": 0,
            "4": 0,
            "5": 0,
            "6": 0,
            "7": 0,
            "8": 0,
            "9": 0,
            "10": 0,
            "11": 0,
            "12": 0,
            "13": 0,
            "14": 0
        },
        "2": {
            "1": 15.8,
            "3": 4.470588235294118,
            "4": 3.8,
            "5": 3.1666666666666665,
            "6": 0,
            "7": 0,
            "8": 1.95,
            "9": 2.15625,
            "10": 1.553191489361702,
            "11": 2.5483870967741935,
            "12": 1.7674418604651163,
            "13": 4.222222222222222,
            "14": 1.813953488372093
        },
        "3": {
            "1": 5,
            "2": 0,
            "4": 0,
            "5": 0,
            "6": 0,
            "7": 0,
            "8": 1.6363636363636365,
            "9": 1.4761904761904763,
            "10": 1.28,
            "11": 2.0294117647058822,
            "12": 1.3928571428571428,
            "13": 2.0714285714285716,
            "14": 1.6363636363636365
        },
        "4": {
            "1": 7.8,
            "2": 0,
            "3": 3.5789473684210527,
            "5": 0,
            "6": 0,
            "7": 0,
            "8": 1.6744186046511629,
            "9": 1.6341463414634145,
            "10": 1.3265306122448979,
            "11": 2.264705882352941,
            "12": 1.4285714285714286,
            "13": 4.8,
            "14": 1.6744186046511629
        },
        "5": {
            "1": 5.923076923076923,
            "2": 0,
            "3": 4.294117647058823,
            "4": 3.090909090909091,
            "6": 0,
            "7": 0,
            "8": 1.6888888888888889,
            "9": 1.9444444444444444,
            "10": 1.553191489361702,
            "11": 2.3529411764705883,
            "12": 1.553191489361702,
            "13": 5.214285714285714,
            "14": 1.6888888888888889
        },
        "6": {
            "1": 7.9,
            "2": 2.3793103448275863,
            "3": 6.076923076923077,
            "4": 2.7916666666666665,
            "5": 2.7916666666666665,
            "7": 0,
            "8": 1.95,
            "9": 2.1818181818181817,
            "10": 1.6590909090909092,
            "11": 2.46875,
            "12": 1.7674418604651163,
            "13": 3.6842105263157894,
            "14": 1.813953488372093
        },
        "7": {
            "1": 18.428571428571427,
            "2": 1.2419354838709677,
            "3": 25.4,
            "4": 7.4375,
            "5": 1.2881355932203389,
            "6": 0,
            "8": 3.8484848484848486,
            "9": 4.444444444444445,
            "10": 3.075,
            "11": 4.379310344827586,
            "12": 3.075,
            "13": 8.066666666666666,
            "14": 3.076923076923077
        },
        "8": {
            "1": 3.8461538461538463,
            "2": 0,
            "3": 0,
            "4": 0,
            "5": 0,
            "6": 0,
            "7": 0,
            "9": 0,
            "10": 0,
            "11": 0,
            "12": 1.3928571428571428,
            "13": 0,
            "14": 1.76
        },
        "9": {
            "1": 5.666666666666667,
            "2": 0,
            "3": 0,
            "4": 0,
            "5": 0,
            "6": 0,
            "7": 0,
            "8": 1.46875,
            "10": 0,
            "11": 1.46875,
            "12": 1.3928571428571428,
            "13": 0,
            "14": 1.46875
        },
        "10": {
            "1": 9.181818181818182,
            "2": 0,
            "3": 0,
            "4": 0,
            "5": 0,
            "6": 0,
            "7": 0,
            "8": 6.733333333333333,
            "9": 2.5277777777777777,
            "11": 2.4193548387096775,
            "12": 3.9583333333333335,
            "13": 0,
            "14": 4.083333333333333
        },
        "11": {
            "1": 2.0555555555555554,
            "2": 0,
            "3": 0,
            "4": 0,
            "5": 0,
            "6": 0,
            "7": 0,
            "8": 1.6363636363636365,
            "9": 0,
            "10": 0,
            "12": 1.3928571428571428,
            "13": 0,
            "14": 1.6363636363636365
        },
        "12": {
            "1": 4.916666666666667,
            "2": 0,
            "3": 0,
            "4": 0,
            "5": 0,
            "6": 0,
            "7": 0,
            "8": 0,
            "9": 0,
            "10": 0,
            "11": 0,
            "13": 0,
            "14": 2.6
        },
        "13": {
            "1": 6.2727272727272725,
            "2": 0,
            "3": 0,
            "4": 0,
            "5": 0,
            "6": 0,
            "7": 0,
            "8": 1.6363636363636365,
            "9": 1.3181818181818181,
            "10": 1.1296296296296295,
            "11": 2.0285714285714285,
            "12": 1.3928571428571428,
            "14": 1.6363636363636365
        },
        "14": {
            "1": 3.25,
            "2": 0,
            "3": 0,
            "4": 0,
            "5": 0,
            "6": 0,
            "7": 0,
            "8": 0,
            "9": 0,
            "10": 0,
            "11": 0,
            "12": 0,
            "13": 0
        }
    }
}