{
    "Ranking": "7 > 6 > 11 > 2 > 5 > 4 > 10 > 3 > 9 > 13",
    "Number Of Seats": 10,
    "Stats": {
        "votes_needed_to_win": 17,
        "rounds": {
            "1": {
                "7": 57,
                "6": 50,
                "11": 26,
                "9": 10,
                "2": 7,
                "5": 6,
                "10": 5,
                "12": 5,
                "3": 4,
                "8": 3,
                "14": 3,
                "13": 2,
                "1": 1,
                "4": 1
            },
            "2": {
                "2": 36.78350877193,
                "10": 16.72350877193,
                "9": 12.06350877193,
                "5": 10.12701754386,
                "3": 7.508771929825,
                "12": 6.40350877193,
                "14": 5.06350877193,
                "4": 3.105263157895,
                "8": 3,
                "13": 2,
                "1": 1.701754385965
            },
            "3": {
                "5": 37.766608298144,
                "10": 16.72350877193,
                "9": 14.459181508568,
                "3": 8.168771929825,
                "12": 7.105263157895,
                "14": 5.601345140249,
                "4": 3.643099526214,
                "8": 3,
                "1": 2.239590754284,
                "13": 2
            },
            "4": {
                "4": 32.834188474367,
                "10": 18.623099526214,
                "9": 16.370802806971,
                "3": 8.168771929825,
                "12": 7.765263157895,
                "14": 7.004853912179,
                "8": 3,
                "1": 2.239590754284,
                "13": 2
            },
            "5": {
                "3": 35.106608298144,
                "9": 19.059303123721,
                "8": 12.087155176502,
                "12": 7.765263157895,
                "13": 7.074308863623,
                "14": 7.004853912179,
                "1": 2.239590754284
            },
            "6": {
                "13": 36.92967259199,
                "8": 15.409933404058,
                "12": 10.296620921557,
                "14": 10.056043714346,
                "1": 3.437427122603
            }
        }
    }
}