{
    "Ranking": "5 > 2 > 7 > 1 > 3 > 4 > 6",
    "Number Of Seats": 3,
    "Stats": {
        "1": {
            "2": 0,
            "3": 1.15,
            "4": 1.15,
            "5": 0,
            "6": 1.2682926829268293,
            "7": 0
        },
        "2": {
            "1": 1.6984126984126984,
            "3": 1.7236842105263157,
            "4": 1.5277777777777777,
            "5": 0,
            "6": 1.8695652173913044,
            "7": 1.3
        },
        "3": {
            "1": 0,
            "2": 0,
            "4": 1.1785714285714286,
            "5": 0,
            "6": 1.607843137254902,
            "7": 0
        },
        "4": {
            "1": 0,
            "2": 0,
            "3": 0,
            "5": 0,
            "6": 1.4883720930232558,
            "7": 0
        },
        "5": {
            "1": 2.2941176470588234,
            "2": 1.4942528735632183,
            "3": 2.306451612903226,
            "4": 2,
            "6": 2.0714285714285716,
            "7": 1.6753246753246753
        },
        "6": {
            "1": 0,
            "2": 0,
            "3": 0,
            "4": 0,
            "5": 0,
            "7": 0
        },
        "7": {
            "1": 1.3582089552238805,
            "2": 0,
            "3": 1.5657894736842106,
            "4": 1.205128205128205,
            "5": 0,
            "6": 1.5657894736842106
        }
    }
}