{
    "Ranking": "1 > 4 > 2 > 3",
    "Number Of Seats": 1,
    "Stats": {
        "1": {
            "2": 2.9285714285714284,
            "3": 2.8846153846153846,
            "4": 1.3396226415094339
        },
        "2": {
            "1": 0,
            "3": 1.1145833333333333,
            "4": 0
        },
        "3": {
            "1": 0,
            "2": 0,
            "4": 0
        },
        "4": {
            "1": 0,
            "2": 1.5,
            "3": 1.721311475409836
        }
    }
}