{
    "Ranking": "8 > 3 > 5 > 2 > 7 > 9 > 10 > 1 > 11 > 4 > 6",
    "Number Of Seats": 9,
    "Stats": {
        "1": {
            "2": 0,
            "3": 0,
            "4": 1.5411764705882354,
            "5": 0,
            "6": 2.8421052631578947,
            "7": 0,
            "8": 0,
            "9": 0,
            "10": 0,
            "11": 1.0666666666666667
        },
        "2": {
            "1": 1.3694267515923566,
            "3": 1.0628019323671498,
            "4": 3.0689655172413794,
            "5": 1.0628019323671498,
            "6": 4.238095238095238,
            "7": 1.0628019323671498,
            "8": 1.0411985018726593,
            "9": 1.3130841121495327,
            "10": 1.0628019323671498,
            "11": 1.4497041420118344
        },
        "3": {
            "1": 1.4580645161290322,
            "2": 1.164319248826291,
            "4": 2.8947368421052633,
            "5": 1.165137614678899,
            "6": 3.234042553191489,
            "7": 1.2454545454545454,
            "8": 1.0411985018726593,
            "9": 1.403061224489796,
            "10": 1.5333333333333334,
            "11": 2.4347826086956523
        },
        "4": {
            "1": 0,
            "2": 0,
            "3": 0,
            "5": 0,
            "6": 1.7391304347826086,
            "7": 0,
            "8": 0,
            "9": 0,
            "10": 0,
            "11": 0
        },
        "5": {
            "1": 1.6274509803921569,
            "2": 1.164319248826291,
            "3": 1.0628019323671498,
            "4": 2.0602409638554215,
            "6": 4.404255319148936,
            "7": 1.0902255639097744,
            "8": 1.0411985018726593,
            "9": 1.5765306122448979,
            "10": 1.3116279069767443,
            "11": 2.3636363636363638
        },
        "6": {
            "1": 0,
            "2": 0,
            "3": 0,
            "4": 0,
            "5": 0,
            "7": 0,
            "8": 0,
            "9": 0,
            "10": 0,
            "11": 0
        },
        "7": {
            "1": 1.6503067484662577,
            "2": 1.0040650406504066,
            "3": 1.0040650406504066,
            "4": 2.0813953488372094,
            "5": 1.0040650406504066,
            "6": 4.297872340425532,
            "8": 1.0040650406504066,
            "9": 1.4651162790697674,
            "10": 1.5,
            "11": 2.237410071942446
        },
        "8": {
            "1": 1.8231292517006803,
            "2": 1.1355932203389831,
            "3": 1.0628019323671498,
            "4": 2.7,
            "5": 1.0628019323671498,
            "6": 3.6538461538461537,
            "7": 1.0628019323671498,
            "9": 2.244186046511628,
            "10": 1.6961325966850829,
            "11": 2.816666666666667
        },
        "9": {
            "1": 1.3662790697674418,
            "2": 0,
            "3": 0,
            "4": 1.673913043478261,
            "5": 0,
            "6": 3.2264150943396226,
            "7": 0,
            "8": 0,
            "10": 1.0535714285714286,
            "11": 1.4887640449438202
        },
        "10": {
            "1": 1.4580645161290322,
            "2": 0,
            "3": 0,
            "4": 1.776470588235294,
            "5": 0,
            "6": 3.537037037037037,
            "7": 0,
            "8": 0,
            "9": 0,
            "11": 1.618421052631579
        },
        "11": {
            "1": 0,
            "2": 0,
            "3": 0,
            "4": 1.4431818181818181,
            "5": 0,
            "6": 1.9242424242424243,
            "7": 0,
            "8": 0,
            "9": 0,
            "10": 0
        }
    }
}