{
    "Ranking": "H > C > J > A > D > M > L > G > I > B > E > F > K",
    "Number Of Seats": 3,
    "Stats": {
        "H": 274.4036709377482,
        "C": 214.61677477805202,
        "J": 161.49992272418132,
        "A": 158.29827677653424,
        "D": 139.87697683279114,
        "M": 136.1780177494463,
        "L": 132.02868180871167,
        "G": 119.67646853857627,
        "I": 109.48588317606722,
        "B": 104.47935654713267,
        "E": 98.63218999364847,
        "F": 97.97600365153133,
        "K": 81.42468568748886
    }
}