{
    "Ranking": "H > C > A",
    "Number Of Seats": 3,
    "Stats": {
        "votes_needed_to_win": 144,
        "rounds": {
            "1": {
                "H": 165,
                "C": 91,
                "A": 66,
                "J": 51,
                "D": 38,
                "M": 35,
                "L": 34,
                "G": 26,
                "B": 20,
                "I": 19,
                "E": 14,
                "F": 14,
                "K": 2
            },
            "2": {
                "C": 99.527272727273,
                "A": 67.4,
                "J": 54.690909090909,
                "D": 40.036363636364,
                "M": 36.909090909091,
                "L": 34.636363636364,
                "G": 26.763636363636,
                "B": 20.127272727273,
                "I": 19.254545454545,
                "E": 14.127272727273,
                "F": 14.127272727273,
                "K": 2.254545454545
            },
            "3": {
                "C": 99.527272727273,
                "A": 67.4,
                "J": 54.818181818182,
                "D": 40.036363636364,
                "M": 36.909090909091,
                "L": 34.763636363636,
                "G": 26.763636363636,
                "B": 20.127272727273,
                "I": 19.254545454545,
                "E": 15.127272727273,
                "F": 14.127272727273
            },
            "4": {
                "C": 100.654545454545,
                "A": 68.4,
                "J": 56.818181818182,
                "D": 43.036363636364,
                "M": 36.909090909091,
                "L": 36.763636363636,
                "G": 27.763636363636,
                "B": 21.127272727273,
                "I": 20.254545454545,
                "E": 16.127272727273
            },
            "5": {
                "C": 103.654545454545,
                "A": 71.527272727273,
                "J": 57.818181818182,
                "D": 45.036363636364,
                "L": 38.763636363636,
                "M": 36.909090909091,
                "G": 27.763636363636,
                "B": 23.127272727273,
                "I": 21.254545454545
            },
            "6": {
                "C": 105.781818181818,
                "A": 74.527272727273,
                "J": 60.945454545454,
                "D": 48.036363636364,
                "L": 41.763636363636,
                "M": 39.909090909091,
                "G": 29.763636363636,
                "B": 25.127272727273
            },
            "7": {
                "C": 108.781818181818,
                "A": 75.527272727273,
                "J": 67.072727272727,
                "D": 52.036363636364,
                "L": 46.763636363636,
                "M": 41.909090909091,
                "G": 31.763636363636
            },
            "8": {
                "C": 114.909090909091,
                "A": 81.781818181818,
                "J": 70.2,
                "D": 57.163636363636,
                "L": 50.890909090909,
                "M": 43.909090909091
            },
            "9": {
                "C": 132.672727272727,
                "A": 88.036363636364,
                "J": 74.454545454545,
                "L": 60.145454545454,
                "D": 59.418181818182
            },
            "10": {
                "C": 149.309090909091,
                "A": 101.290909090909,
                "J": 85.090909090909,
                "L": 69.527272727273
            },
            "11": {
                "A": 117.531753974228,
                "J": 105.772598857548,
                "L": 79.821857149183
            },
            "12": {
                "A": 146.984687596865,
                "J": 132.818279236594
            }
        }
    }
}