{
    "Ranking": "H > C > J > A > D > M > L > G > I > B > E > F > K",
    "Number Of Seats": 3,
    "Stats": {
        "H": 274.403670938,
        "C": 214.616774778,
        "J": 161.499922724,
        "A": 158.298276777,
        "D": 139.876976833,
        "M": 136.178017749,
        "L": 132.028681809,
        "G": 119.676468539,
        "I": 109.485883176,
        "B": 104.479356547,
        "E": 98.632189994,
        "F": 97.976003652,
        "K": 81.424685687
    }
}