{
    "Ranking": "10 > 11 > 6 > 13 > 8 > 4 > 7 > 1 > 5 > 3 > 2 > 9 > 12",
    "Number Of Seats": 2,
    "Stats": {
        "10": 239.165323109,
        "11": 204.581112195,
        "6": 190.390248406,
        "13": 188.570924936,
        "8": 188.386068829,
        "4": 168.079633588,
        "7": 167.406622993,
        "1": 157.391866278,
        "5": 153.028792,
        "3": 139.519566584,
        "2": 128.866108631,
        "9": 126.77033467,
        "12": 126.235020048
    }
}