{
    "Ranking": "10 > 11 > 13 > 6 > 8 > 4 > 1 > 7 > 5 > 2 = 9 > 3 > 12",
    "Number Of Seats": 2,
    "Stats": {
        "1": {
            "2": 1.6237623762376239,
            "3": 1.6666666666666667,
            "4": 0,
            "5": 1.1517241379310346,
            "6": 0,
            "7": 1.0535714285714286,
            "8": 0,
            "9": 1.3865546218487395,
            "10": 0,
            "11": 0,
            "12": 1.797872340425532,
            "13": 0
        },
        "2": {
            "1": 0,
            "3": 1.0275229357798166,
            "4": 0,
            "5": 0,
            "6": 0,
            "7": 0,
            "8": 0,
            "9": 0,
            "10": 0,
            "11": 0,
            "12": 1.017391304347826,
            "13": 0
        },
        "3": {
            "1": 0,
            "2": 0,
            "4": 0,
            "5": 0,
            "6": 0,
            "7": 0,
            "8": 0,
            "9": 0,
            "10": 0,
            "11": 0,
            "12": 1.017391304347826,
            "13": 0
        },
        "4": {
            "1": 1.1719745222929936,
            "2": 2.075268817204301,
            "3": 1.9326923076923077,
            "5": 1.45,
            "6": 0,
            "7": 1.3096774193548386,
            "8": 0,
            "9": 1.9423076923076923,
            "10": 0,
            "11": 0,
            "12": 1.8796296296296295,
            "13": 0
        },
        "5": {
            "1": 0,
            "2": 1.3716814159292035,
            "3": 1.2966101694915255,
            "4": 0,
            "6": 0,
            "7": 0,
            "8": 0,
            "9": 1.265625,
            "10": 0,
            "11": 0,
            "12": 1.3389830508474576,
            "13": 0
        },
        "6": {
            "1": 1.496124031007752,
            "2": 2.099009900990099,
            "3": 2.2421052631578946,
            "4": 1.1067415730337078,
            "5": 1.608695652173913,
            "7": 1.3836477987421383,
            "8": 1.0729166666666667,
            "9": 2.3195876288659796,
            "10": 0,
            "11": 0,
            "12": 2.746987951807229,
            "13": 1.0334928229665072
        },
        "7": {
            "1": 0,
            "2": 1.4453781512605042,
            "3": 1.4146341463414633,
            "4": 0,
            "5": 1.034013605442177,
            "6": 0,
            "8": 0,
            "9": 1.4488188976377954,
            "10": 0,
            "11": 0,
            "12": 1.376923076923077,
            "13": 0
        },
        "8": {
            "1": 1.448051948051948,
            "2": 2.2745098039215685,
            "3": 2.130841121495327,
            "4": 1.2329545454545454,
            "5": 1.8166666666666667,
            "6": 1.0334928229665072,
            "7": 1.4605263157894737,
            "9": 2.0789473684210527,
            "10": 0,
            "11": 0,
            "12": 2.2596153846153846,
            "13": 1.0334928229665072
        },
        "9": {
            "1": 0,
            "2": 0,
            "3": 1.043103448275862,
            "4": 0,
            "5": 0,
            "6": 0,
            "7": 0,
            "8": 0,
            "10": 0,
            "11": 0,
            "12": 1.191304347826087,
            "13": 0
        },
        "10": {
            "1": 2.111888111888112,
            "2": 3.2934782608695654,
            "3": 3.0714285714285716,
            "4": 1.7560975609756098,
            "5": 2.2426470588235294,
            "6": 1.3928571428571428,
            "7": 1.7662337662337662,
            "8": 1.393939393939394,
            "9": 3.231578947368421,
            "11": 1.2777777777777777,
            "12": 3.0761904761904764,
            "13": 1.4545454545454546
        },
        "11": {
            "1": 1.7379310344827585,
            "2": 2.8152173913043477,
            "3": 2.548076923076923,
            "4": 1.5769230769230769,
            "5": 1.8148148148148149,
            "6": 1.2116402116402116,
            "7": 1.5935483870967742,
            "8": 1.1485148514851484,
            "9": 2.3333333333333335,
            "10": 0,
            "12": 3.022222222222222,
            "13": 1.1844660194174756
        },
        "12": {
            "1": 0,
            "2": 0,
            "3": 0,
            "4": 0,
            "5": 0,
            "6": 0,
            "7": 0,
            "8": 0,
            "9": 0,
            "10": 0,
            "11": 0,
            "13": 0
        },
        "13": {
            "1": 1.5833333333333333,
            "2": 2.4705882352941178,
            "3": 2.423076923076923,
            "4": 1.324022346368715,
            "5": 1.8014705882352942,
            "6": 1.0574162679425838,
            "7": 1.519736842105263,
            "8": 1.0574162679425838,
            "9": 2.1379310344827585,
            "10": 0,
            "11": 0,
            "12": 1.9919354838709677
        }
    }
}