{
    "Ranking": "5 > 4 > 1 > 2 > 3",
    "Number Of Seats": 3,
    "Stats": {
        "5": 142.66666666666663,
        "4": 118.33333333333323,
        "1": 94.49999999999997,
        "2": 67.58333333333337,
        "3": 55.750000000000036
    }
}