{
    "Ranking": "5 > 4 > 1",
    "Number Of Seats": 3,
    "Stats": {
        "votes_needed_to_win": 65,
        "rounds": {
            "1": {
                "5": 110,
                "4": 52,
                "1": 36,
                "2": 32,
                "3": 25
            },
            "2": {
                "4": 72.454545454545,
                "1": 53.590909090909,
                "2": 33.636363636364,
                "3": 26.636363636364
            },
            "3": {
                "1": 65.773012432987,
                "2": 40.701152047451,
                "3": 31.452378236569
            }
        }
    }
}