{
    "Ranking": "5 > 4 > 1",
    "Number Of Seats": 3,
    "Stats": {
        "votes_needed_to_win": 65,
        "rounds": {
            "1": {
                "5": 110,
                "4": 52,
                "1": 36,
                "2": 32,
                "3": 25
            },
            "2": {
                "4": 72.45454545,
                "1": 53.590909087,
                "2": 33.636363636,
                "3": 26.636363636
            },
            "3": {
                "1": 65.77301243,
                "2": 40.701152048,
                "3": 31.452378238
            }
        }
    }
}