{
    "Ranking": "5 > 4 > 1 > 2 > 3",
    "Number Of Seats": 3,
    "Stats": {
        "5": 142.666666667,
        "4": 118.333333333,
        "1": 94.5,
        "2": 67.583333333,
        "3": 55.75
    }
}