{
    "Ranking": "1 > 9 > 12 > 20 > 2 > 4 > 5 > 3 > 6 > 19 > 14 > 15 > 11 > 10 > 8 > 17 > 13 > 16 > 7 > 18",
    "Number Of Seats": 12,
    "Stats": {
        "1": 109.600889165,
        "9": 107.156198465,
        "12": 85.748054649,
        "20": 83.070199382,
        "2": 71.827100594,
        "4": 67.268490313,
        "5": 67.230004163,
        "3": 64.109430495,
        "6": 62.700651965,
        "19": 62.395758332,
        "14": 58.588847798,
        "15": 57.782877261,
        "11": 57.647127484,
        "10": 57.329772432,
        "8": 53.624632015,
        "17": 51.977095748,
        "13": 51.862264866,
        "16": 51.526156444,
        "7": 48.318296293,
        "18": 47.008866653
    }
}