{
    "Ranking": "1 > 9 > 12 > 20 > 2 > 4 > 5 > 3 > 6 > 19 > 14 > 15 > 11 > 10 > 8 > 17 > 13 > 16 > 7 > 18",
    "Number Of Seats": 12,
    "Stats": {
        "1": 109.60088916515744,
        "9": 107.15619846497589,
        "12": 85.74805464906747,
        "20": 83.07019938158935,
        "2": 71.82710059394562,
        "4": 67.2684903129078,
        "5": 67.23000416275103,
        "3": 64.10943049472883,
        "6": 62.70065196507651,
        "19": 62.39575833158594,
        "14": 58.58884779826055,
        "15": 57.78287726071175,
        "11": 57.647127483840656,
        "10": 57.329772431501155,
        "8": 53.62463201478871,
        "17": 51.97709574759564,
        "13": 51.862264866192376,
        "16": 51.52615644410792,
        "7": 48.31829629273651,
        "18": 47.00886665306819
    }
}