{
    "Ranking": "9 > 1 > 12 > 20 > 4 > 3 > 2 > 5 > 6 > 11 > 19 > 13 > 15",
    "Number Of Seats": 12,
    "Stats": {
        "votes_needed_to_win": 29,
        "rounds": {
            "1": {
                "9": 54,
                "1": 45,
                "12": 26,
                "3": 23,
                "5": 21,
                "6": 21,
                "20": 21,
                "4": 18,
                "2": 17,
                "14": 15,
                "15": 15,
                "10": 14,
                "19": 14,
                "13": 11,
                "11": 10,
                "7": 9,
                "16": 9,
                "8": 8,
                "18": 8,
                "17": 6
            },
            "2": {
                "12": 32.622222222222,
                "3": 25.455555555555,
                "20": 25.233333333333,
                "5": 24.522222222222,
                "2": 22.622222222222,
                "6": 22.174074074074,
                "4": 21.703703703704,
                "15": 17.562962962963,
                "10": 16.777777777778,
                "19": 15.885185185185,
                "14": 15,
                "11": 13.737037037037,
                "13": 11.355555555556,
                "7": 9.355555555556,
                "16": 9.355555555556,
                "8": 8.355555555556,
                "18": 8.355555555556,
                "17": 6.462962962963
            },
            "3": {
                "20": 25.810959733575,
                "3": 25.677626400242,
                "5": 24.988813200121,
                "4": 24.703552326168,
                "2": 23.085185185185,
                "6": 22.396144918761,
                "15": 17.78503380765,
                "10": 16.888813200121,
                "14": 16.370067615299,
                "19": 15.996220607528,
                "11": 15.347996770613,
                "13": 11.577626400242,
                "7": 9.355555555556,
                "16": 9.355555555556,
                "8": 8.933181955798,
                "18": 8.355555555556,
                "17": 6.573998385306
            },
            "4": {
                "20": 27.921995155919,
                "4": 25.703552326168,
                "3": 25.677626400242,
                "5": 24.988813200121,
                "2": 23.085185185185,
                "6": 22.396144918761,
                "14": 18.370067615299,
                "15": 17.78503380765,
                "19": 16.996220607528,
                "10": 16.888813200121,
                "11": 15.810959733575,
                "13": 11.577626400242,
                "7": 9.355555555556,
                "16": 9.355555555556,
                "8": 8.933181955798,
                "18": 8.355555555556
            },
            "5": {
                "20": 29.277550711474,
                "4": 26.703552326168,
                "5": 25.988813200121,
                "3": 25.677626400242,
                "6": 24.396144918761,
                "2": 23.085185185185,
                "14": 18.370067615299,
                "15": 17.78503380765,
                "19": 16.996220607528,
                "10": 16.888813200121,
                "11": 15.810959733575,
                "13": 11.577626400242,
                "7": 11.355555555556,
                "16": 10.355555555556,
                "8": 8.933181955798
            },
            "6": {
                "4": 28.166515289131,
                "3": 26.981695864603,
                "5": 26.344368755677,
                "6": 25.405624902732,
                "2": 24.979543575477,
                "14": 18.481103037642,
                "19": 18.437402797694,
                "15": 17.803993775593,
                "10": 16.999848622464,
                "11": 16.166515289131,
                "13": 11.596586368185,
                "7": 11.355555555556,
                "16": 10.383995507471,
                "8": 9.298217495325
            },
            "7": {
                "4": 30.166515289131,
                "3": 27.981695864603,
                "5": 26.344368755677,
                "6": 25.405624902732,
                "2": 24.979543575477,
                "14": 19.836658593198,
                "19": 19.802438337221,
                "11": 18.277550711474,
                "15": 17.803993775593,
                "10": 16.999848622464,
                "13": 12.596586368185,
                "7": 11.711111111111,
                "16": 10.383995507471
            },
            "8": {
                "3": 30.020365073756,
                "2": 26.947403054788,
                "5": 26.610081014632,
                "6": 25.868587865695,
                "19": 22.7670334723,
                "11": 21.437048375666,
                "14": 19.836658593198,
                "15": 17.881332193899,
                "10": 16.999848622464,
                "13": 13.059549331148,
                "7": 11.711111111111,
                "16": 11.383995507471
            },
            "9": {
                "2": 29.344371673466,
                "5": 26.678059206852,
                "6": 26.258132517361,
                "19": 23.878068894643,
                "11": 21.471037471776,
                "14": 20.966519095785,
                "15": 18.733839808528,
                "10": 17.323886755482,
                "13": 13.453774095857,
                "7": 12.711111111111,
                "16": 11.485962795801
            },
            "10": {
                "5": 27.957742624665,
                "6": 26.82202471102,
                "19": 24.956471088562,
                "11": 24.088166984439,
                "14": 21.901925005683,
                "15": 19.220273825994,
                "10": 18.75915603051,
                "7": 15.105137592654,
                "13": 13.830545162636,
                "16": 11.979621253959
            },
            "11": {
                "5": 28.991731720775,
                "6": 27.840984678963,
                "19": 25.990460184672,
                "11": 25.551129947402,
                "14": 21.901925005683,
                "15": 19.220273825994,
                "10": 18.75915603051,
                "13": 17.840025146608,
                "7": 17.105137592654
            },
            "12": {
                "5": 30.991731720775,
                "6": 30.879653888116,
                "19": 28.346015740228,
                "11": 25.94535471211,
                "14": 21.901925005683,
                "10": 20.222118993473,
                "15": 20.220273825994,
                "13": 19.207316229415
            },
            "13": {
                "11": 32.134471776617,
                "19": 30.689919791098,
                "13": 24.812249345253,
                "10": 23.004618407527,
                "14": 22.459747367737,
                "15": 21.621136650492
            },
            "14": {
                "13": 32.763436267136,
                "15": 30.432155403162,
                "10": 28.898987094985,
                "14": 25.177935205213
            }
        }
    }
}