{
    "Ranking": "6 > 1 > 4 > 2 > 7 > 5 > 3",
    "Number Of Seats": 4,
    "Stats": {
        "1": {
            "2": 1.6610169491525424,
            "3": 1.6764705882352942,
            "4": 1.053763440860215,
            "5": 1.2,
            "6": 0,
            "7": 1.2297297297297298
        },
        "2": {
            "1": 0,
            "3": 1.0462962962962963,
            "4": 0,
            "5": 1.1627906976744187,
            "6": 0,
            "7": 1.0168067226890756
        },
        "3": {
            "1": 0,
            "2": 0,
            "4": 0,
            "5": 0,
            "6": 0,
            "7": 0
        },
        "4": {
            "1": 0,
            "2": 1.1044776119402986,
            "3": 1.5,
            "5": 1.353846153846154,
            "6": 0,
            "7": 1.06
        },
        "5": {
            "1": 0,
            "2": 0,
            "3": 1.0338983050847457,
            "4": 0,
            "6": 0,
            "7": 0
        },
        "6": {
            "1": 1.7647058823529411,
            "2": 1.7033898305084745,
            "3": 1.9885057471264367,
            "4": 1.2151162790697674,
            "5": 1.3197278911564625,
            "7": 1.5669291338582678
        },
        "7": {
            "1": 0,
            "2": 0,
            "3": 1.3932584269662922,
            "4": 0,
            "5": 1.2,
            "6": 0
        }
    }
}