{
    "Ranking": "6 > 4 > 1 > 5 > 7 > 2 > 3",
    "Number Of Seats": 4,
    "Stats": {
        "6": 304.283333333,
        "4": 255.366666667,
        "1": 215.216666667,
        "5": 207.433333333,
        "7": 194.066666667,
        "2": 167.466666667,
        "3": 131.233333333
    }
}