{
    "Ranking": "6 > 4 > 2 > 5 > 7",
    "Number Of Seats": 4,
    "Stats": {
        "Votes Needed to Win": 139,
        "rounds": {
            "1": {
                "6": 187,
                "4": 140,
                "5": 100,
                "7": 92,
                "2": 75,
                "3": 56,
                "1": 33
            },
            "2": {
                "5": 105.911344533,
                "7": 100.107219249,
                "2": 78.736440028,
                "1": 59.752788384,
                "3": 59.415469823
            },
            "3": {
                "7": 108.135790677,
                "5": 106.70282658,
                "2": 98.763177996,
                "1": 89.52284186
            },
            "4": {
                "2": 141.094843389,
                "7": 137.645760118,
                "5": 113.462337656
            },
            "5": {
                "5": 156.58225696,
                "7": 155.076442749
            }
        }
    }
}