{
    "Ranking": "B > D > C > A",
    "Number Of Seats": 2,
    "Stats": {
        "B": 308.708333333,
        "D": 296.888888889,
        "C": 296.125,
        "A": 267.027777778
    }
}