{
    "Ranking": "B > C > D > A",
    "Number Of Seats": 2,
    "Stats": {
        "A": {
            "B": 0,
            "C": 0,
            "D": 0
        },
        "B": {
            "A": 1.6020942408376964,
            "C": 1.2922374429223744,
            "D": 1.15695067264574
        },
        "C": {
            "A": 1.572192513368984,
            "B": 0,
            "D": 1.0614754098360655
        },
        "D": {
            "A": 1.2585365853658537,
            "B": 0,
            "C": 0
        }
    }
}