{
    "Ranking": "4 > 5 > 1",
    "Number Of Seats": 3,
    "Stats": {
        "votes_needed_to_win": 11,
        "rounds": {
            "1": {
                "4": 17,
                "1": 9,
                "5": 6,
                "6": 5,
                "2": 2,
                "3": 2
            },
            "2": {
                "1": 10.058823528,
                "5": 8.823529408,
                "6": 5,
                "3": 3.76470588,
                "2": 2.352941176
            },
            "3": {
                "1": 10.058823528,
                "5": 8.823529408,
                "6": 5,
                "3": 4.117647056
            },
            "4": {
                "5": 11.588235288,
                "1": 10.411764704,
                "6": 5
            },
            "5": {
                "1": 10.513287546,
                "6": 8.92505225
            },
            "6": {
                "1": 19.08539862
            }
        }
    }
}