{
    "Ranking": "4 > 5 > 1 > 6 > 3 > 2",
    "Number Of Seats": 3,
    "Stats": {
        "4": 24.754722222222217,
        "5": 19.133888888888887,
        "1": 18.67138888888889,
        "6": 15.29916666666667,
        "3": 14.64388888888889,
        "2": 10.396944444444443
    }
}