{
    "Ranking": "4 > 5 > 1 > 3 > 6 > 2",
    "Number Of Seats": 3,
    "Stats": {
        "1": {
            "2": 3.5714285714285716,
            "3": 1.5333333333333334,
            "4": 0,
            "5": 0,
            "6": 1.2666666666666666
        },
        "2": {
            "1": 0,
            "3": 0,
            "4": 0,
            "5": 0,
            "6": 0
        },
        "3": {
            "1": 1.0666666666666667,
            "2": 3.25,
            "4": 0,
            "5": 0,
            "6": 1.2666666666666666
        },
        "4": {
            "1": 1.4666666666666666,
            "2": 8.25,
            "3": 2.4545454545454546,
            "5": 1.375,
            "6": 2.0833333333333335
        },
        "5": {
            "1": 1.5333333333333334,
            "2": 12,
            "3": 1.5333333333333334,
            "4": 0,
            "6": 3.111111111111111
        },
        "6": {
            "1": 1.0666666666666667,
            "2": 8,
            "3": 1.0666666666666667,
            "4": 0,
            "5": 0
        }
    }
}