{
    "Ranking": "4 > 1 > 5 > 6 > 2 = 3",
    "Number Of Seats": 3,
    "Stats": {
        "1": {
            "4": 17.166666667,
            "1": 9.166666667,
            "5": 6.166666667,
            "6": 5.166666667,
            "2": 2.166666667,
            "3": 2.166666667
        }
    }
}