{
    "Ranking": "4 > 1 > 5 > 6 > 3 > 2",
    "Number Of Seats": 3,
    "Stats": {
        "1": {
            "4": 17.166666666666668,
            "1": 9.166666666666668,
            "5": 6.166666666666667,
            "6": 5.166666666666667,
            "3": 2.166666666666667,
            "2": 2.1666666666666665
        },
        "2": {
            "4": 24.5,
            "1": 17.5
        }
    }
}