{
    "Ranking": "1 > 6 > 5 > 4 > 3 > 2",
    "Number Of Seats": 1,
    "Stats": {
        "1": 107.779722222,
        "6": 87.832222222,
        "5": 78.156111111,
        "4": 74.675555556,
        "3": 73.416944444,
        "2": 60.789444444
    }
}