{
    "Ranking": "1 > 6 > 5 > 4 > 3 > 2",
    "Number Of Seats": 1,
    "Stats": {
        "1": 107.77972222222219,
        "6": 87.83222222222214,
        "5": 78.15611111111102,
        "4": 74.67555555555546,
        "3": 73.41694444444441,
        "2": 60.78944444444439
    }
}