{
    "Ranking": "1 > 6 > 5 > 3 = 4 > 2",
    "Number Of Seats": 1,
    "Stats": {
        "1": {
            "1": 68.16666666666667,
            "6": 43.16666666666667,
            "5": 28.166666666666668,
            "4": 23.166666666666668,
            "3": 23.166666666666668,
            "2": 11.166666666666666
        }
    }
}