{
    "Ranking": "1 > 6 > 5 > 3 = 4 > 2",
    "Number Of Seats": 1,
    "Stats": {
        "1": {
            "1": 68.166666667,
            "6": 43.166666667,
            "5": 28.166666667,
            "3": 23.166666667,
            "4": 23.166666667,
            "2": 11.166666667
        }
    }
}