{
    "Ranking": "4 > 3 > 5 > 1 > 2",
    "Number Of Seats": 1,
    "Stats": {
        "4": 89.82916666666667,
        "3": 75.7611111111112,
        "5": 63.37777777777777,
        "1": 55.481944444444444,
        "2": 53.48333333333333
    }
}