{
    "Ranking": "3 > 1 > 2",
    "Number Of Seats": 1,
    "Stats": {
        "1": {
            "2": 2.411764705882353,
            "3": 0
        },
        "2": {
            "1": 0,
            "3": 0
        },
        "3": {
            "1": 1.1935483870967742,
            "2": 5.875
        }
    }
}