{
    "Ranking": "3 > 1 > 2",
    "Number Of Seats": 1,
    "Stats": {
        "3": 49.083333333,
        "1": 45.833333333,
        "2": 29.75
    }
}