{
    "Ranking": "A > B > C > D",
    "Number Of Seats": 2,
    "Stats": {
        "A": 122.66666666666659,
        "B": 114.99999999999983,
        "C": 112.99999999999994,
        "D": 86.8333333333333
    }
}