{
    "Ranking": "4 > 2 > 3 > 1 > 5",
    "Number Of Seats": 2,
    "Stats": {
        "4": 248.416666667,
        "2": 190.25,
        "3": 182.166666667,
        "1": 154.083333333,
        "5": 130.333333333
    }
}