{
    "Ranking": "4 > 3",
    "Number Of Seats": 2,
    "Stats": {
        "Votes Needed to Win": 176,
        "rounds": {
            "1": {
                "4": 172,
                "3": 106,
                "2": 105,
                "1": 87,
                "5": 55
            },
            "2": {
                "4": 179,
                "3": 137,
                "2": 111,
                "1": 94
            },
            "3": {
                "3": 139.519553087,
                "2": 115.290502829,
                "1": 95.385474871
            },
            "4": {
                "3": 170.603351972,
                "2": 160.424581045
            },
            "5": {
                "3": 232.17318439
            }
        }
    }
}