{
    "Ranking": "4 > 3 > 5 > 6 > 2 > 1 > 8 > 9 > 7",
    "Number Of Seats": 2,
    "Stats": {
        "4": 132.32142857142853,
        "3": 128.65238095238084,
        "5": 96.58690476190475,
        "6": 75.94880952380956,
        "2": 70.45476190476191,
        "1": 61.253571428571455,
        "8": 51.89642857142858,
        "9": 46.76666666666671,
        "7": 26.010714285714286
    }
}