{
    "Ranking": "5 > 4 > 6 > 1 > 11 > 8 > 2 > 10 > 7 > 9 > 3",
    "Number Of Seats": 9,
    "Stats": {
        "5": 385.49206349206315,
        "4": 268.88373015872986,
        "6": 235.8873015873017,
        "1": 201.71111111111054,
        "11": 187.39523809523803,
        "8": 185.0404761904764,
        "2": 181.7781746031737,
        "10": 166.8428571428571,
        "7": 164.07817460317406,
        "9": 136.09960317460326,
        "3": 122.91031746031754
    }
}