{
    "Ranking": "5 > 4 > 6 > 8 > 10 > 11 > 1 > 7 > 2 > 9 > 3",
    "Number Of Seats": 9,
    "Stats": {
        "1": {
            "2": 1.3505747126436782,
            "3": 1.2653061224489797,
            "4": 0,
            "5": 0,
            "6": 0,
            "7": 1.1895424836601307,
            "8": 0,
            "9": 1.4093959731543624,
            "10": 0,
            "11": 1.0084033613445378
        },
        "2": {
            "1": 0,
            "3": 1.2653061224489797,
            "4": 0,
            "5": 0,
            "6": 0,
            "7": 0,
            "8": 0,
            "9": 1.0273224043715847,
            "10": 0,
            "11": 0
        },
        "3": {
            "1": 0,
            "2": 0,
            "4": 0,
            "5": 0,
            "6": 0,
            "7": 0,
            "8": 0,
            "9": 0,
            "10": 0,
            "11": 0
        },
        "4": {
            "1": 1.4404761904761905,
            "2": 1.8089171974522293,
            "3": 1.951219512195122,
            "5": 0,
            "6": 1.3350253807106598,
            "7": 1.911764705882353,
            "8": 1.3859649122807018,
            "9": 1.976,
            "10": 1.456140350877193,
            "11": 1.3583333333333334
        },
        "5": {
            "1": 1.83125,
            "2": 2.1677018633540373,
            "3": 3.0898876404494384,
            "4": 1.502262443438914,
            "6": 2.084848484848485,
            "7": 2.6140350877192984,
            "8": 2.3450704225352115,
            "9": 3.425531914893617,
            "10": 2.2222222222222223,
            "11": 1.874015748031496
        },
        "6": {
            "1": 1.2848101265822784,
            "2": 1.3626373626373627,
            "3": 1.5396825396825398,
            "4": 0,
            "5": 0,
            "7": 1.4492753623188406,
            "8": 1.4378378378378378,
            "9": 1.7404580152671756,
            "10": 1.3806818181818181,
            "11": 1.4841269841269842
        },
        "7": {
            "1": 1.0084033613445378,
            "2": 1.1317365269461077,
            "3": 1.1317365269461077,
            "4": 0,
            "5": 0,
            "6": 0,
            "8": 0,
            "9": 1.0273224043715847,
            "10": 0,
            "11": 1.0084033613445378
        },
        "8": {
            "1": 1.176923076923077,
            "2": 1.303370786516854,
            "3": 1.5446428571428572,
            "4": 0,
            "5": 0,
            "6": 0,
            "7": 1.3333333333333333,
            "9": 1.821705426356589,
            "10": 1.1444444444444444,
            "11": 1.3583333333333334
        },
        "9": {
            "1": 0,
            "2": 0,
            "3": 1.0217391304347827,
            "4": 0,
            "5": 0,
            "6": 0,
            "7": 0,
            "8": 0,
            "10": 0,
            "11": 0
        },
        "10": {
            "1": 1.2848101265822784,
            "2": 1.3540372670807452,
            "3": 1.4477611940298507,
            "4": 0,
            "5": 0,
            "6": 0,
            "7": 1.2922077922077921,
            "8": 0,
            "9": 1.5401459854014599,
            "11": 1.2131147540983607
        },
        "11": {
            "1": 1.176923076923077,
            "2": 1.2013888888888888,
            "3": 1.588235294117647,
            "4": 0,
            "5": 0,
            "6": 0,
            "7": 1.176923076923077,
            "8": 0,
            "9": 1.5454545454545454,
            "10": 0
        }
    }
}