{
    "Ranking": "5 > 4 > 6 > 1 > 11 > 8 > 2 > 10 > 7 > 9 > 3",
    "Number Of Seats": 9,
    "Stats": {
        "5": 385.492063492,
        "4": 268.883730159,
        "6": 235.887301587,
        "1": 201.711111111,
        "11": 187.395238095,
        "8": 185.04047619,
        "2": 181.778174603,
        "10": 166.842857143,
        "7": 164.078174603,
        "9": 136.099603175,
        "3": 122.91031746
    }
}