{
    "Ranking": "6 > 8 > 4 > 11 > 5 > 14 > 7 > 2 > 1 > 12 > 3 > 10 > 9 > 13 > 15",
    "Number Of Seats": 7,
    "Stats": {
        "6": 400.032884162,
        "8": 335.017614325,
        "4": 293.473271224,
        "11": 290.908126454,
        "5": 251.243681481,
        "14": 200.101562078,
        "7": 190.00963068,
        "2": 189.561114719,
        "1": 183.3868737,
        "12": 173.493256552,
        "3": 172.782717217,
        "10": 156.512402626,
        "9": 152.456782268,
        "13": 150.464945128,
        "15": 142.283611692
    }
}