{
    "Ranking": "6 > 8 > 4 > 11 > 5 > 14 > 2",
    "Number Of Seats": 7,
    "Stats": {
        "Votes Needed to Win": 124,
        "rounds": {
            "1": {
                "6": 213,
                "8": 163,
                "4": 128,
                "11": 100,
                "5": 66,
                "2": 60,
                "14": 49,
                "1": 47,
                "7": 43,
                "12": 28,
                "3": 26,
                "9": 17,
                "10": 15,
                "15": 14,
                "13": 12
            },
            "2": {
                "11": 130.665250868,
                "5": 102.256092704,
                "2": 62.900743292,
                "14": 59.70116688,
                "1": 51.464951652,
                "7": 47.393528224,
                "12": 37.744111664,
                "3": 32.521090764,
                "9": 20.408708132,
                "10": 18.289146436,
                "13": 14.87130606,
                "15": 14.65710418
            },
            "3": {
                "5": 109.52457124,
                "14": 64.616203976,
                "2": 64.0777081,
                "1": 52.629672908,
                "7": 49.331430232,
                "12": 40.625418482,
                "3": 34.692470508,
                "9": 21.228519796,
                "10": 19.9011453,
                "13": 15.942277316,
                "15": 15.67706531
            },
            "4": {
                "5": 109.55582124,
                "14": 66.718224228,
                "2": 65.0777081,
                "7": 54.331430232,
                "1": 52.629672908,
                "12": 42.625418482,
                "3": 36.692470508,
                "9": 21.228519796,
                "10": 19.9011453,
                "13": 15.942277316
            },
            "5": {
                "5": 111.036161616,
                "14": 67.604915106,
                "2": 65.0777081,
                "1": 56.629672908,
                "7": 55.331430232,
                "12": 44.614129612,
                "3": 39.172810884,
                "9": 21.228519796,
                "10": 19.9011453
            },
            "6": {
                "5": 112.485251992,
                "14": 75.27627661,
                "2": 68.331229228,
                "7": 57.831530734,
                "1": 56.629672908,
                "12": 45.966903542,
                "3": 39.172810884,
                "9": 22.228519796
            },
            "7": {
                "5": 114.338675192,
                "14": 78.27627661,
                "2": 70.331229228,
                "7": 58.300381236,
                "1": 56.660922908,
                "12": 53.47668115,
                "3": 40.59065126
            },
            "8": {
                "5": 116.3078272,
                "14": 83.963019026,
                "2": 74.331229228,
                "7": 62.53964504,
                "1": 62.424221644,
                "12": 55.551625706
            },
            "9": {
                "5": 121.288268078,
                "14": 92.043868392,
                "2": 76.382239354,
                "1": 64.455471644,
                "7": 62.957485416
            },
            "10": {
                "5": 128.573039206,
                "14": 96.493159772,
                "2": 91.343874788,
                "1": 76.725985448
            },
            "11": {
                "14": 121.725015479,
                "2": 92.974612631,
                "1": 78.595248708
            },
            "12": {
                "14": 128.188301602,
                "2": 115.347712713
            },
            "13": {
                "2": 120.456175972
            }
        }
    }
}