{
    "Ranking": "3 > 1",
    "Number Of Seats": 2,
    "Stats": {
        "votes_needed_to_win": 135,
        "rounds": {
            "1": {
                "3": 155,
                "1": 127,
                "4": 64,
                "2": 36,
                "5": 21
            },
            "2": {
                "1": 140.806451612903,
                "4": 65.032258064516,
                "2": 37.41935483871,
                "5": 23.451612903226
            }
        }
    }
}