{
    "Ranking": "3 > 1 > 2 > 4 > 5",
    "Number Of Seats": 2,
    "Stats": {
        "1": {
            "2": 2.4210526315789473,
            "3": 0,
            "4": 3.6,
            "5": 2.392857142857143
        },
        "2": {
            "1": 0,
            "3": 0,
            "4": 2.2857142857142856,
            "5": 1.8205128205128205
        },
        "3": {
            "1": 1.113821138211382,
            "2": 1.7333333333333334,
            "4": 3.2083333333333335,
            "5": 1.9166666666666667
        },
        "4": {
            "1": 0,
            "2": 1.44,
            "3": 0,
            "5": 1.8205128205128205
        },
        "5": {
            "1": 0,
            "2": 1.44,
            "3": 0,
            "4": 1.44
        }
    }
}