{
    "Ranking": "3 > 1 > 4 > 5 > 2",
    "Number Of Seats": 2,
    "Stats": {
        "3": 217.8333333333333,
        "1": 206.1666666666668,
        "4": 98.33333333333323,
        "5": 87.24999999999987,
        "2": 77.9166666666666
    }
}