{
    "Ranking": "1 > 3 > 4 > 2",
    "Number Of Seats": 3,
    "Stats": {
        "1": {
            "2": 5.714285714285714,
            "3": 1.5263157894736843,
            "4": 2.8333333333333335
        },
        "2": {
            "1": 0,
            "3": 0,
            "4": 0
        },
        "3": {
            "1": 0,
            "2": 6.333333333333333,
            "4": 3.3
        },
        "4": {
            "1": 0,
            "2": 2.4166666666666665,
            "3": 0
        }
    }
}