{
    "Ranking": "2 > 6 > 3 > 1 > 5 > 7 > 4",
    "Number Of Seats": 1,
    "Stats": {
        "2": 116.68333333333335,
        "6": 97.23916666666666,
        "3": 81.37857142857148,
        "1": 76.71825396825403,
        "5": 66.84738095238107,
        "7": 65.43309523809543,
        "4": 55.75734126984142
    }
}