{
    "Ranking": "2 > 6 > 3 > 1 > 5 > 7 > 4",
    "Number Of Seats": 1,
    "Stats": {
        "1": {
            "2": 0,
            "3": 0,
            "4": 2.588235294117647,
            "5": 1.5510204081632653,
            "6": 0,
            "7": 2.210526315789474
        },
        "2": {
            "1": 1.721311475409836,
            "3": 1.6119402985074627,
            "4": 2.875,
            "5": 2.725,
            "6": 1.463768115942029,
            "7": 2.0754716981132075
        },
        "3": {
            "1": 1.042857142857143,
            "2": 0,
            "4": 2.870967741935484,
            "5": 1.52,
            "6": 0,
            "7": 1.607843137254902
        },
        "4": {
            "1": 0,
            "2": 0,
            "3": 0,
            "5": 0,
            "6": 0,
            "7": 0
        },
        "5": {
            "1": 0,
            "2": 0,
            "3": 0,
            "4": 1.4090909090909092,
            "6": 0,
            "7": 1.4130434782608696
        },
        "6": {
            "1": 2,
            "2": 0,
            "3": 1.7758620689655173,
            "4": 3.323529411764706,
            "5": 2.3260869565217392,
            "7": 2.4468085106382977
        },
        "7": {
            "1": 0,
            "2": 0,
            "3": 0,
            "4": 1.018181818181818,
            "5": 0,
            "6": 0
        }
    }
}