{
    "Ranking": "2 > 6 > 3 > 1 > 5 > 7 > 4",
    "Number Of Seats": 1,
    "Stats": {
        "2": 116.683333333,
        "6": 97.239166667,
        "3": 81.378571429,
        "1": 76.718253968,
        "5": 66.847380952,
        "7": 65.433095238,
        "4": 55.75734127
    }
}