{
    "Ranking": "C > A > B > D",
    "Number Of Seats": 3,
    "Stats": {
        "C": 659.833333333,
        "A": 626.236111111,
        "B": 583.527777778,
        "D": 469.986111111
    }
}