{
    "Ranking": "4 > 2 > 1 > 3",
    "Number Of Seats": 3,
    "Stats": {
        "4": 82.05555555555556,
        "2": 71.66666666666669,
        "1": 59.06944444444446,
        "3": 37.20833333333334
    }
}