{
    "Ranking": "4 > 2 > 1",
    "Number Of Seats": 3,
    "Stats": {
        "votes_needed_to_win": 31,
        "rounds": {
            "1": {
                "4": 54,
                "2": 35,
                "1": 30,
                "3": 1
            },
            "2": {
                "1": 42.39365079,
                "3": 15.066137564
            }
        }
    }
}