{
    "Ranking": "4 > 2 > 1 > 3",
    "Number Of Seats": 3,
    "Stats": {
        "1": {
            "2": 0,
            "3": 1.6222222222222222,
            "4": 0
        },
        "2": {
            "1": 2.051282051282051,
            "3": 8,
            "4": 0
        },
        "3": {
            "1": 0,
            "2": 0,
            "4": 0
        },
        "4": {
            "1": 2.1578947368421053,
            "2": 1.36,
            "3": 13.75
        }
    }
}