{
    "Ranking": "4 > 7 > 2 > 3 > 5 > 6 > 1",
    "Number Of Seats": 2,
    "Stats": {
        "4": 50.583333333,
        "7": 24.45,
        "2": 20.233333333,
        "3": 18.183333333,
        "5": 11.883333333,
        "6": 11.533333333,
        "1": 7.933333333
    }
}