{
    "Ranking": "4 > 7",
    "Number Of Seats": 2,
    "Stats": {
        "Votes Needed to Win": 27,
        "rounds": {
            "1": {
                "4": 43,
                "7": 11,
                "3": 9,
                "2": 7,
                "6": 4,
                "1": 2,
                "5": 2
            },
            "2": {
                "7": 15.465116276,
                "2": 11.465116276,
                "3": 10.488372092,
                "6": 4.744186046,
                "5": 3.488372092,
                "1": 2.372093023
            },
            "3": {
                "7": 15.465116276,
                "2": 12.837209299,
                "3": 11.488372092,
                "6": 4.744186046,
                "5": 3.488372092
            },
            "4": {
                "7": 17.209302322,
                "2": 13.581395345,
                "3": 11.488372092,
                "6": 5.744186046
            },
            "5": {
                "7": 19.209302322,
                "2": 13.953488368,
                "3": 13.860465115
            },
            "6": {
                "7": 24.581395345,
                "2": 19.697674414
            },
            "7": {
                "7": 33.186046506
            }
        }
    }
}