{
    "Ranking": "4 > 7 > 2 > 3 > 6 > 5 > 1",
    "Number Of Seats": 2,
    "Stats": {
        "4": 53.4254761904762,
        "7": 31.066865079365076,
        "2": 28.188214285714285,
        "3": 26.645476190476188,
        "6": 21.821428571428573,
        "5": 21.45369047619048,
        "1": 19.641706349206355
    }
}