{
    "Ranking": "4 > 3 > 2 > 1",
    "Number Of Seats": 1,
    "Stats": {
        "1": {
            "2": 0,
            "3": 0,
            "4": 0
        },
        "2": {
            "1": 2.4,
            "3": 0,
            "4": 0
        },
        "3": {
            "1": 2.5714285714285716,
            "2": 2.111111111111111,
            "4": 0
        },
        "4": {
            "1": 5.25,
            "2": 4.2,
            "3": 1.5
        }
    }
}