{
    "Ranking": "4 > 3 > 2 > 1",
    "Number Of Seats": 1,
    "Stats": {
        "4": 22.65277777777778,
        "3": 18.097222222222218,
        "2": 14.152777777777777,
        "1": 11.763888888888888
    }
}