{
    "Ranking": "B > A > D > C",
    "Number Of Seats": 2,
    "Stats": {
        "A": {
            "B": 1.0392156862745099,
            "C": 1.1071428571428572,
            "D": 1.4848484848484849
        },
        "B": {
            "A": 1.0606060606060606,
            "C": 1.2195121951219512,
            "D": 1.2105263157894737
        },
        "C": {
            "A": 1.0606060606060606,
            "B": 1.0392156862745099,
            "D": 1.0606060606060606
        },
        "D": {
            "A": 1.0606060606060606,
            "B": 1.0392156862745099,
            "C": 1.1071428571428572
        }
    }
}