{
    "Ranking": "B > A > D > C",
    "Number Of Seats": 2,
    "Stats": {
        "B": 126.99999999999997,
        "A": 119.83333333333329,
        "D": 92.49999999999997,
        "C": 90.3333333333333
    }
}