{
    "Ranking": "B > A > D > C",
    "Number Of Seats": 2,
    "Stats": {
        "B": 127,
        "A": 119.833333333,
        "D": 92.5,
        "C": 90.333333333
    }
}