{
    "Ranking": "1 > 4 > 3 > 2",
    "Number Of Seats": 1,
    "Stats": {
        "1": 204.166666667,
        "4": 149.666666667,
        "3": 147.666666667,
        "2": 142.666666667
    }
}