{
    "Ranking": "1 > 4 > 3 > 2",
    "Number Of Seats": 1,
    "Stats": {
        "1": 204.16666666666706,
        "4": 149.66666666666674,
        "3": 147.66666666666663,
        "2": 142.6666666666663
    }
}