{
    "Ranking": "1 > 2 > 3",
    "Number Of Seats": 2,
    "Stats": {
        "1": {
            "2": 2.3,
            "3": 1.5714285714285714
        },
        "2": {
            "1": 0,
            "3": 1.0454545454545454
        },
        "3": {
            "1": 0,
            "2": 0
        }
    }
}