{
    "Ranking": "B > D > C > A",
    "Number Of Seats": 2,
    "Stats": {
        "B": 308.70833333333314,
        "D": 296.8888888888888,
        "C": 296.12499999999983,
        "A": 267.0277777777776
    }
}