{
    "Ranking": "5 > 4 > 11 > 6 > 1 > 7 > 2 > 8 > 10 > 9 > 3",
    "Number Of Seats": 9,
    "Stats": {
        "1": {
            "5": 217.181818182,
            "4": 115.181818182,
            "11": 106.181818182,
            "6": 96.181818182,
            "1": 95.181818182,
            "7": 66.181818182,
            "2": 57.181818182,
            "8": 53.181818182,
            "10": 46.181818182,
            "9": 38.181818182,
            "3": 33.181818182
        }
    }
}