{
    "Ranking": "5 > 4 > 11 > 6 > 1 > 8 > 7 > 2 > 10",
    "Number Of Seats": 9,
    "Stats": {
        "Votes Needed to Win": 93,
        "rounds": {
            "1": {
                "5": 217,
                "4": 115,
                "11": 106,
                "6": 96,
                "1": 95,
                "7": 66,
                "2": 57,
                "8": 53,
                "10": 46,
                "9": 38,
                "3": 33
            },
            "2": {
                "8": 92.710815621,
                "7": 87.561300544,
                "2": 80.679257698,
                "10": 71.93006615,
                "9": 51.224230069,
                "3": 47.186585892
            },
            "3": {
                "8": 100.425101331,
                "7": 99.882602399,
                "2": 88.389865045,
                "10": 82.61190797,
                "9": 56.538175926
            },
            "4": {
                "2": 115.748884053,
                "10": 111.217004788,
                "9": 73.540655256
            }
        }
    }
}