{
    "Ranking": "5 > 4 > 6 > 8 > 10 > 1 > 2 > 7 > 11 > 9 > 3",
    "Number Of Seats": 9,
    "Stats": {
        "1": {
            "2": 1.043103448275862,
            "3": 1.5018867924528303,
            "4": 0,
            "5": 0,
            "6": 0,
            "7": 1.238709677419355,
            "8": 0,
            "9": 1.4057971014492754,
            "10": 1.0195530726256983,
            "11": 1.2075471698113207
        },
        "2": {
            "1": 1.0195530726256983,
            "3": 1.779591836734694,
            "4": 0,
            "5": 0,
            "6": 0,
            "7": 1.2123076923076923,
            "8": 0,
            "9": 1.342281879194631,
            "10": 1.0195530726256983,
            "11": 1.3486842105263157
        },
        "3": {
            "1": 0,
            "2": 0,
            "4": 0,
            "5": 0,
            "6": 0,
            "7": 0,
            "8": 0,
            "9": 0,
            "10": 0,
            "11": 0
        },
        "4": {
            "1": 1.6101694915254237,
            "2": 1.625418060200669,
            "3": 2.722513089005236,
            "5": 0,
            "6": 1.2927536231884058,
            "7": 2.185344827586207,
            "8": 1.5225806451612902,
            "9": 2.1673640167364017,
            "10": 1.7481481481481482,
            "11": 1.8254545454545454
        },
        "5": {
            "1": 2.3647540983606556,
            "2": 2.4615384615384617,
            "3": 4.153846153846154,
            "4": 1.6591639871382637,
            "6": 2.1666666666666665,
            "7": 3.211340206185567,
            "8": 2.7803738317757007,
            "9": 3.9207317073170733,
            "10": 2.7488584474885847,
            "11": 2.9047619047619047
        },
        "6": {
            "1": 1.3333333333333333,
            "2": 1.2716417910447761,
            "3": 2.0337552742616034,
            "4": 0,
            "5": 0,
            "7": 1.6095890410958904,
            "8": 1.5053380782918149,
            "9": 1.8488372093023255,
            "10": 1.565217391304348,
            "11": 1.8467432950191571
        },
        "7": {
            "1": 0,
            "2": 0,
            "3": 1.3174603174603174,
            "4": 0,
            "5": 0,
            "6": 0,
            "8": 0,
            "9": 1.0696202531645569,
            "10": 0,
            "11": 1.1371951219512195
        },
        "8": {
            "1": 1.0818181818181818,
            "2": 1.0512820512820513,
            "3": 1.686046511627907,
            "4": 0,
            "5": 0,
            "6": 0,
            "7": 1.327922077922078,
            "9": 1.6653386454183268,
            "10": 1.1725239616613419,
            "11": 1.4982456140350877
        },
        "9": {
            "1": 0,
            "2": 0,
            "3": 1.2,
            "4": 0,
            "5": 0,
            "6": 0,
            "7": 0,
            "8": 0,
            "10": 0,
            "11": 0
        },
        "10": {
            "1": 1.0808383233532934,
            "2": 1.043103448275862,
            "3": 1.6244725738396624,
            "4": 0,
            "5": 0,
            "6": 0,
            "7": 1.2457337883959045,
            "8": 0,
            "9": 1.3890909090909092,
            "11": 1.3233333333333333
        },
        "11": {
            "1": 0,
            "2": 0,
            "3": 1.2263513513513513,
            "4": 0,
            "5": 0,
            "6": 0,
            "7": 0,
            "8": 0,
            "9": 1.0696202531645569,
            "10": 0
        }
    }
}