{
    "Ranking": "5 > 4 > 6 > 1 > 11 > 8 > 2 > 10 > 7 > 9 > 3",
    "Number Of Seats": 9,
    "Stats": {
        "5": 411.873465998,
        "4": 307.781146545,
        "6": 279.342074031,
        "1": 253.852658361,
        "11": 246.998370928,
        "8": 236.394765143,
        "2": 228.945345922,
        "10": 221.983077361,
        "7": 221.11435927,
        "9": 194.583514713,
        "3": 187.497888396
    }
}