{
    "Ranking": "A > B > F > G > D > E > C",
    "Number Of Seats": 2,
    "Stats": {
        "1": {
            "A": 114,
            "B": 103,
            "F": 103,
            "G": 96,
            "D": 79,
            "E": 66,
            "C": 26
        },
        "2": {
            "A": 209.333333333,
            "B": 197.333333333,
            "F": 180.333333333
        }
    }
}