{
    "Ranking": "B > A > D > C",
    "Number Of Seats": 2,
    "Stats": {
        "B": 156.3750000000001,
        "A": 151.91666666666666,
        "D": 132.34722222222226,
        "C": 132.2777777777779
    }
}