{
    "Ranking": "B > A > D > C",
    "Number Of Seats": 2,
    "Stats": {
        "A": {
            "B": 0,
            "C": 1.3009708737864079,
            "D": 1.446808510638298
        },
        "B": {
            "A": 1.0847457627118644,
            "C": 1.627906976744186,
            "D": 1.4742268041237114
        },
        "C": {
            "A": 0,
            "B": 0,
            "D": 0
        },
        "D": {
            "A": 0,
            "B": 0,
            "C": 1.0952380952380953
        }
    }
}