{
    "Ranking": "4 > 9 > 6 > 5 > 1 > 2 > 8 > 13 > 3 > 10 > 12 > 7 > 11",
    "Number Of Seats": 3,
    "Stats": {
        "4": 195.12622655122672,
        "9": 127.307251082251,
        "6": 124.55606060606054,
        "5": 88.54422799422797,
        "1": 78.541341991342,
        "2": 76.177380952381,
        "8": 60.937373737373754,
        "13": 57.6639610389611,
        "3": 51.920310245310276,
        "10": 50.820670995671044,
        "12": 44.23618326118333,
        "7": 43.10616883116883,
        "11": 38.345743145743164
    }
}