{
    "Ranking": "12 > 18 > 7 > 13 > 8 > 9 > 11 > 20 > 3 > 16 > 10 > 19 > 2 > 17 > 1 > 14 > 15 > 6 > 4 > 21 > 5",
    "Number Of Seats": 2,
    "Stats": {
        "12": 16.492099567,
        "18": 13.356944444,
        "7": 11.124206349,
        "13": 10.710964912,
        "8": 9.950980392,
        "9": 9.742857143,
        "11": 8.619893484,
        "20": 8.372161172,
        "3": 8.14005439,
        "16": 7.56907994,
        "10": 7.305952381,
        "19": 6.606944444,
        "2": 6.116666667,
        "17": 5.89047619,
        "1": 5.392156863,
        "14": 3.905627706,
        "15": 3.450490196,
        "6": 3.37275641,
        "4": 3.319022644,
        "21": 2.869298246,
        "5": 1.153874269
    }
}