{
    "Ranking": "1 > 2 > 13 > 17 > 20 > 10 > 7 > 3 = 8 > 9 = 14 = 19 > 16 = 21 > 5 = 12 > 6 > 4 = 15 > 18 > 11",
    "Number Of Seats": 2,
    "Stats": {
        "1": {
            "2": 1.6666666666666667,
            "3": 1.75,
            "4": 3,
            "5": 4,
            "6": 4,
            "7": 1.6666666666666667,
            "8": 1.75,
            "9": 1.75,
            "10": 1.6666666666666667,
            "11": 4,
            "12": 4,
            "13": 1.6666666666666667,
            "14": 1.75,
            "15": 5,
            "16": 3,
            "17": 1.6666666666666667,
            "18": 6,
            "19": 4,
            "20": 1.6666666666666667,
            "21": 4
        },
        "2": {
            "1": 1.5,
            "3": 5,
            "4": 5,
            "5": 6,
            "6": 5,
            "7": 2.5,
            "8": 8,
            "9": 3,
            "10": 3,
            "11": 7,
            "12": 2.5,
            "13": 2.5,
            "14": 4,
            "15": 6,
            "16": 3,
            "17": 2.5,
            "18": 7,
            "19": 5,
            "20": 6,
            "21": 6
        },
        "3": {
            "1": 1.5,
            "2": 1.5,
            "4": 2,
            "5": 2,
            "6": 11,
            "7": 1.5,
            "8": 1.75,
            "9": 2,
            "10": 1.5,
            "11": 4,
            "12": 2,
            "13": 1.5,
            "14": 1.75,
            "15": 2,
            "16": 2,
            "17": 1.5,
            "18": 4,
            "19": 1.75,
            "20": 1.5,
            "21": 2
        },
        "4": {
            "1": 1.5,
            "2": 1.5,
            "3": 1.5,
            "5": 1.5,
            "6": 1.5,
            "7": 1.5,
            "8": 1.5,
            "9": 1.5,
            "10": 1.5,
            "11": 6,
            "12": 1.5,
            "13": 1.5,
            "14": 1.5,
            "15": 1.5,
            "16": 1.5,
            "17": 1.5,
            "18": 2,
            "19": 1.5,
            "20": 1.5,
            "21": 1.5
        },
        "5": {
            "1": 1.5,
            "2": 1.5,
            "3": 1.75,
            "4": 2,
            "6": 2,
            "7": 1.5,
            "8": 1.75,
            "9": 1.75,
            "10": 1.5,
            "11": 2,
            "12": 2,
            "13": 1.5,
            "14": 1.75,
            "15": 2,
            "16": 2,
            "17": 1.5,
            "18": 2,
            "19": 1.75,
            "20": 1.5,
            "21": 2
        },
        "6": {
            "1": 1.5,
            "2": 1.5,
            "3": 1.75,
            "4": 2,
            "5": 2,
            "7": 1.5,
            "8": 1.75,
            "9": 1.75,
            "10": 1.5,
            "11": 4,
            "12": 2,
            "13": 1.5,
            "14": 1.75,
            "15": 2,
            "16": 2,
            "17": 1.5,
            "18": 4,
            "19": 1.75,
            "20": 1.5,
            "21": 2
        },
        "7": {
            "1": 1.5,
            "2": 2.25,
            "3": 2.3333333333333335,
            "4": 2.3333333333333335,
            "5": 4,
            "6": 4,
            "8": 2.3333333333333335,
            "9": 2.3333333333333335,
            "10": 2.3333333333333335,
            "11": 5,
            "12": 2.3333333333333335,
            "13": 2.3333333333333335,
            "14": 4,
            "15": 3,
            "16": 2.3333333333333335,
            "17": 2.3333333333333335,
            "18": 5,
            "19": 5,
            "20": 2.3333333333333335,
            "21": 5
        },
        "8": {
            "1": 1.5,
            "2": 1.5,
            "3": 1.75,
            "4": 2,
            "5": 5,
            "6": 2,
            "7": 1.5,
            "9": 1.75,
            "10": 1.5,
            "11": 4,
            "12": 2,
            "13": 1.5,
            "14": 3,
            "15": 3,
            "16": 2,
            "17": 1.5,
            "18": 3,
            "19": 2.3333333333333335,
            "20": 1.5,
            "21": 2.5
        },
        "9": {
            "1": 1.5,
            "2": 1.5,
            "3": 1.75,
            "4": 2,
            "5": 4,
            "6": 2,
            "7": 1.5,
            "8": 1.75,
            "10": 1.5,
            "11": 3,
            "12": 2,
            "13": 1.5,
            "14": 1.75,
            "15": 2,
            "16": 2,
            "17": 1.5,
            "18": 2,
            "19": 1.75,
            "20": 1.5,
            "21": 4
        },
        "10": {
            "1": 1.5,
            "2": 2.25,
            "3": 2.5,
            "4": 5,
            "5": 7,
            "6": 5,
            "7": 2.5,
            "8": 2.5,
            "9": 4,
            "11": 5,
            "12": 2.5,
            "13": 2.5,
            "14": 2.5,
            "15": 3,
            "16": 5,
            "17": 2.5,
            "18": 5,
            "19": 2.5,
            "20": 2.5,
            "21": 6
        },
        "11": {
            "1": 0,
            "2": 0,
            "3": 0,
            "4": 0,
            "5": 0,
            "6": 0,
            "7": 0,
            "8": 0,
            "9": 0,
            "10": 0,
            "12": 0,
            "13": 0,
            "14": 0,
            "15": 0,
            "16": 0,
            "17": 0,
            "18": 0,
            "19": 0,
            "20": 0,
            "21": 0
        },
        "12": {
            "1": 1.5,
            "2": 1.5,
            "3": 1.75,
            "4": 2,
            "5": 2,
            "6": 3,
            "7": 1.5,
            "8": 1.75,
            "9": 1.75,
            "10": 1.5,
            "11": 3,
            "13": 1.5,
            "14": 1.75,
            "15": 2,
            "16": 2,
            "17": 1.5,
            "18": 3,
            "19": 1.75,
            "20": 1.5,
            "21": 2
        },
        "13": {
            "1": 1.5,
            "2": 2.25,
            "3": 5,
            "4": 5,
            "5": 4,
            "6": 6,
            "7": 4.5,
            "8": 2.5,
            "9": 3,
            "10": 3,
            "11": 5,
            "12": 6,
            "14": 4,
            "15": 6,
            "16": 3,
            "17": 3,
            "18": 5,
            "19": 4.5,
            "20": 3,
            "21": 6
        },
        "14": {
            "1": 1.5,
            "2": 1.5,
            "3": 1.75,
            "4": 2,
            "5": 5,
            "6": 2,
            "7": 1.5,
            "8": 1.75,
            "9": 1.75,
            "10": 1.5,
            "11": 5,
            "12": 2,
            "13": 1.5,
            "15": 3,
            "16": 2,
            "17": 1.5,
            "18": 5,
            "19": 1.75,
            "20": 1.5,
            "21": 2
        },
        "15": {
            "1": 1.5,
            "2": 1.5,
            "3": 1.5,
            "4": 1.5,
            "5": 1.5,
            "6": 1.5,
            "7": 1.5,
            "8": 1.5,
            "9": 1.5,
            "10": 1.5,
            "11": 3,
            "12": 1.5,
            "13": 1.5,
            "14": 1.5,
            "16": 1.5,
            "17": 1.5,
            "18": 3,
            "19": 1.5,
            "20": 1.5,
            "21": 1.5
        },
        "16": {
            "1": 1.5,
            "2": 1.5,
            "3": 1.75,
            "4": 7,
            "5": 2,
            "6": 2.5,
            "7": 1.5,
            "8": 1.75,
            "9": 1.75,
            "10": 1.5,
            "11": 6,
            "12": 2.5,
            "13": 1.5,
            "14": 1.75,
            "15": 2,
            "17": 1.5,
            "18": 5,
            "19": 1.75,
            "20": 1.5,
            "21": 2
        },
        "17": {
            "1": 1.5,
            "2": 2.25,
            "3": 2.5,
            "4": 5,
            "5": 7,
            "6": 3,
            "7": 2.5,
            "8": 2.5,
            "9": 3,