{
    "Ranking": "3 > 2 > 1 > 4 > 5 > 6",
    "Number Of Seats": 1,
    "Stats": {
        "3": 51.486111111111114,
        "2": 31.78166666666664,
        "1": 30.77249999999997,
        "4": 27.515277777777758,
        "5": 25.29499999999998,
        "6": 21.79944444444443
    }
}