{
    "Ranking": "3 > 2 > 1 > 4 > 5 > 6",
    "Number Of Seats": 1,
    "Stats": {
        "3": 51.486111111,
        "2": 31.781666667,
        "1": 30.7725,
        "4": 27.515277778,
        "5": 25.295,
        "6": 21.799444444
    }
}