{
    "Ranking": "4 > 6 > 9 > 5 > 2 > 1 > 8 > 13 > 3 > 10 > 7 > 12 > 11",
    "Number Of Seats": 3,
    "Stats": {
        "4": 231.524089631,
        "6": 169.745210945,
        "9": 168.673512988,
        "5": 139.42139809,
        "2": 130.688246864,
        "1": 128.728737251,
        "8": 116.908393217,
        "13": 113.576016548,
        "3": 110.070492382,
        "10": 107.238709497,
        "7": 103.013241581,
        "12": 99.007378184,
        "11": 98.676800595
    }
}