{
    "Ranking": "4 > 9 > 6 > 1 > 5 > 12 > 2 > 13 > 3 = 10 > 8 > 7 > 11",
    "Number Of Seats": 3,
    "Stats": {
        "1": {
            "2": 1.4741379310344827,
            "3": 1.6813186813186813,
            "4": 0,
            "5": 1.0724637681159421,
            "6": 0,
            "7": 2.0365853658536586,
            "8": 1.5841584158415842,
            "9": 0,
            "10": 1.6020408163265305,
            "11": 2.1805555555555554,
            "12": 2.847457627118644,
            "13": 1.3703703703703705
        },
        "2": {
            "1": 0,
            "3": 1.2244897959183674,
            "4": 0,
            "5": 0,
            "6": 0,
            "7": 1.457142857142857,
            "8": 1.1150442477876106,
            "9": 0,
            "10": 1.1203703703703705,
            "11": 1.5421686746987953,
            "12": 0,
            "13": 1.0727272727272728
        },
        "3": {
            "1": 0,
            "2": 0,
            "4": 0,
            "5": 0,
            "6": 0,
            "7": 1.1842105263157894,
            "8": 1.0404040404040404,
            "9": 0,
            "10": 0,
            "11": 1.3783783783783783,
            "12": 0,
            "13": 0
        },
        "4": {
            "1": 3.0113636363636362,
            "2": 2.9642857142857144,
            "3": 3.7222222222222223,
            "5": 2.2589285714285716,
            "6": 1.6122448979591837,
            "7": 4.17741935483871,
            "8": 2.9456521739130435,
            "9": 1.928,
            "10": 3.9411764705882355,
            "11": 4.21875,
            "12": 5.269230769230769,
            "13": 3
        },
        "5": {
            "1": 0,
            "2": 1.2100840336134453,
            "3": 1.5647058823529412,
            "4": 0,
            "6": 0,
            "7": 2.1527777777777777,
            "8": 1.5,
            "9": 0,
            "10": 1.5473684210526315,
            "11": 1.8831168831168832,
            "12": 1.3859649122807018,
            "13": 1.46875
        },
        "6": {
            "1": 1.206451612903226,
            "2": 1.6981132075471699,
            "3": 1.8936170212765957,
            "4": 0,
            "5": 1.20863309352518,
            "7": 2.7285714285714286,
            "8": 1.9438202247191012,
            "9": 0,
            "10": 2.076923076923077,
            "11": 2.7205882352941178,
            "12": 1.6964285714285714,
            "13": 1.8421052631578947
        },
        "7": {
            "1": 0,
            "2": 0,
            "3": 0,
            "4": 0,
            "5": 0,
            "6": 0,
            "8": 0,
            "9": 0,
            "10": 0,
            "11": 1.0235294117647058,
            "12": 0,
            "13": 0
        },
        "8": {
            "1": 0,
            "2": 0,
            "3": 0,
            "4": 0,
            "5": 0,
            "6": 0,
            "7": 1.2272727272727273,
            "9": 0,
            "10": 0,
            "11": 1.4305555555555556,
            "12": 0,
            "13": 0
        },
        "9": {
            "1": 2.5301204819277108,
            "2": 2.18,
            "3": 2.7439024390243905,
            "4": 0,
            "5": 1.6299212598425197,
            "6": 1.2662721893491125,
            "7": 3,
            "8": 2.662921348314607,
            "10": 2.316326530612245,
            "11": 3.4393939393939394,
            "12": 3.7142857142857144,
            "13": 2.5
        },
        "10": {
            "1": 0,
            "2": 0,
            "3": 0,
            "4": 0,
            "5": 0,
            "6": 0,
            "7": 1.103448275862069,
            "8": 1.0707070707070707,
            "9": 0,
            "11": 1.4861111111111112,
            "12": 0,
            "13": 0
        },
        "11": {
            "1": 0,
            "2": 0,
            "3": 0,
            "4": 0,
            "5": 0,
            "6": 0,
            "7": 0,
            "8": 0,
            "9": 0,
            "10": 0,
            "12": 0,
            "13": 0
        },
        "12": {
            "1": 0,
            "2": 1.007936507936508,
            "3": 1.1238095238095238,
            "4": 0,
            "5": 0,
            "6": 0,
            "7": 1.404494382022472,
            "8": 1.0884955752212389,
            "9": 0,
            "10": 1.045045045045045,
            "11": 1.4320987654320987,
            "13": 1.0884955752212389
        },
        "13": {
            "1": 0,
            "2": 0,
            "3": 1.105263157894737,
            "4": 0,
            "5": 0,
            "6": 0,
            "7": 1.4430379746835442,
            "8": 1.1485148514851484,
            "9": 0,
            "10": 1.029126213592233,
            "11": 1.4415584415584415,
            "12": 0
        }
    }
}