{
    "Ranking": "4 > 6 > 2 = 5 > 9 > 1 = 8 > 13 > 3 > 10 > 7 > 11 > 12",
    "Number Of Seats": 3,
    "Stats": {
        "1": {
            "4": 143.230769231,
            "6": 82.230769231,
            "2": 50.230769231,
            "5": 50.230769231,
            "9": 46.230769231,
            "1": 32.230769231,
            "8": 32.230769231,
            "13": 26.230769231,
            "3": 23.230769231,
            "10": 18.230769231,
            "7": 16.230769231,
            "11": 10.230769231,
            "12": 9.230769231
        }
    }
}