{
    "Ranking": "7 > 2 > 6 > 1 > 5 > 3 > 4",
    "Number Of Seats": 1,
    "Stats": {
        "1": {
            "2": 1.3043478260869565,
            "3": 1.3043478260869565,
            "4": 2.3157894736842106,
            "5": 1.3043478260869565,
            "6": 1.3043478260869565,
            "7": 1.3043478260869565
        },
        "2": {
            "1": 2.1379310344827585,
            "3": 1.7727272727272727,
            "4": 2.533333333333333,
            "5": 2.0952380952380953,
            "6": 2.1379310344827585,
            "7": 1.3125
        },
        "3": {
            "1": 1.1333333333333333,
            "2": 1.1333333333333333,
            "4": 2.764705882352941,
            "5": 1.1333333333333333,
            "6": 1.1333333333333333,
            "7": 1.1333333333333333
        },
        "4": {
            "1": 0,
            "2": 0,
            "3": 0,
            "5": 0,
            "6": 0,
            "7": 0
        },
        "5": {
            "1": 1.1578947368421053,
            "2": 1.1578947368421053,
            "3": 1.1578947368421053,
            "4": 1.5454545454545454,
            "6": 1.1578947368421053,
            "7": 1.1578947368421053
        },
        "6": {
            "1": 2.4761904761904763,
            "2": 1.3125,
            "3": 1.7142857142857142,
            "4": 2.4444444444444446,
            "5": 1.5833333333333333,
            "7": 1.3125
        },
        "7": {
            "1": 1.3333333333333333,
            "2": 1.3333333333333333,
            "3": 1.411764705882353,
            "4": 1.9166666666666667,
            "5": 1.3333333333333333,
            "6": 1.3333333333333333
        }
    }
}