{
    "Ranking": "4 > 6 > 5 > 2 > 3 > 10 > 7 > 8 > 1 > 9",
    "Number Of Seats": 9,
    "Stats": {
        "1": {
            "2": 0,
            "3": 0,
            "4": 0,
            "5": 0,
            "6": 0,
            "7": 0,
            "8": 0,
            "9": 1.2621951219512195,
            "10": 0
        },
        "2": {
            "1": 1.9411764705882353,
            "3": 1.025,
            "4": 0,
            "5": 0,
            "6": 0,
            "7": 1.193103448275862,
            "8": 1.5549738219895288,
            "9": 2.2196531791907512,
            "10": 1.0623052959501558
        },
        "3": {
            "1": 1.5085714285714287,
            "2": 0,
            "4": 0,
            "5": 0,
            "6": 0,
            "7": 1.4962406015037595,
            "8": 1.4097560975609755,
            "9": 2.391812865497076,
            "10": 1.1464968152866242
        },
        "4": {
            "1": 1.8647058823529412,
            "2": 1.3181818181818181,
            "3": 1.395973154362416,
            "5": 1.2837837837837838,
            "6": 1.15625,
            "7": 2.220720720720721,
            "8": 1.967914438502674,
            "9": 3.2482758620689656,
            "10": 1.6703296703296704
        },
        "5": {
            "1": 2.1870503597122304,
            "2": 1.0909090909090908,
            "3": 1.1258741258741258,
            "4": 0,
            "6": 0,
            "7": 1.4605809128630705,
            "8": 1.7839506172839505,
            "9": 2.472972972972973,
            "10": 1.3486590038314177
        },
        "6": {
            "1": 1.4782608695652173,
            "2": 1.13125,
            "3": 1.2724358974358974,
            "4": 0,
            "5": 1.0320512820512822,
            "7": 2.2093023255813953,
            "8": 1.7540106951871657,
            "9": 3.3142857142857145,
            "10": 1.6380597014925373
        },
        "7": {
            "1": 1.0972222222222223,
            "2": 0,
            "3": 0,
            "4": 0,
            "5": 0,
            "6": 0,
            "8": 1.2735849056603774,
            "9": 1.92964824120603,
            "10": 0
        },
        "8": {
            "1": 1.0972222222222223,
            "2": 0,
            "3": 0,
            "4": 0,
            "5": 0,
            "6": 0,
            "7": 0,
            "9": 1.416184971098266,
            "10": 0
        },
        "9": {
            "1": 0,
            "2": 0,
            "3": 0,
            "4": 0,
            "5": 0,
            "6": 0,
            "7": 0,
            "8": 0,
            "10": 0
        },
        "10": {
            "1": 1.1414634146341462,
            "2": 0,
            "3": 0,
            "4": 0,
            "5": 0,
            "6": 0,
            "7": 1.174917491749175,
            "8": 1.3317535545023698,
            "9": 2.108695652173913
        }
    }
}