{
    "Ranking": "1 > 3 > 4",
    "Number Of Seats": 3,
    "Stats": {
        "Votes Needed to Win": 13,
        "rounds": {
            "1": {
                "1": 23,
                "3": 18,
                "4": 5,
                "2": 3
            },
            "2": {
                "4": 13.707729475,
                "2": 6.285024157
            }
        }
    }
}