{
    "Ranking": "1 > 3 > 4 > 2",
    "Number Of Seats": 3,
    "Stats": {
        "1": 34.4375,
        "3": 30.993055556,
        "4": 21.173611111,
        "2": 17.5625
    }
}