{
    "Ranking": "9 > 4 > 3 > 13 > 15 > 8 > 10 > 11 > 7 > 16 > 1 > 5 > 14 > 12 > 17 > 6 > 2",
    "Number Of Seats": 2,
    "Stats": {
        "9": 28.948593762,
        "4": 23.901437808,
        "3": 23.074052437,
        "13": 21.057164544,
        "15": 20.14294954,
        "8": 16.783049291,
        "10": 15.174624628,
        "11": 15.069082719,
        "7": 14.948896178,
        "16": 14.658532079,
        "1": 14.227943707,
        "5": 13.002531569,
        "14": 10.607703566,
        "12": 10.507627193,
        "17": 10.188565445,
        "6": 9.93171353,
        "2": 9.500181296
    }
}