{
    "Ranking": "J > B > A > L > F > E > I > K > H > D > M > G > C",
    "Number Of Seats": 8,
    "Stats": {
        "J": 240.730627706,
        "B": 226.591919192,
        "A": 200.993831169,
        "L": 176.984018759,
        "F": 175.802453102,
        "E": 162.595093795,
        "I": 152.051479076,
        "K": 138.378210678,
        "H": 137.34491342,
        "D": 134.937590188,
        "M": 118.257611833,
        "G": 108.897546898,
        "C": 103.79491342
    }
}