{
    "Ranking": "A > J > B > F > D > K > H > L > I > C > G > E > M",
    "Number Of Seats": 8,
    "Stats": {
        "A": {
            "B": 1.0521739130434782,
            "C": 1.33,
            "D": 1.4259259259259258,
            "E": 1.2834645669291338,
            "F": 1.3174603174603174,
            "G": 1.6111111111111112,
            "H": 1.5754716981132075,
            "I": 1.5056179775280898,
            "J": 1.0680272108843538,
            "K": 1.5178571428571428,
            "L": 1.2201834862385321,
            "M": 1.3695652173913044
        },
        "B": {
            "A": 0,
            "C": 2.3417721518987342,
            "D": 1.7472527472527473,
            "E": 1.656,
            "F": 1.0932203389830508,
            "G": 1.278688524590164,
            "H": 1.2564102564102564,
            "I": 1.6330935251798562,
            "J": 0,
            "K": 1.4741379310344827,
            "L": 1.448051948051948,
            "M": 1.3936170212765957
        },
        "C": {
            "A": 0,
            "B": 0,
            "D": 1.0842105263157895,
            "E": 1.1568627450980393,
            "F": 0,
            "G": 1.1568627450980393,
            "H": 1.1568627450980393,
            "I": 1.1568627450980393,
            "J": 0,
            "K": 1.0977443609022557,
            "L": 1.1568627450980393,
            "M": 1.1568627450980393
        },
        "D": {
            "A": 0,
            "B": 0,
            "C": 1.1801801801801801,
            "E": 1.1801801801801801,
            "F": 0,
            "G": 1.1568627450980393,
            "H": 1.1568627450980393,
            "I": 1.1801801801801801,
            "J": 0,
            "K": 1.0977443609022557,
            "L": 1.1568627450980393,
            "M": 1.2708333333333333
        },
        "E": {
            "A": 0,
            "B": 0,
            "C": 1.1386861313868613,
            "D": 1.0842105263157895,
            "F": 0,
            "G": 1.1386861313868613,
            "H": 1.1386861313868613,
            "I": 1.1386861313868613,
            "J": 0,
            "K": 1.0977443609022557,
            "L": 1.1386861313868613,
            "M": 1.1386861313868613
        },
        "F": {
            "A": 0,
            "B": 0,
            "C": 1.3294117647058823,
            "D": 1.1788617886178863,
            "E": 1.2834645669291338,
            "G": 1.5,
            "H": 1.6990291262135921,
            "I": 1.3173076923076923,
            "J": 0,
            "K": 1.3359375,
            "L": 1.1984126984126984,
            "M": 1.3173076923076923
        },
        "G": {
            "A": 0,
            "B": 0,
            "C": 1.15625,
            "D": 1.0842105263157895,
            "E": 1.15625,
            "F": 0,
            "H": 1.15625,
            "I": 1.15625,
            "J": 0,
            "K": 1.0977443609022557,
            "L": 1.15625,
            "M": 1.15625
        },
        "H": {
            "A": 0,
            "B": 0,
            "C": 1.2521008403361344,
            "D": 1.0842105263157895,
            "E": 1.2521008403361344,
            "F": 0,
            "G": 1.1908396946564885,
            "I": 1.2521008403361344,
            "J": 0,
            "K": 1.0977443609022557,
            "L": 1.1984126984126984,
            "M": 1.2521008403361344
        },
        "I": {
            "A": 0,
            "B": 0,
            "C": 1.33,
            "D": 1.0842105263157895,
            "E": 1.2834645669291338,
            "F": 0,
            "G": 1.1568627450980393,
            "H": 1.1568627450980393,
            "J": 0,
            "K": 1.0977443609022557,
            "L": 1.1568627450980393,
            "M": 1.3404255319148937
        },
        "J": {
            "A": 0,
            "B": 1.0118343195266273,
            "C": 1.6020408163265305,
            "D": 1.45,
            "E": 1.5068493150684932,
            "F": 1.0657894736842106,
            "G": 1.694915254237288,
            "H": 1.728,
            "I": 1.5,
            "K": 1.7272727272727273,
            "L": 1.4295774647887325,
            "M": 1.4230769230769231
        },
        "K": {
            "A": 0,
            "B": 0,
            "C": 1.153225806451613,
            "D": 1.0842105263157895,
            "E": 1.153225806451613,
            "F": 0,
            "G": 1.153225806451613,
            "H": 1.153225806451613,
            "I": 1.153225806451613,
            "J": 0,
            "L": 1.153225806451613,
            "M": 1.153225806451613
        },
        "L": {
            "A": 0,
            "B": 0,
            "C": 1.33,
            "D": 1.0842105263157895,
            "E": 1.3622047244094488,
            "F": 0,
            "G": 1.1908396946564885,
            "H": 1.1568627450980393,
            "I": 1.3594771241830066,
            "J": 0,
            "K": 1.0977443609022557,
            "M": 1.372340425531915
        },
        "M": {
            "A": 0,
            "B": 0,
            "C": 1.0252100840336134,
            "D": 1.0252100840336134,
            "E": 1.0252100840336134,
            "F": 0,
            "G": 1.0252100840336134,
            "H": 1.0252100840336134,
            "I": 1.0252100840336134,
            "J": 0,
            "K": 1.0252100840336134,
            "L": 1.0252100840336134
        }
    }
}