{
    "Ranking": "J > A > B > F > L > E > D > H > I",
    "Number Of Seats": 8,
    "Stats": {
        "votes_needed_to_win": 97,
        "rounds": {
            "1": {
                "J": 128,
                "A": 122,
                "B": 120,
                "L": 77,
                "F": 76,
                "I": 60,
                "E": 59,
                "M": 56,
                "D": 55,
                "K": 42,
                "H": 41,
                "C": 31,
                "G": 0
            },
            "2": {
                "F": 89.549214491,
                "L": 89.105899946,
                "I": 66.372336073,
                "E": 64.551963801,
                "D": 61.352937164,
                "M": 60.282223364,
                "K": 49.345705265,
                "H": 49.282283131,
                "C": 38.623027671,
                "G": 4.09836066
            },
            "3": {
                "F": 89.959050557,
                "L": 89.310817979,
                "I": 66.372336073,
                "E": 64.756881834,
                "D": 61.967691263,
                "M": 60.487141397,
                "K": 50.37029543,
                "H": 50.101955263,
                "C": 39.032863737
            },
            "4": {
                "F": 94.40615609,
                "L": 93.37019298,
                "E": 77.426613736,
                "I": 68.755669407,
                "D": 66.016299529,
                "M": 64.678808064,
                "H": 54.225102463,
                "K": 52.046337097
            },
            "5": {
                "F": 102.672933755,
                "L": 99.876673514,
                "E": 85.344842903,
                "D": 79.908598028,
                "I": 72.828295774,
                "M": 66.125913597,
                "H": 60.324231562
            },
            "6": {
                "E": 93.79318486,
                "D": 87.940130564,
                "I": 85.429221915,
                "H": 75.833781503,
                "M": 69.130210902
            },
            "7": {
                "E": 119.414954499,
                "D": 98.206908229,
                "I": 91.870144135,
                "H": 90.752582734
            },
            "8": {
                "H": 138.661467543,
                "I": 114.373588775
            }
        }
    }
}