{
    "Ranking": "7 > 6 > 2 > 11 > 5 > 10 > 9 > 4 > 12 > 8 > 3 > 14 > 13 > 1",
    "Number Of Seats": 10,
    "Stats": {
        "7": 83.290909106,
        "6": 72.976711214,
        "2": 52.243842233,
        "11": 46.268588196,
        "5": 42.937222923,
        "10": 42.467698998,
        "9": 37.496055667,
        "4": 34.196670171,
        "12": 33.550379611,
        "8": 32.51746655,
        "3": 31.885767572,
        "14": 31.554402199,
        "13": 29.352770735,
        "1": 24.297420584
    }
}