{
    "Ranking": "10 > 14 > 2 > 17 > 12 > 5 > 9 > 8 > 3 > 4 > 11 > 1 > 7 > 16 > 6 > 13 > 15",
    "Number Of Seats": 2,
    "Stats": {
        "1": {
            "2": 0,
            "3": 0,
            "4": 0,
            "5": 0,
            "6": 1.3,
            "7": 1.3,
            "8": 0,
            "9": 0,
            "10": 0,
            "11": 0,
            "12": 0,
            "13": 2.3333333333333335,
            "14": 0,
            "15": 1.3333333333333333,
            "16": 1.1111111111111112,
            "17": 0
        },
        "2": {
            "1": 3.625,
            "3": 2.1538461538461537,
            "4": 4.333333333333333,
            "5": 2.272727272727273,
            "6": 30,
            "7": 3.857142857142857,
            "8": 2.5,
            "9": 1.8461538461538463,
            "10": 0,
            "11": 7.25,
            "12": 4,
            "13": 4.833333333333333,
            "14": 0,
            "15": 5.2,
            "16": 28,
            "17": 1.1904761904761905
        },
        "3": {
            "1": 1.1428571428571428,
            "2": 0,
            "4": 1.1428571428571428,
            "5": 1.0769230769230769,
            "6": 1.5,
            "7": 1.4166666666666667,
            "8": 1.0833333333333333,
            "9": 1.0769230769230769,
            "10": 0,
            "11": 1.1428571428571428,
            "12": 1.0625,
            "13": 3,
            "14": 0,
            "15": 1.9,
            "16": 1.4545454545454546,
            "17": 0
        },
        "4": {
            "1": 1.1818181818181819,
            "2": 0,
            "3": 1.0833333333333333,
            "5": 1.0769230769230769,
            "6": 2.8,
            "7": 1.3333333333333333,
            "8": 1.0833333333333333,
            "9": 1.0769230769230769,
            "10": 0,
            "11": 1.7142857142857142,
            "12": 1.0625,
            "13": 1.7142857142857142,
            "14": 0,
            "15": 2.6,
            "16": 1.5,
            "17": 0
        },
        "5": {
            "1": 1.4545454545454546,
            "2": 0,
            "3": 1.0833333333333333,
            "4": 1.5555555555555556,
            "6": 3,
            "7": 2.1666666666666665,
            "8": 1.0833333333333333,
            "9": 1.625,
            "10": 0,
            "11": 1.5555555555555556,
            "12": 1.0625,
            "13": 2.142857142857143,
            "14": 0,
            "15": 1.75,
            "16": 2,
            "17": 0
        },
        "6": {
            "1": 0,
            "2": 0,
            "3": 0,
            "4": 0,
            "5": 0,
            "7": 0,
            "8": 0,
            "9": 0,
            "10": 0,
            "11": 0,
            "12": 0,
            "13": 1.25,
            "14": 0,
            "15": 1.25,
            "16": 0,
            "17": 0
        },
        "7": {
            "1": 1.1,
            "2": 0,
            "3": 0,
            "4": 0,
            "5": 0,
            "6": 2,
            "8": 0,
            "9": 0,
            "10": 0,
            "11": 0,
            "12": 0,
            "13": 1.25,
            "14": 0,
            "15": 1.5,
            "16": 1.1111111111111112,
            "17": 0
        },
        "8": {
            "1": 1.4166666666666667,
            "2": 0,
            "3": 1.2857142857142858,
            "4": 1.1428571428571428,
            "5": 1.0769230769230769,
            "6": 2,
            "7": 1.4,
            "9": 1.0769230769230769,
            "10": 0,
            "11": 1.3636363636363635,
            "12": 1.0625,
            "13": 1.8888888888888888,
            "14": 0,
            "15": 3.6,
            "16": 1.5,
            "17": 0
        },
        "9": {
            "1": 1.4545454545454546,
            "2": 0,
            "3": 1.0833333333333333,
            "4": 1.5555555555555556,
            "5": 1.0769230769230769,
            "6": 2,
            "7": 1.5,
            "8": 1.0833333333333333,
            "10": 0,
            "11": 1.5555555555555556,
            "12": 1.0625,
            "13": 2.2857142857142856,
            "14": 0,
            "15": 2.4285714285714284,
            "16": 1.5555555555555556,
            "17": 0
        },
        "10": {
            "1": 5.111111111111111,
            "2": 2.176470588235294,
            "3": 3.142857142857143,
            "4": 7.666666666666667,
            "5": 6.285714285714286,
            "6": 11.25,
            "7": 9,
            "8": 4.888888888888889,
            "9": 4.666666666666667,
            "11": 7.666666666666667,
            "12": 9.2,
            "13": 5.625,
            "14": 3.5,
            "15": 6.285714285714286,
            "16": 7.333333333333333,
            "17": 4.4
        },
        "11": {
            "1": 1.1818181818181819,
            "2": 0,
            "3": 0,
            "4": 0,
            "5": 0,
            "6": 2.8,
            "7": 1.3333333333333333,
            "8": 0,
            "9": 0,
            "10": 0,
            "12": 0,
            "13": 1.75,
            "14": 0,
            "15": 1.3333333333333333,
            "16": 1.5,
            "17": 0
        },
        "12": {
            "1": 1.4166666666666667,
            "2": 0,
            "3": 1.2857142857142858,
            "4": 1.1666666666666667,
            "5": 1.0769230769230769,
            "6": 2.5,
            "7": 1.6666666666666667,
            "8": 1.6363636363636365,
            "9": 1.1666666666666667,
            "10": 0,
            "11": 1.3636363636363635,
            "13": 2.5714285714285716,
            "14": 0,
            "15": 3,
            "16": 2.6666666666666665,
            "17": 0
        },
        "13": {
            "1": 0,
            "2": 0,
            "3": 0,
            "4": 0,
            "5": 0,
            "6": 0,
            "7": 0,
            "8": 0,
            "9": 0,
            "10": 0,
            "11": 0,
            "12": 0,
            "14": 0,
            "15": 1.3333333333333333,
            "16": 0,
            "17": 0
        },
        "14": {
            "1": 2.5,
            "2": 1.1428571428571428,
            "3": 1.875,
            "4": 3.625,
            "5": 4.285714285714286,
            "6": 4,
            "7": 4.833333333333333,
            "8": 2.4166666666666665,
            "9": 3.5,
            "10": 0,
            "11": 2.9,
            "12": 2.3333333333333335,
            "13": 3.2222222222222223,
            "15": 5.333333333333333,
            "16": 3.111111111111111,
            "17": 2.25
        },
        "15": {
            "1": 0,
            "2": 0,
            "3": 0,
            "4": 0,
            "5": 0,
            "6": 0,
            "7": 0,
            "8": 0,
            "9": 0,
            "10": 0,
            "11": 0,
            "12": 0,
            "13": 0,
            "14": 0,
            "16": 0,
            "17": 0
        },
        "16": {
            "1": 1.1,
            "2": 0,
            "3": 0,
            "4": 0,
            "5": 0,
            "6": 1.8,
            "7": 1.1,
            "8": 0,
            "9": 0,
            "10": 0,
            "11": 0,
            "12": 0,
            "13": 1.25,
            "14": 0,
            "15": 1.25,
            "17": 0
        },
        "17": {
            "1": 2.0833333333333335,
            "2": 0,
            "3": 1.2857142857142858,
            "4": 2.7777777777777777,
            "5": 2.1,
            "6": 3.5714285714285716,
            "7": 2.875,
            "8": 1.9230769230769231,
            "9": 2.2,
            "10": 0,
            "11": 2.7777777777777777,
            "12": 2.272727272727273,
            "13": 2.4,
            "14": 0,
            "15": 2.888888888888889,
            "16": 2.7777777777777777
        }
    }
}