{
    "Ranking": "4 > 9 > 6 > 3 > 1 > 2 > 5 > 13 > 11 > 7 > 8 = 10 > 12",
    "Number Of Seats": 3,
    "Stats": {
        "1": {
            "2": 1.9090909090909092,
            "3": 1.2352941176470589,
            "4": 0,
            "5": 1.4444444444444444,
            "6": 1.1290322580645162,
            "7": 1.4666666666666666,
            "8": 1.3636363636363635,
            "9": 1.1176470588235294,
            "10": 1.5625,
            "11": 1.6666666666666667,
            "12": 6,
            "13": 1.3448275862068966
        },
        "2": {
            "1": 1.2592592592592593,
            "3": 1.2352941176470589,
            "4": 0,
            "5": 1.4444444444444444,
            "6": 1.1290322580645162,
            "7": 1.4444444444444444,
            "8": 1.3636363636363635,
            "9": 1.1176470588235294,
            "10": 1.5625,
            "11": 1.6666666666666667,
            "12": 1.588235294117647,
            "13": 1.3448275862068966
        },
        "3": {
            "1": 1.25,
            "2": 1.25,
            "4": 0,
            "5": 1.25,
            "6": 1.1290322580645162,
            "7": 1.3076923076923077,
            "8": 1.8125,
            "9": 1.1176470588235294,
            "10": 1.5833333333333333,
            "11": 1.411764705882353,
            "12": 1.7857142857142858,
            "13": 1.25
        },
        "4": {
            "1": 3.6153846153846154,
            "2": 1.9090909090909092,
            "3": 2.0434782608695654,
            "5": 1.5263157894736843,
            "6": 1.1290322580645162,
            "7": 1.5263157894736843,
            "8": 2.54,
            "9": 2.54,
            "10": 2.8260869565217392,
            "11": 1.6666666666666667,
            "12": 5.352941176470588,
            "13": 1.6666666666666667
        },
        "5": {
            "1": 1.2592592592592593,
            "2": 1.2592592592592593,
            "3": 1.2352941176470589,
            "4": 0,
            "6": 1.1290322580645162,
            "7": 2.1333333333333333,
            "8": 1.3448275862068966,
            "9": 1.1176470588235294,
            "10": 2.1333333333333333,
            "11": 1.2592592592592593,
            "12": 2.4166666666666665,
            "13": 1.3448275862068966
        },
        "6": {
            "1": 1.6875,
            "2": 1.6875,
            "3": 1.2352941176470589,
            "4": 0,
            "5": 1.4444444444444444,
            "7": 2.8333333333333335,
            "8": 1.4210526315789473,
            "9": 1.1176470588235294,
            "10": 3,
            "11": 1.6666666666666667,
            "12": 2.3846153846153846,
            "13": 1.4285714285714286
        },
        "7": {
            "1": 1.1,
            "2": 1.1,
            "3": 1.1,
            "4": 0,
            "5": 1.1,
            "6": 1.1,
            "8": 1.25,
            "9": 1.1,
            "10": 2.176470588235294,
            "11": 1.1,
            "12": 1.25,
            "13": 1.1
        },
        "8": {
            "1": 1.1,
            "2": 1.1,
            "3": 1.1,
            "4": 0,
            "5": 1.1,
            "6": 1.1,
            "7": 1.1,
            "9": 1.1,
            "10": 1.1,
            "11": 1.1,
            "12": 1.368421052631579,
            "13": 1.1
        },
        "9": {
            "1": 2.357142857142857,
            "2": 1.9090909090909092,
            "3": 1.3703703703703705,
            "4": 0,
            "5": 1.4444444444444444,
            "6": 1.1290322580645162,
            "7": 1.4666666666666666,
            "8": 2.6,
            "10": 1.5625,
            "11": 1.6666666666666667,
            "12": 4.444444444444445,
            "13": 1.6666666666666667
        },
        "10": {
            "1": 1.1,
            "2": 1.1,
            "3": 1.1,
            "4": 0,
            "5": 1.1,
            "6": 1.1,
            "7": 1.1,
            "8": 1.1,
            "9": 1.1,
            "11": 1.1,
            "12": 1.2272727272727273,
            "13": 1.1
        },
        "11": {
            "1": 1.1904761904761905,
            "2": 1.1904761904761905,
            "3": 1.1904761904761905,
            "4": 0,
            "5": 1.1904761904761905,
            "6": 1.1290322580645162,
            "7": 1.3076923076923077,
            "8": 1.25,
            "9": 1.1176470588235294,
            "10": 1.3076923076923077,
            "12": 1.588235294117647,
            "13": 1.1904761904761905
        },
        "12": {
            "1": 1.1,
            "2": 1.1,
            "3": 1.1,
            "4": 0,
            "5": 1.1,
            "6": 1.1,
            "7": 1.1,
            "8": 1.1,
            "9": 1.1,
            "10": 1.1,
            "11": 1.1,
            "13": 1.1
        },
        "13": {
            "1": 1.2592592592592593,
            "2": 1.2592592592592593,
            "3": 1.2352941176470589,
            "4": 0,
            "5": 1.2592592592592593,
            "6": 1.1290322580645162,
            "7": 1.2592592592592593,
            "8": 1.4210526315789473,
            "9": 1.1176470588235294,
            "10": 1.2592592592592593,
            "11": 1.2592592592592593,
            "12": 1.368421052631579
        }
    }
}