{
    "Ranking": "4 > 9 > 6 > 5 > 1 > 2 > 8 > 13 > 3 > 10 > 12 > 7 > 11",
    "Number Of Seats": 3,
    "Stats": {
        "4": 195.126226551,
        "9": 127.307251082,
        "6": 124.556060606,
        "5": 88.544227994,
        "1": 78.541341991,
        "2": 76.177380952,
        "8": 60.937373737,
        "13": 57.663961039,
        "3": 51.920310245,
        "10": 50.820670996,
        "12": 44.236183261,
        "7": 43.106168831,
        "11": 38.345743146
    }
}