{
    "Ranking": "4 > 6 > 9",
    "Number Of Seats": 3,
    "Stats": {
        "Votes Needed to Win": 136,
        "rounds": {
            "1": {
                "4": 143,
                "6": 82,
                "2": 50,
                "5": 50,
                "9": 46,
                "1": 32,
                "8": 32,
                "13": 26,
                "3": 23,
                "10": 18,
                "7": 16,
                "11": 10,
                "12": 9
            },
            "2": {
                "6": 82.587412588,
                "5": 50.440559441,
                "2": 50.195804196,
                "9": 49.867132871,
                "8": 32.293706294,
                "1": 32,
                "13": 26.244755245,
                "3": 23.195804196,
                "10": 18.538461539,
                "7": 16.342657343,
                "11": 10.048951049,
                "12": 9.048951049
            },
            "3": {
                "6": 85.587412588,
                "9": 50.867132871,
                "5": 50.48951049,
                "2": 50.195804196,
                "8": 33.293706294,
                "1": 32,
                "13": 26.244755245,
                "3": 23.195804196,
                "10": 18.538461539,
                "7": 16.342657343,
                "11": 14.048951049
            },
            "4": {
                "6": 85.587412588,
                "9": 53.867132871,
                "5": 53.48951049,
                "2": 50.195804196,
                "8": 34.293706294,
                "1": 33,
                "13": 28.244755245,
                "3": 24.244755245,
                "10": 21.538461539,
                "7": 16.342657343
            },
            "5": {
                "6": 85.587412588,
                "9": 58.867132871,
                "2": 58.342657343,
                "5": 53.538461539,
                "8": 34.293706294,
                "1": 33,
                "13": 28.244755245,
                "3": 25.342657343,
                "10": 23.587412588
            },
            "6": {
                "6": 87.636363637,
                "9": 61.062937067,
                "2": 59.342657343,
                "5": 55.538461539,
                "8": 36.391608392,
                "1": 36.146853147,
                "13": 30.244755245,
                "3": 29.391608392
            },
            "7": {
                "6": 94.685314686,
                "9": 62.062937067,
                "5": 61.636363637,
                "2": 61.48951049,
                "8": 40.440559441,
                "1": 37.146853147,
                "13": 34.244755245
            },
            "8": {
                "6": 98.685314686,
                "9": 69.062937067,
                "5": 68.636363637,
                "2": 64.538461539,
                "8": 42.538461539,
                "1": 41.146853147
            },
            "9": {
                "6": 99.685314686,
                "9": 85.062937067,
                "5": 78.783216784,
                "2": 66.538461539,
                "8": 44.538461539
            },
            "10": {
                "6": 120.783216784,
                "9": 88.062937067,
                "5": 82.97902098,
                "2": 66.538461539
            },
            "11": {
                "6": 132.930069931,
                "9": 107.160839165,
                "5": 88.027972029
            },
            "12": {
                "6": 146.174825176,
                "9": 129.356643361
            },
            "13": {
                "9": 149.5345875
            }
        }
    }
}