{
    "Ranking": "1 > 10 > 8 > 4 > 3 > 2 > 7 > 11 > 9 > 6 > 5 > 12",
    "Number Of Seats": 11,
    "Stats": {
        "1": 1497.2887806637805,
        "10": 929.2863636363629,
        "8": 837.9806637806673,
        "4": 808.0439033189101,
        "3": 800.3679653679688,
        "2": 707.6978354978406,
        "7": 618.7745310245297,
        "11": 582.1164862914865,
        "9": 565.0639249639246,
        "6": 537.7123015873011,
        "5": 357.59361471861183,
        "12": 254.08048340548288
    }
}