{
    "Ranking": "1 > 8 > 10 > 4 > 2 > 3 > 11 > 7 > 6 > 9 > 5",
    "Number Of Seats": 11,
    "Stats": {
        "votes_needed_to_win": 286,
        "rounds": {
            "1": {
                "1": 891,
                "8": 394,
                "10": 373,
                "4": 300,
                "2": 286,
                "3": 286,
                "11": 235,
                "9": 165,
                "6": 154,
                "7": 151,
                "5": 115,
                "12": 69
            },
            "2": {
                "11": 400.933453747424,
                "7": 352.380321836787,
                "6": 287.334434146997,
                "9": 266.555783655167,
                "5": 196.786861056381,
                "12": 99.734388790518
            },
            "3": {
                "9": 476.463143839686,
                "5": 292.259830654951,
                "12": 157.265905224727
            }
        }
    }
}