{
    "Ranking": "1 > 10 > 8 > 4 > 3 > 2 > 7 > 11 > 9 > 6 > 5 > 12",
    "Number Of Seats": 11,
    "Stats": {
        "1": 1497.288780664,
        "10": 929.286363636,
        "8": 837.980663781,
        "4": 808.043903319,
        "3": 800.367965368,
        "2": 707.697835498,
        "7": 618.774531025,
        "11": 582.116486291,
        "9": 565.063924964,
        "6": 537.712301587,
        "5": 357.593614719,
        "12": 254.080483405
    }
}