{
    "Ranking": "1 > 10 > 3 > 4 > 8 > 2 > 7 > 6 > 9 > 11 > 5 > 12",
    "Number Of Seats": 11,
    "Stats": {
        "1": {
            "2": 2.2079566003616637,
            "3": 2.3781512605042017,
            "4": 2.359271523178808,
            "5": 3.79296875,
            "6": 2.935926773455378,
            "7": 2.875251509054326,
            "8": 1.9025487256371814,
            "9": 2.6108786610878663,
            "10": 1.988888888888889,
            "11": 2.850117096018735,
            "12": 5.160919540229885
        },
        "2": {
            "1": 0,
            "3": 1.0377833753148615,
            "4": 1.0377833753148615,
            "5": 2.053072625698324,
            "6": 1.5731497418244407,
            "7": 1.3896296296296295,
            "8": 1.0377833753148615,
            "9": 1.5836065573770493,
            "10": 0,
            "11": 1.3519458544839256,
            "12": 3.0632911392405062
        },
        "3": {
            "1": 0,
            "2": 1.0881612090680102,
            "4": 1.096551724137931,
            "5": 2.147945205479452,
            "6": 1.706840390879479,
            "7": 1.2620599739243807,
            "8": 1.0797619047619047,
            "9": 1.6231404958677687,
            "10": 0,
            "11": 1.4090909090909092,
            "12": 2.8803088803088803
        },
        "4": {
            "1": 0,
            "2": 1.0881612090680102,
            "3": 1.0377833753148615,
            "5": 2.1852861035422344,
            "6": 1.8696428571428572,
            "7": 1.4903314917127073,
            "8": 1.0797619047619047,
            "9": 1.6872964169381108,
            "10": 0,
            "11": 1.4138513513513513,
            "12": 3.1020408163265305
        },
        "5": {
            "1": 0,
            "2": 0,
            "3": 0,
            "4": 0,
            "6": 0,
            "7": 0,
            "8": 0,
            "9": 0,
            "10": 0,
            "11": 0,
            "12": 1.705223880597015
        },
        "6": {
            "1": 0,
            "2": 0,
            "3": 0,
            "4": 0,
            "5": 1.251984126984127,
            "7": 0,
            "8": 0,
            "9": 1.2817764165390506,
            "10": 0,
            "11": 1.2017241379310344,
            "12": 2.3333333333333335
        },
        "7": {
            "1": 0,
            "2": 1.01323706377858,
            "3": 1.01323706377858,
            "4": 1.01323706377858,
            "5": 1.5220264317180616,
            "6": 1.0551181102362204,
            "8": 1.01323706377858,
            "9": 1.5927750410509032,
            "10": 0,
            "11": 1.3519458544839256,
            "12": 3.0725806451612905
        },
        "8": {
            "1": 0,
            "2": 1.0403022670025188,
            "3": 1.0377833753148615,
            "4": 1.0377833753148615,
            "5": 1.6467780429594272,
            "6": 1.1781767955801106,
            "7": 1.0403022670025188,
            "9": 1.891588785046729,
            "10": 0,
            "11": 1.6053639846743295,
            "12": 3.267543859649123
        },
        "9": {
            "1": 0,
            "2": 0,
            "3": 0,
            "4": 0,
            "5": 1.251984126984127,
            "6": 0,
            "7": 0,
            "8": 0,
            "10": 0,
            "11": 1.2017241379310344,
            "12": 2.5622775800711746
        },
        "10": {
            "1": 0,
            "2": 1.1211717709720372,
            "3": 1.0793296089385476,
            "4": 1.0992108229988726,
            "5": 1.5810185185185186,
            "6": 1.3492753623188405,
            "7": 1.201995012468828,
            "8": 1.0797619047619047,
            "9": 1.3467261904761905,
            "11": 1.9628180039138943,
            "12": 2.9346938775510205
        },
        "11": {
            "1": 0,
            "2": 0,
            "3": 0,
            "4": 0,
            "5": 1.0617848970251715,
            "6": 0,
            "7": 0,
            "8": 0,
            "9": 0,
            "10": 0,
            "12": 2.257142857142857
        },
        "12": {
            "1": 0,
            "2": 0,
            "3": 0,
            "4": 0,
            "5": 0,
            "6": 0,
            "7": 0,
            "8": 0,
            "9": 0,
            "10": 0,
            "11": 0
        }
    }
}