{
    "Ranking": "3 > 1 > 4 > 2 > 5 > 6",
    "Number Of Seats": 1,
    "Stats": {
        "1": {
            "2": 1.6,
            "3": 0,
            "4": 1.6,
            "5": 1.5,
            "6": 5
        },
        "2": {
            "1": 1.2857142857142858,
            "3": 0,
            "4": 1.2857142857142858,
            "5": 1.5,
            "6": 3
        },
        "3": {
            "1": 2.2,
            "2": 1.6,
            "4": 1.6,
            "5": 2.6666666666666665,
            "6": 3
        },
        "4": {
            "1": 1.2857142857142858,
            "2": 2,
            "3": 0,
            "5": 1.5,
            "6": 2
        },
        "5": {
            "1": 1.2857142857142858,
            "2": 1.2857142857142858,
            "3": 0,
            "4": 1.2857142857142858,
            "6": 2
        },
        "6": {
            "1": 0,
            "2": 0,
            "3": 0,
            "4": 0,
            "5": 0
        }
    }
}