{
    "Ranking": "3 > 2 > 1 > 4 > 5 > 6",
    "Number Of Seats": 1,
    "Stats": {
        "3": 44.683333333,
        "2": 18.066666667,
        "1": 17.783333333,
        "4": 12.75,
        "5": 9.366666667,
        "6": 4.65
    }
}