{
    "Ranking": "3 > 2 > 1 > 4 > 5 > 6",
    "Number Of Seats": 1,
    "Stats": {
        "3": 44.68333333333334,
        "2": 18.066666666666666,
        "1": 17.78333333333333,
        "4": 12.750000000000002,
        "5": 9.366666666666667,
        "6": 4.65
    }
}