{
    "Ranking": "A > D > E > C > B",
    "Number Of Seats": 4,
    "Stats": {
        "A": 1531.399999999999,
        "D": 1495.899999999984,
        "E": 970.1333333333353,
        "C": 961.8000000000181,
        "B": 688.7166666666774
    }
}