{
    "Ranking": "A > D > E > C",
    "Number Of Seats": 4,
    "Stats": {
        "votes_needed_to_win": 558,
        "rounds": {
            "1": {
                "A": 980,
                "D": 833,
                "C": 420,
                "E": 399,
                "B": 153
            },
            "2": {
                "E": 644.548259303713,
                "C": 638.204561824721,
                "B": 290.292917166869
            }
        }
    }
}