{
    "Ranking": "A > D > C > E > B",
    "Number Of Seats": 4,
    "Stats": {
        "A": {
            "B": 3.163677130044843,
            "C": 1.819364161849711,
            "D": 1.1097560975609757,
            "E": 1.930576070901034
        },
        "B": {
            "A": 0,
            "C": 0,
            "D": 0,
            "E": 0
        },
        "C": {
            "A": 0,
            "B": 1.4420190995907232,
            "D": 0,
            "E": 1.0224215246636772
        },
        "D": {
            "A": 0,
            "B": 3.202672605790646,
            "C": 1.7795163584637268,
            "E": 2.0828220858895707
        },
        "E": {
            "A": 0,
            "B": 1.588235294117647,
            "C": 0,
            "D": 0
        }
    }
}