{
    "Ranking": "2 > 6 > 3 > 1 > 5 > 7 > 4",
    "Number Of Seats": 1,
    "Stats": {
        "2": 97.583333333,
        "6": 77.583333333,
        "3": 56.466666667,
        "1": 51.566666667,
        "5": 37.033333333,
        "7": 33.9,
        "4": 24.733333333
    }
}