{
    "Ranking": "2 > 6 > 3 > 1 > 5 > 7 > 4",
    "Number Of Seats": 1,
    "Stats": {
        "2": 97.58333333333334,
        "6": 77.58333333333336,
        "3": 56.46666666666671,
        "1": 51.56666666666669,
        "5": 37.033333333333324,
        "7": 33.89999999999999,
        "4": 24.733333333333324
    }
}