{
    "Ranking": "1 > 3 > 2 > 4",
    "Number Of Seats": 1,
    "Stats": {
        "1": {
            "2": 1.7054263565891472,
            "3": 1.4788732394366197,
            "4": 1.3841059602649006
        },
        "2": {
            "1": 0,
            "3": 0,
            "4": 1.0290697674418605
        },
        "3": {
            "1": 0,
            "2": 1.185897435897436,
            "4": 1.1614906832298137
        },
        "4": {
            "1": 0,
            "2": 0,
            "3": 0
        }
    }
}