{
    "Ranking": "1 > 4 > 2 > 3",
    "Number Of Seats": 1,
    "Stats": {
        "1": 235.47222222222265,
        "4": 191.25000000000017,
        "2": 177.72222222222229,
        "3": 172.63888888888903
    }
}