{
    "Ranking": "1 > 4 > 2 > 3",
    "Number Of Seats": 1,
    "Stats": {
        "1": 235.472222222,
        "4": 191.25,
        "2": 177.722222222,
        "3": 172.638888889
    }
}