{
    "Ranking": "6 > 12 > 7 > 14 > 11 > 1 = 4 > 3 > 8 > 5 > 9 > 13 > 2 > 10",
    "Number Of Seats": 1,
    "Stats": {
        "1": {
            "6": 147.285714286,
            "12": 146.285714286,
            "7": 72.285714286,
            "14": 50.285714286,
            "11": 42.285714286,
            "1": 33.285714286,
            "4": 33.285714286,
            "3": 31.285714286,
            "8": 25.285714286,
            "5": 23.285714286,
            "9": 20.285714286,
            "13": 18.285714286,
            "2": 11.285714286,
            "10": 10.285714286
        }
    }
}