{
    "Ranking": "6 > 12 > 7 > 14 > 11 > 1 = 4 > 3 > 8 > 5 > 9 > 13 > 2 > 10",
    "Number Of Seats": 1,
    "Stats": {
        "1": {
            "6": 147.28571428571433,
            "12": 146.28571428571433,
            "7": 72.28571428571428,
            "14": 50.285714285714285,
            "11": 42.28571428571428,
            "1": 33.28571428571428,
            "4": 33.28571428571428,
            "3": 31.28571428571429,
            "8": 25.28571428571429,
            "5": 23.28571428571429,
            "9": 20.28571428571429,
            "13": 18.28571428571429,
            "2": 11.285714285714285,
            "10": 10.285714285714285
        },
        "2": {
            "6": 336,
            "12": 329
        }
    }
}