{
    "Ranking": "12 > 6 > 7 > 14 > 11 > 1 > 4 > 3 > 8 > 13 > 9 > 5 > 10 > 2",
    "Number Of Seats": 1,
    "Stats": {
        "12": 264.00711911008466,
        "6": 263.41493214651564,
        "7": 198.5804948013679,
        "14": 173.25502229051182,
        "11": 153.39655770330498,
        "1": 140.42439985936838,
        "4": 136.9250840437876,
        "3": 128.3647521207899,
        "8": 126.78650067624353,
        "13": 124.04165635680226,
        "9": 120.5895295396392,
        "5": 117.97946664688423,
        "10": 108.20827339596816,
        "2": 106.31515847267198
    }
}