{
    "Ranking": "4 > 3 > 5 > 1 > 2",
    "Number Of Seats": 1,
    "Stats": {
        "4": 74.58333333333331,
        "3": 55.75000000000003,
        "5": 41.49999999999999,
        "1": 28.33333333333333,
        "2": 27.66666666666667
    }
}