{
    "Ranking": "4 > 3 > 5 > 1 > 2",
    "Number Of Seats": 1,
    "Stats": {
        "4": 74.583333333,
        "3": 55.75,
        "5": 41.5,
        "1": 28.333333333,
        "2": 27.666666667
    }
}