{
    "Ranking": "4 > 3 > 5 > 1 > 2",
    "Number Of Seats": 1,
    "Stats": {
        "1": {
            "2": 1.5833333333333333,
            "3": 1.1333333333333333,
            "4": 0,
            "5": 1.1333333333333333
        },
        "2": {
            "1": 0,
            "3": 0,
            "4": 0,
            "5": 0
        },
        "3": {
            "1": 1.1875,
            "2": 1.3125,
            "4": 0,
            "5": 1.3125
        },
        "4": {
            "1": 1.8461538461538463,
            "2": 2.5454545454545454,
            "3": 1.1333333333333333,
            "5": 2.3333333333333335
        },
        "5": {
            "1": 1.1875,
            "2": 3.090909090909091,
            "3": 1.1333333333333333,
            "4": 0
        }
    }
}