{
    "Ranking": "4 > 5 > 1 > 3 > 6 > 2",
    "Number Of Seats": 3,
    "Stats": {
        "4": 22.516666667,
        "5": 17.65,
        "1": 15.216666667,
        "3": 11.55,
        "6": 11.15,
        "2": 4.4
    }
}