{
    "Ranking": "4 > 5 > 1",
    "Number Of Seats": 3,
    "Stats": {
        "votes_needed_to_win": 11,
        "rounds": {
            "1": {
                "4": 17,
                "1": 9,
                "5": 6,
                "6": 5,
                "2": 2,
                "3": 2
            },
            "2": {
                "1": 10.058823529412,
                "5": 8.823529411765,
                "6": 5,
                "3": 3.764705882353,
                "2": 2.352941176471
            },
            "3": {
                "1": 10.058823529412,
                "5": 8.823529411765,
                "6": 5,
                "3": 4.117647058824
            },
            "4": {
                "5": 11.588235294118,
                "1": 10.411764705882,
                "6": 5
            },
            "5": {
                "1": 10.513287548522,
                "6": 8.925052254404
            },
            "6": {
                "1": 16.732457449985
            }
        }
    }
}