{
    "Ranking": "4 > 5 > 1 > 3 > 6 > 2",
    "Number Of Seats": 3,
    "Stats": {
        "4": 22.51666666666666,
        "5": 17.649999999999995,
        "1": 15.216666666666667,
        "3": 11.55,
        "6": 11.150000000000002,
        "2": 4.400000000000001
    }
}