{
    "Ranking": "4 > 5 > 6 > 1 > 3 > 2",
    "Number Of Seats": 3,
    "Stats": {
        "1": {
            "2": 2.5,
            "3": 3.25,
            "4": 0,
            "5": 1.1666666666666667,
            "6": 1.1666666666666667
        },
        "2": {
            "1": 0,
            "3": 0,
            "4": 0,
            "5": 0,
            "6": 0
        },
        "3": {
            "1": 1.1666666666666667,
            "2": 2,
            "4": 0,
            "5": 1.1666666666666667,
            "6": 1.1666666666666667
        },
        "4": {
            "1": 1.5,
            "2": 9,
            "3": 2.8333333333333335,
            "5": 1.9090909090909092,
            "6": 1.6666666666666667
        },
        "5": {
            "1": 1.5,
            "2": 9,
            "3": 1.5,
            "4": 0,
            "6": 1.6666666666666667
        },
        "6": {
            "1": 1.5,
            "2": 10,
            "3": 1.5,
            "4": 0,
            "5": 1.1666666666666667
        }
    }
}