{
    "Ranking": "F > E > A > Q > K > B > I > J > N > P > D > H > M > O > C > L > G",
    "Number Of Seats": 5,
    "Stats": {
        "F": 84.527256096,
        "E": 50.886664585,
        "A": 44.424613518,
        "Q": 38.303353124,
        "K": 38.201714265,
        "B": 37.258106436,
        "I": 36.993200179,
        "J": 35.955622111,
        "N": 35.704162763,
        "P": 32.22764341,
        "D": 30.637348454,
        "H": 27.077886241,
        "M": 25.044306784,
        "O": 23.069171243,
        "C": 22.114141817,
        "L": 22.029624001,
        "G": 20.906428959
    }
}