{
    "Ranking": "Branden Robinson > Anthony Towns > Matthew Garrett > Andreas Schuldei > None of the Above > Angus Lees > Jonathan Walther",
    "Number Of Seats": 1,
    "Stats": {
        "Branden Robinson": 253.8859126984125,
        "Anthony Towns": 250.9374603174604,
        "Matthew Garrett": 244.71027777777786,
        "Andreas Schuldei": 210.08452380952372,
        "None of the Above": 128.72555555555564,
        "Angus Lees": 124.48444444444445,
        "Jonathan Walther": 93.97182539682514
    }
}