{
    "Ranking": "Branden Robinson > Matthew Garrett > Anthony Towns > Andreas Schuldei > None of the Above > Angus Lees > Jonathan Walther",
    "Number Of Seats": 1,
    "Stats": {
        "Branden Robinson": 258.478611111111,
        "Matthew Garrett": 250.49742063492084,
        "Anthony Towns": 249.377896825397,
        "Andreas Schuldei": 201.1534920634921,
        "None of the Above": 127.57317460317478,
        "Angus Lees": 121.86472222222244,
        "Jonathan Walther": 97.85468253968233
    }
}