{
    "Ranking": "Branden Robinson > Anthony Towns > Matthew Garrett > Andreas Schuldei > Angus Lees > None of the Above > Jonathan Walther",
    "Number Of Seats": 1,
    "Stats": {
        "Jonathan Walther": {
            "Matthew Garrett": 0,
            "Branden Robinson": 0,
            "Anthony Towns": 0,
            "Angus Lees": 0,
            "Andreas Schuldei": 0,
            "None of the Above": 0
        },
        "Matthew Garrett": {
            "Jonathan Walther": 21.88888888888889,
            "Branden Robinson": 0,
            "Anthony Towns": 0,
            "Angus Lees": 5.833333333333333,
            "Andreas Schuldei": 1.345945945945946,
            "None of the Above": 5.12
        },
        "Branden Robinson": {
            "Jonathan Walther": 12.727272727272727,
            "Matthew Garrett": 1.1272727272727272,
            "Anthony Towns": 1.1036036036036037,
            "Angus Lees": 3.705263157894737,
            "Andreas Schuldei": 1.326086956521739,
            "None of the Above": 3.514018691588785
        },
        "Anthony Towns": {
            "Jonathan Walther": 24.444444444444443,
            "Matthew Garrett": 1.1040723981900453,
            "Branden Robinson": 0,
            "Angus Lees": 4.6875,
            "Andreas Schuldei": 1.346938775510204,
            "None of the Above": 3.8613861386138613
        },
        "Angus Lees": {
            "Jonathan Walther": 6.038461538461538,
            "Matthew Garrett": 0,
            "Branden Robinson": 0,
            "Anthony Towns": 0,
            "Andreas Schuldei": 0,
            "None of the Above": 1.4184782608695652
        },
        "Andreas Schuldei": {
            "Jonathan Walther": 9.692307692307692,
            "Matthew Garrett": 0,
            "Branden Robinson": 0,
            "Anthony Towns": 0,
            "Angus Lees": 3.101010101010101,
            "None of the Above": 2.8833333333333333
        },
        "None of the Above": {
            "Jonathan Walther": 3.0089285714285716,
            "Matthew Garrett": 0,
            "Branden Robinson": 0,
            "Anthony Towns": 0,
            "Angus Lees": 0,
            "Andreas Schuldei": 0
        }
    }
}