{
    "Ranking": "9 > 5 > 8 > 3 > 6 > 2 > 7 > 1 > 4",
    "Number Of Seats": 5,
    "Stats": {
        "9": 136.916666667,
        "5": 81.785714286,
        "8": 80.508333333,
        "3": 79.923809524,
        "6": 67.608333333,
        "2": 66.578571429,
        "7": 60.454761905,
        "1": 60.019047619,
        "4": 54.621428571
    }
}