{
    "Ranking": "Steve McIntyre > Stefano Zacchiroli > None Of The Above",
    "Number Of Seats": 1,
    "Stats": {
        "1": {
            "Steve McIntyre": 194.33333333333334,
            "Stefano Zacchiroli": 150.83333333333331,
            "None Of The Above": 15.833333333333332
        }
    }
}