{
    "Ranking": "Steve McIntyre > Stefano Zacchiroli > None Of The Above",
    "Number Of Seats": 1,
    "Stats": {
        "Steve McIntyre": 270.44444444444446,
        "Stefano Zacchiroli": 246.77777777777783,
        "None Of The Above": 99.61111111111087
    }
}