{
    "Ranking": "4 > 3 > 5 > 6 > 2 > 1 > 8 > 9 > 7",
    "Number Of Seats": 2,
    "Stats": {
        "4": 162.7956202758882,
        "3": 158.79314909297057,
        "5": 130.45911659108103,
        "6": 114.54532312925178,
        "2": 112.04991165910823,
        "1": 104.18606906651569,
        "8": 96.64096230158746,
        "9": 91.90595143613008,
        "7": 78.17111866969027
    }
}