{
    "Ranking": "4 > 5 > 1 > 6 > 3 > 2",
    "Number Of Seats": 3,
    "Stats": {
        "4": 24.754722222,
        "5": 19.133888889,
        "1": 18.671388889,
        "6": 15.299166667,
        "3": 14.643888889,
        "2": 10.396944444
    }
}