{
    "Ranking": "6 > 4 > 5 > 7 > 2 > 3 > 1",
    "Number Of Seats": 4,
    "Stats": {
        "1": {
            "6": 188.571428571,
            "4": 141.571428571,
            "5": 101.571428571,
            "7": 93.571428571,
            "2": 76.571428571,
            "3": 57.571428571,
            "1": 34.571428571
        }
    }
}