{
    "Ranking": "6 > 4 > 5 > 7 > 2 > 3 > 1",
    "Number Of Seats": 4,
    "Stats": {
        "1": {
            "6": 188.57142857142853,
            "4": 141.57142857142853,
            "5": 101.57142857142853,
            "7": 93.57142857142853,
            "2": 76.57142857142853,
            "3": 57.571428571428605,
            "1": 34.571428571428605
        }
    }
}