{
    "Ranking": "6 > 4 > 2 > 5 > 7",
    "Number Of Seats": 4,
    "Stats": {
        "votes_needed_to_win": 139,
        "rounds": {
            "1": {
                "6": 187,
                "4": 140,
                "5": 100,
                "7": 92,
                "2": 75,
                "3": 56,
                "1": 33
            },
            "2": {
                "5": 105.911344537815,
                "7": 100.107219251337,
                "2": 78.736440030558,
                "1": 59.752788388083,
                "3": 59.415469824293
            },
            "3": {
                "7": 108.135790679908,
                "5": 106.702826585179,
                "2": 98.763177998472,
                "1": 89.522841864018
            },
            "4": {
                "2": 141.094843391902,
                "7": 137.64576012223,
                "5": 113.462337662337
            },
            "5": {
                "5": 156.582256980615,
                "7": 155.076442769945
            }
        }
    }
}