{
    "Ranking": "6 > 4 > 5 > 1 > 7 > 2 > 3",
    "Number Of Seats": 4,
    "Stats": {
        "6": 336.96437074829953,
        "4": 291.3792120181397,
        "5": 252.37111678004524,
        "1": 250.17103741496612,
        "7": 244.8532993197273,
        "2": 224.61385487528318,
        "3": 199.08996598639425
    }
}