{
    "Ranking": "6 > 4 > 5 > 1 > 7 > 2 > 3",
    "Number Of Seats": 4,
    "Stats": {
        "6": 336.964370748,
        "4": 291.379212018,
        "5": 252.37111678,
        "1": 250.171037415,
        "7": 244.85329932,
        "2": 224.613854875,
        "3": 199.089965986
    }
}