{
    "Ranking": "A > D > C > B",
    "Number Of Seats": 2,
    "Stats": {
        "A": 258.66666666666697,
        "D": 243.33333333333343,
        "C": 216.6666666666669,
        "B": 178.33333333333348
    }
}