{
    "Ranking": "D > A > B > C",
    "Number Of Seats": 2,
    "Stats": {
        "A": {
            "B": 1.4545454545454546,
            "C": 1.5,
            "D": 0
        },
        "B": {
            "A": 0,
            "C": 1.2537313432835822,
            "D": 0
        },
        "C": {
            "A": 0,
            "B": 0,
            "D": 0
        },
        "D": {
            "A": 1.0449438202247192,
            "B": 1.161764705882353,
            "C": 1.3132530120481927
        }
    }
}