{
    "Ranking": "A > D > C > B",
    "Number Of Seats": 2,
    "Stats": {
        "A": 258.666666667,
        "D": 243.333333333,
        "C": 216.666666667,
        "B": 178.333333333
    }
}