{
    "Ranking": "5 > 4 > 7 > 3 > 1 > 2 > 9 > 10 > 6 > 8",
    "Number Of Seats": 6,
    "Stats": {
        "5": 286.876229529,
        "4": 237.315782943,
        "7": 219.717722978,
        "3": 197.016501323,
        "1": 195.934186036,
        "2": 195.635026612,
        "9": 171.141919564,
        "10": 159.987521259,
        "6": 155.427035462,
        "8": 134.569899691
    }
}