{
    "Ranking": "5 > 4 > 7 > 2 > 3 > 1",
    "Number Of Seats": 6,
    "Stats": {
        "votes_needed_to_win": 96,
        "rounds": {
            "1": {
                "5": 149,
                "4": 97,
                "7": 79,
                "1": 75,
                "2": 71,
                "3": 69,
                "10": 38,
                "6": 36,
                "9": 31,
                "8": 22
            },
            "2": {
                "7": 97.042966858092,
                "1": 80.093267833668,
                "2": 74.984916626306,
                "3": 74.928388569847,
                "10": 41.598284093268,
                "6": 40.727253857331,
                "9": 36.407735418252,
                "8": 25.273507230333
            },
            "3": {
                "1": 81.330588740765,
                "3": 77.254756717487,
                "2": 75.813671853782,
                "10": 43.073963866849,
                "6": 42.203810024167,
                "9": 40.544869480759,
                "8": 26.833414017228
            },
            "4": {
                "3": 84.018588898468,
                "1": 83.696602717102,
                "2": 78.180124026746,
                "10": 50.84810532618,
                "6": 44.91521942014,
                "9": 41.276897433433
            },
            "5": {
                "3": 89.427592774717,
                "2": 87.944394404354,
                "1": 86.795521039368,
                "10": 61.401208472071,
                "6": 54.127309176997
            },
            "6": {
                "2": 101.078622592274,
                "3": 94.494706868676,
                "1": 92.872944411678,
                "10": 83.031296793646
            },
            "7": {
                "3": 105.593503171808,
                "1": 99.965613563359,
                "10": 88.973182200393
            }
        }
    }
}