{
    "Ranking": "5 > 4 > 7 > 3 > 1 > 2 > 9 > 10 > 6 > 8",
    "Number Of Seats": 6,
    "Stats": {
        "5": 286.8762295288484,
        "4": 237.3157829428062,
        "7": 219.71772297807988,
        "3": 197.01650132275077,
        "1": 195.93418603552453,
        "2": 195.63502661249703,
        "9": 171.14191956412185,
        "10": 159.98752125850325,
        "6": 155.42703546233264,
        "8": 134.5698996913582
    }
}