{
    "Ranking": "1 > 10 > 8 > 4 > 3 > 2 > 7 > 11 > 9 > 6 > 5 > 12",
    "Number Of Seats": 11,
    "Stats": {
        "1": 1589.347902552,
        "10": 1060.930008228,
        "8": 997.304661495,
        "4": 957.977717114,
        "3": 948.592738577,
        "2": 888.977711,
        "7": 787.816666646,
        "11": 780.456808243,
        "9": 752.703231528,
        "6": 729.656012324,
        "5": 605.748438888,
        "12": 519.675044244
    }
}