{
    "Ranking": "1 > 10 > 3 > 4 > 8 > 2 > 7 > 6 > 9 > 11 > 5 > 12",
    "Number Of Seats": 11,
    "Stats": {
        "1": {
            "2": 2.7412935323383083,
            "3": 2.4210526315789473,
            "4": 2.441043083900227,
            "5": 6.2525,
            "6": 3.515151515151515,
            "7": 3.117241379310345,
            "8": 2.228144989339019,
            "9": 3.1348005502063274,
            "10": 2.0492957746478875,
            "11": 3.857615894039735,
            "12": 8.815699658703071
        },
        "2": {
            "1": 0,
            "3": 0,
            "4": 0,
            "5": 2.6210691823899372,
            "6": 1.403304178814383,
            "7": 1.1101973684210527,
            "8": 0,
            "9": 1.402378592666006,
            "10": 0,
            "11": 1.3530499075785583,
            "12": 3.8451612903225807
        },
        "3": {
            "1": 0,
            "2": 1.205523964256702,
            "4": 1.0628233555062823,
            "5": 3.3100511073253833,
            "6": 1.8927374301675977,
            "7": 1.2993254637436762,
            "8": 1.0960365853658536,
            "9": 1.715005035246727,
            "10": 0,
            "11": 1.741869918699187,
            "12": 4.604494382022472
        },
        "4": {
            "1": 0,
            "2": 1.3031869078380707,
            "3": 0,
            "5": 3.4094903339191562,
            "6": 1.9497767857142858,
            "7": 1.4725581395348837,
            "8": 1.1284615384615384,
            "9": 1.8029818956336527,
            "10": 0,
            "11": 1.7428861788617886,
            "12": 4.784222737819025
        },
        "5": {
            "1": 0,
            "2": 0,
            "3": 0,
            "4": 0,
            "6": 0,
            "7": 0,
            "8": 0,
            "9": 0,
            "10": 0,
            "11": 0,
            "12": 1.502724795640327
        },
        "6": {
            "1": 0,
            "2": 0,
            "3": 0,
            "4": 0,
            "5": 1.8535031847133758,
            "7": 0,
            "8": 0,
            "9": 1.133567662565905,
            "10": 0,
            "11": 1.17989417989418,
            "12": 3.1163227016885555
        },
        "7": {
            "1": 0,
            "2": 0,
            "3": 0,
            "4": 0,
            "5": 2.5,
            "6": 1.222124670763828,
            "8": 0,
            "9": 1.537313432835821,
            "10": 0,
            "11": 1.5293542074363993,
            "12": 4.442890442890443
        },
        "8": {
            "1": 0,
            "2": 1.1784820683903252,
            "3": 0,
            "4": 0,
            "5": 2.6255506607929515,
            "6": 1.3605504587155963,
            "7": 1.1101973684210527,
            "9": 1.7362409138110073,
            "10": 0,
            "11": 1.7141403865717193,
            "12": 4.437219730941704
        },
        "9": {
            "1": 0,
            "2": 0,
            "3": 0,
            "4": 0,
            "5": 1.9878378378378379,
            "6": 0,
            "7": 0,
            "8": 0,
            "10": 0,
            "11": 1.241103202846975,
            "12": 3.596602972399151
        },
        "10": {
            "1": 0,
            "2": 1.4158918005071852,
            "3": 1.1408345752608047,
            "4": 1.1554054054054055,
            "5": 2.8982558139534884,
            "6": 1.715415019762846,
            "7": 1.3647058823529412,
            "8": 1.177177177177177,
            "9": 1.639252336448598,
            "11": 2.3410757946210268,
            "12": 4.620762711864407
        },
        "11": {
            "1": 0,
            "2": 0,
            "3": 0,
            "4": 0,
            "5": 1.525909592061742,
            "6": 0,
            "7": 0,
            "8": 0,
            "9": 0,
            "10": 0,
            "12": 2.470219435736677
        },
        "12": {
            "1": 0,
            "2": 0,
            "3": 0,
            "4": 0,
            "5": 0,
            "6": 0,
            "7": 0,
            "8": 0,
            "9": 0,
            "10": 0,
            "11": 0
        }
    }
}