{
    "Ranking": "4 > 5",
    "Number Of Seats": 2,
    "Stats": {
        "votes_needed_to_win": 104,
        "rounds": {
            "1": {
                "4": 100,
                "5": 70,
                "2": 31,
                "9": 31,
                "8": 23,
                "3": 20,
                "7": 12,
                "6": 11,
                "1": 8
            },
            "2": {
                "4": 102,
                "5": 70,
                "9": 34,
                "2": 32,
                "8": 23,
                "3": 21,
                "7": 12,
                "6": 11
            },
            "3": {
                "4": 102,
                "5": 70,
                "2": 41,
                "9": 34,
                "8": 23,
                "3": 22,
                "7": 12
            },
            "4": {
                "4": 103,
                "5": 71,
                "2": 41,
                "9": 38,
                "8": 26,
                "3": 23
            },
            "5": {
                "4": 108,
                "5": 78,
                "2": 42,
                "9": 41,
                "8": 29
            },
            "6": {
                "5": 86.296296296296,
                "9": 42.148148148148,
                "2": 42,
                "8": 30.074074074074
            },
            "7": {
                "5": 90.37037037037,
                "9": 57.148148148148,
                "2": 45
            },
            "8": {
                "5": 101.37037037037,
                "9": 65.148148148148
            },
            "9": {
                "5": 122.407407407407
            }
        }
    }
}