{
    "Ranking": "4 > 5 > 9 > 2 > 8 > 3 > 7 > 6 > 1",
    "Number Of Seats": 2,
    "Stats": {
        "4": 139.58452381,
        "5": 131.825,
        "9": 58.548809524,
        "2": 51.270238095,
        "8": 44.110714286,
        "3": 39.132142857,
        "7": 35.132142857,
        "6": 31.95952381,
        "1": 26.839285714
    }
}