{
    "Ranking": "4 > 5 > 9 > 2 > 8 > 3 > 7 > 6 > 1",
    "Number Of Seats": 2,
    "Stats": {
        "4": 139.5845238095238,
        "5": 131.82500000000002,
        "9": 58.54880952380952,
        "2": 51.270238095238106,
        "8": 44.110714285714295,
        "3": 39.13214285714289,
        "7": 35.13214285714286,
        "6": 31.959523809523795,
        "1": 26.839285714285694
    }
}