{
    "Ranking": "1 > 6 > 3 > 5 > 4 > 2",
    "Number Of Seats": 1,
    "Stats": {
        "1": {
            "2": 3.962962962962963,
            "3": 2.25,
            "4": 1.92,
            "5": 1.8235294117647058,
            "6": 1.411764705882353
        },
        "2": {
            "1": 0,
            "3": 0,
            "4": 0,
            "5": 0,
            "6": 0
        },
        "3": {
            "1": 0,
            "2": 1.7560975609756098,
            "4": 1.0634920634920635,
            "5": 1.0634920634920635,
            "6": 0
        },
        "4": {
            "1": 0,
            "2": 1.775,
            "3": 1.0491803278688525,
            "5": 1.0491803278688525,
            "6": 0
        },
        "5": {
            "1": 0,
            "2": 1.8717948717948718,
            "3": 1.0491803278688525,
            "4": 1.0806451612903225,
            "6": 0
        },
        "6": {
            "1": 0,
            "2": 2.3513513513513513,
            "3": 1.2857142857142858,
            "4": 1.1363636363636365,
            "5": 1.2419354838709677
        }
    }
}