{
    "Ranking": "1 > 5 > 4 > 6 > 2 > 3",
    "Number Of Seats": 1,
    "Stats": {
        "1": {
            "2": 3.5555555555555554,
            "3": 2.823529411764706,
            "4": 1.95,
            "5": 1.391304347826087,
            "6": 1.65
        },
        "2": {
            "1": 0,
            "3": 1.1111111111111112,
            "4": 0,
            "5": 0,
            "6": 0
        },
        "3": {
            "1": 0,
            "2": 0,
            "4": 0,
            "5": 0,
            "6": 0
        },
        "4": {
            "1": 0,
            "2": 1.1304347826086956,
            "3": 1.24,
            "5": 0,
            "6": 1.1304347826086956
        },
        "5": {
            "1": 0,
            "2": 2,
            "3": 1.25,
            "4": 1.6875,
            "6": 1.1428571428571428
        },
        "6": {
            "1": 0,
            "2": 1.5714285714285714,
            "3": 1.45,
            "4": 0,
            "5": 0
        }
    }
}