{
    "Ranking": "9 > 13 > 11 > 20 > 19 > 10 > 6 > 25 = 26 > 1 = 3 = 12 = 21 > 2 = 4 = 5 = 7 = 8 = 16 > 14 = 15 = 17 = 18 = 22 = 24 > 23",
    "Number Of Seats": 2,
    "Stats": {
        "1": {
            "11": 14,
            "9": 12,
            "13": 12,
            "20": 9,
            "19": 8,
            "10": 6,
            "6": 5,
            "25": 4,
            "26": 4,
            "1": 3,
            "3": 3,
            "12": 3,
            "21": 3,
            "2": 2,
            "4": 2,
            "5": 2,
            "7": 2,
            "8": 2,
            "16": 2,
            "14": 1,
            "15": 1,
            "17": 1,
            "18": 1,
            "22": 1,
            "24": 1,
            "23": 0
        },
        "2": {
            "9": 38.66666666666668,
            "13": 33.666666666666664,
            "11": 31.66666666666665
        }
    }
}