{
    "Ranking": "13 > 11 > 9 > 20 > 19 > 10 > 7 > 6 > 25 > 21 > 3 > 26 > 12 > 22 > 24 > 5 > 1 > 14 > 15 > 8 > 2 > 4 > 16 > 18 > 17 > 23",
    "Number Of Seats": 2,
    "Stats": {
        "13": 27.259303486962427,
        "11": 27.248359874469543,
        "9": 26.121950506902817,
        "20": 25.859527247425245,
        "19": 20.300658837760714,
        "10": 16.064520591033418,
        "7": 15.943934555105278,
        "6": 15.837169189058901,
        "25": 15.546333465169887,
        "21": 14.814299480478907,
        "3": 14.615420508104341,
        "26": 14.283523095053607,
        "12": 13.868571072728562,
        "22": 13.594517739094826,
        "24": 13.07639733171118,
        "5": 12.615009831433763,
        "1": 12.277385397097014,
        "14": 12.222198565408446,
        "15": 12.071848235939818,
        "8": 11.916901550490099,
        "2": 11.714847894938217,
        "4": 11.654064886901768,
        "16": 11.650342315006844,
        "18": 11.007210323267158,
        "17": 10.250173863696974,
        "23": 9.045180641125203
    }
}