{
    "Ranking": "5 > 3 > 7 > 21 > 22 > 26 > 17 > 27 > 15 > 24 > 9 > 14 > 11 > 20 > 6 > 19 > 29 > 4 > 28 > 16 > 23 > 18 > 2 > 1 > 8 > 13 > 12 > 10 > 25",
    "Number Of Seats": 2,
    "Stats": {
        "5": 21.261843079,
        "3": 20.451009541,
        "7": 18.859359873,
        "21": 16.503635278,
        "22": 15.759264374,
        "26": 15.547496701,
        "17": 15.040324645,
        "27": 14.781469232,
        "15": 13.564324145,
        "24": 12.999040547,
        "9": 12.816466101,
        "14": 12.731434788,
        "11": 12.135829033,
        "20": 12.013325924,
        "6": 11.585835993,
        "19": 11.546691618,
        "29": 11.378752267,
        "4": 11.357652586,
        "28": 11.140559784,
        "16": 11.139844243,
        "23": 10.262880962,
        "18": 9.818626825,
        "2": 9.497606061,
        "1": 8.944292442,
        "8": 8.240792075,
        "13": 8.120824213,
        "12": 8.010448997,
        "10": 7.967512591,
        "25": 7.03335166
    }
}