{
    "Ranking": "5 > 4 > 7 > 3 > 1 > 2 > 9 > 10 > 6 > 8",
    "Number Of Seats": 6,
    "Stats": {
        "5": 257.3607142857143,
        "4": 199.22619047619048,
        "7": 179.35952380952386,
        "3": 147.831746031746,
        "1": 146.05634920634907,
        "2": 146.05436507936514,
        "9": 125.06349206349212,
        "10": 106.19722222222227,
        "6": 98.62301587301589,
        "8": 70.73055555555561
    }
}