{
    "Ranking": "5 > 4 > 7 > 2 > 3 > 1",
    "Number Of Seats": 6,
    "Stats": {
        "votes_needed_to_win": 96,
        "rounds": {
            "1": {
                "5": 149,
                "4": 97,
                "7": 79,
                "1": 75,
                "2": 71,
                "3": 69,
                "10": 38,
                "6": 36,
                "9": 31,
                "8": 22
            },
            "2": {
                "7": 97.04296685,
                "1": 80.09326783,
                "2": 74.984916624,
                "3": 74.928388562,
                "10": 41.598284092,
                "6": 40.727253854,
                "9": 36.407735416,
                "8": 25.273507228
            },
            "3": {
                "1": 81.330588736,
                "3": 77.254756709,
                "2": 75.813671851,
                "10": 43.073963865,
                "6": 42.203810021,
                "9": 40.544869478,
                "8": 26.833414013
            },
            "4": {
                "3": 84.018588889,
                "1": 83.696602712,
                "2": 78.180124024,
                "10": 50.848105323,
                "6": 44.915219417,
                "9": 41.27689743
            },
            "5": {
                "3": 89.427592765,
                "2": 87.944394401,
                "1": 86.795521034,
                "10": 61.401208468,
                "6": 54.127309174
            },
            "6": {
                "2": 101.078622589,
                "3": 94.494706859,
                "1": 92.872944406,
                "10": 83.031296788
            },
            "7": {
                "3": 105.593503168,
                "1": 99.965613559,
                "10": 88.973182198
            }
        }
    }
}