{
    "Ranking": "5 > 1 > 3 > 4 > 9 > 6 > 8 > 2 > 7",
    "Number Of Seats": 3,
    "Stats": {
        "1": {
            "2": 2.8125,
            "3": 1.1081081081081081,
            "4": 1.5714285714285714,
            "5": 0,
            "6": 1.4285714285714286,
            "7": 4.083333333333333,
            "8": 2.473684210526316,
            "9": 1.375
        },
        "2": {
            "1": 0,
            "3": 0,
            "4": 0,
            "5": 0,
            "6": 0,
            "7": 1.5333333333333334,
            "8": 0,
            "9": 0
        },
        "3": {
            "1": 0,
            "2": 3.2142857142857144,
            "4": 1.4642857142857142,
            "5": 0,
            "6": 1.206896551724138,
            "7": 4.181818181818182,
            "8": 1.7826086956521738,
            "9": 1.2580645161290323
        },
        "4": {
            "1": 0,
            "2": 2.75,
            "3": 0,
            "5": 0,
            "6": 1.206896551724138,
            "7": 4.2,
            "8": 3.142857142857143,
            "9": 1.1176470588235294
        },
        "5": {
            "1": 1.2058823529411764,
            "2": 3.375,
            "3": 1.2,
            "4": 1.3,
            "6": 1.2258064516129032,
            "7": 3.4285714285714284,
            "8": 3.066666666666667,
            "9": 1.6206896551724137
        },
        "6": {
            "1": 0,
            "2": 1.8,
            "3": 0,
            "4": 0,
            "5": 0,
            "7": 3.4545454545454546,
            "8": 1.4782608695652173,
            "9": 0
        },
        "7": {
            "1": 0,
            "2": 0,
            "3": 0,
            "4": 0,
            "5": 0,
            "6": 0,
            "8": 0,
            "9": 0
        },
        "8": {
            "1": 0,
            "2": 1.3181818181818181,
            "3": 0,
            "4": 0,
            "5": 0,
            "6": 0,
            "7": 2.1538461538461537,
            "9": 0
        },
        "9": {
            "1": 0,
            "2": 3.066666666666667,
            "3": 0,
            "4": 0,
            "5": 0,
            "6": 1.1612903225806452,
            "7": 3.8333333333333335,
            "8": 1.9565217391304348
        }
    }
}