{
    "Ranking": "3 > 5 > 1 > 6 > 9 > 4 > 8 > 2 > 7",
    "Number Of Seats": 3,
    "Stats": {
        "3": 34.17981623204837,
        "5": 33.22494661753591,
        "1": 31.431249527588797,
        "6": 29.13486536281179,
        "9": 28.207260015117146,
        "4": 27.481254251700673,
        "8": 21.187848167044578,
        "2": 20.52068546863189,
        "7": 17.92334419879061
    }
}