{
    "Ranking": "1 > 5 > 3 > 2 > 6 > 7 > 4",
    "Number Of Seats": 5,
    "Stats": {
        "1": {
            "2": 2.2884615384615383,
            "3": 2.3934426229508197,
            "4": 2.4893617021276597,
            "5": 2.3333333333333335,
            "6": 2.7708333333333335,
            "7": 2.4791666666666665
        },
        "2": {
            "1": 0,
            "3": 0,
            "4": 1.490909090909091,
            "5": 0,
            "6": 1.0142857142857142,
            "7": 1.1194029850746268
        },
        "3": {
            "1": 0,
            "2": 1.036144578313253,
            "4": 1.6935483870967742,
            "5": 0,
            "6": 1.1071428571428572,
            "7": 1.3194444444444444
        },
        "4": {
            "1": 0,
            "2": 0,
            "3": 0,
            "5": 0,
            "6": 0,
            "7": 0
        },
        "5": {
            "1": 0,
            "2": 1.546875,
            "3": 1.5789473684210527,
            "4": 1.9259259259259258,
            "6": 1.588235294117647,
            "7": 1.53125
        },
        "6": {
            "1": 0,
            "2": 0,
            "3": 0,
            "4": 1.5454545454545454,
            "5": 0,
            "7": 1.5
        },
        "7": {
            "1": 0,
            "2": 0,
            "3": 0,
            "4": 1.0769230769230769,
            "5": 0,
            "6": 0
        }
    }
}