{
    "Ranking": "1 > 5 > 3 > 6 > 2 > 7 > 4",
    "Number Of Seats": 5,
    "Stats": {
        "1": 146.96666666666658,
        "5": 100.99999999999994,
        "3": 91.23333333333343,
        "6": 75.50000000000013,
        "2": 74.73333333333335,
        "7": 71.56666666666669,
        "4": 64.26666666666668
    }
}