{
    "Ranking": "Jonathan Carter > Sruthi Chandran > Brian Gupta > None Of The Above",
    "Number Of Seats": 1,
    "Stats": {
        "Jonathan Carter": 278.69444444444446,
        "Sruthi Chandran": 164.68055555555566,
        "Brian Gupta": 142.8472222222222,
        "None Of The Above": 120.02777777777771
    }
}