{
    "Ranking": "12 > 7 > 20 > 18 > 9 > 8 > 11 > 13 > 2 > 10 > 3 > 17 > 19 > 14 > 16 > 4 > 1 > 6 > 21 > 15 > 5",
    "Number Of Seats": 2,
    "Stats": {
        "1": {
            "2": 0,
            "3": 0,
            "4": 0,
            "5": 2.25,
            "6": 1.125,
            "7": 0,
            "8": 0,
            "9": 0,
            "10": 0,
            "11": 0,
            "12": 0,
            "13": 0,
            "14": 0,
            "15": 2,
            "16": 0,
            "17": 0,
            "18": 0,
            "19": 0,
            "20": 0,
            "21": 1.125
        },
        "2": {
            "1": 1.8571428571428572,
            "3": 1.25,
            "4": 2.142857142857143,
            "5": 5,
            "6": 2,
            "7": 0,
            "8": 1.1428571428571428,
            "9": 1.1176470588235294,
            "10": 1.2727272727272727,
            "11": 1.1428571428571428,
            "12": 0,
            "13": 1.1818181818181819,
            "14": 1.5555555555555556,
            "15": 4,
            "16": 1.4,
            "17": 1.5714285714285714,
            "18": 0,
            "19": 1.3636363636363635,
            "20": 0,
            "21": 2.142857142857143
        },
        "3": {
            "1": 1.75,
            "2": 1.1666666666666667,
            "4": 1.6666666666666667,
            "5": 3,
            "6": 8.5,
            "7": 0,
            "8": 1.1428571428571428,
            "9": 1.1176470588235294,
            "10": 1.1666666666666667,
            "11": 1.1428571428571428,
            "12": 0,
            "13": 1.1666666666666667,
            "14": 1.4444444444444444,
            "15": 2.142857142857143,
            "16": 1.3333333333333333,
            "17": 1.1666666666666667,
            "18": 0,
            "19": 1.4444444444444444,
            "20": 0,
            "21": 2
        },
        "4": {
            "1": 1.125,
            "2": 0,
            "3": 0,
            "5": 2,
            "6": 1.125,
            "7": 0,
            "8": 0,
            "9": 0,
            "10": 0,
            "11": 0,
            "12": 0,
            "13": 0,
            "14": 0,
            "15": 1.6666666666666667,
            "16": 0,
            "17": 0,
            "18": 0,
            "19": 0,
            "20": 0,
            "21": 1.125
        },
        "5": {
            "1": 0,
            "2": 0,
            "3": 0,
            "4": 0,
            "6": 0,
            "7": 0,
            "8": 0,
            "9": 0,
            "10": 0,
            "11": 0,
            "12": 0,
            "13": 0,
            "14": 0,
            "15": 0,
            "16": 0,
            "17": 0,
            "18": 0,
            "19": 0,
            "20": 0,
            "21": 0
        },
        "6": {
            "1": 0,
            "2": 0,
            "3": 0,
            "4": 0,
            "5": 1.5,
            "7": 0,
            "8": 0,
            "9": 0,
            "10": 0,
            "11": 0,
            "12": 0,
            "13": 0,
            "14": 0,
            "15": 1.4285714285714286,
            "16": 0,
            "17": 0,
            "18": 0,
            "19": 0,
            "20": 0,
            "21": 1.25
        },
        "7": {
            "1": 3.142857142857143,
            "2": 2,
            "3": 1.7857142857142858,
            "4": 3,
            "5": 6.5,
            "6": 3.25,
            "8": 1.6,
            "9": 1.4375,
            "10": 2.625,
            "11": 1.6,
            "12": 0,
            "13": 1.2857142857142858,
            "14": 2.6,
            "15": 3.7142857142857144,
            "16": 2.6666666666666665,
            "17": 1.75,
            "18": 1.1666666666666667,
            "19": 2.3636363636363638,
            "20": 1.5,
            "21": 3.7142857142857144
        },
        "8": {
            "1": 2.25,
            "2": 1.1818181818181819,
            "3": 1.1818181818181819,
            "4": 2,
            "5": 6.666666666666667,
            "6": 1.7777777777777777,
            "7": 0,
            "9": 1.1176470588235294,
            "10": 1.2307692307692308,
            "11": 1.1764705882352942,
            "12": 0,
            "13": 1.1818181818181819,
            "14": 3.6,
            "15": 3.3333333333333335,
            "16": 1.5833333333333333,
            "17": 1.2307692307692308,
            "18": 0,
            "19": 2,
            "20": 0,
            "21": 2.7142857142857144
        },
        "9": {
            "1": 2.5714285714285716,
            "2": 1.1818181818181819,
            "3": 1.1818181818181819,
            "4": 3.2,
            "5": 4.75,
            "6": 2.125,
            "7": 0,
            "8": 1.1428571428571428,
            "10": 1.2,
            "11": 1.2,
            "12": 0,
            "13": 1.1818181818181819,
            "14": 1.4166666666666667,
            "15": 3.6,
            "16": 1.5555555555555556,
            "17": 1.2307692307692308,
            "18": 0,
            "19": 1.3846153846153846,
            "20": 0,
            "21": 2.375
        },
        "10": {
            "1": 1.6666666666666667,
            "2": 1.1818181818181819,
            "3": 1.1818181818181819,
            "4": 1.5,
            "5": 7.5,
            "6": 2,
            "7": 0,
            "8": 1.1428571428571428,
            "9": 1.1176470588235294,
            "11": 1.1428571428571428,
            "12": 0,
            "13": 1.1818181818181819,
            "14": 1.1818181818181819,
            "15": 2.3333333333333335,
            "16": 1.5,
            "17": 1.1818181818181819,
            "18": 0,
            "19": 1.1818181818181819,
            "20": 0,
            "21": 2.3333333333333335
        },
        "11": {
            "1": 2,
            "2": 1.1818181818181819,
            "3": 1.1818181818181819,
            "4": 1.3333333333333333,
            "5": 3.6,
            "6": 1.5454545454545454,
            "7": 0,
            "8": 1.1428571428571428,
            "9": 1.1176470588235294,
            "10": 1.2142857142857142,
            "12": 0,
            "13": 1.1818181818181819,
            "14": 1.2142857142857142,
            "15": 2.25,
            "16": 1.2142857142857142,
            "17": 1.1818181818181819,
            "18": 0,
            "19": 1.1818181818181819,
            "20": 0,
            "21": 1.7
        },
        "12": {
            "1": 3.4444444444444446,
            "2": 2.142857142857143,
            "3": 3.1,
            "4": 3.875,
            "5": 8,
            "6": 5.5,
            "7": 1.2727272727272727,
            "8": 2.066666666666667,
            "9": 1.75,
            "10": 2.5833333333333335,
            "11": 2.076923076923077,
            "13": 1.9333333333333333,
            "14": 2.909090909090909,
            "15": 6.6,
            "16": 2.5,
            "17": 2.3076923076923075,
            "18": 1.6,
            "19": 3,
            "20": 1.5263157894736843,
            "21": 4
        },
        "13": {
            "1": 1.8571428571428572,
            "2": 1.7142857142857142,
            "3": 1.25,
            "4": 2.142857142857143,
            "5": 3.5,
            "6": 2.5,
            "7": 0,
            "8": 1.1428571428571428,
            "9": 1.1176470588235294,
            "10": 1.2727272727272727,
            "11": 1.1428571428571428,
            "12": 0,
            "14": 1.5555555555555556,
            "15": 4,
            "16": 1.4,
            "17": 2.1666666666666665,
            "18": 0,
            "19": 1.3636363636363635,
            "20": 0,
            "21": 2.5
        },
        "14": {
            "1": 1.7142857142857142,
            "2": 0,
            "3": 0,
            "4": 1.1,
            "5": 4.333333333333333,
            "6": 1.375,
            "7": 0,
            "8": 0,
            "9": 0,
            "10": 0,
            "11": 0,
            "12": 0,
            "13": 0,
            "15": 2.1666666666666665,