{
    "Ranking": "12 > 18 > 13 > 7 > 8 > 9 > 11 > 3 > 20 > 16 > 10 > 19 > 2 > 17 > 1 > 14 > 15 > 6 > 4 > 21 > 5",
    "Number Of Seats": 2,
    "Stats": {
        "12": 20.739694523,
        "18": 18.763177398,
        "13": 16.891597704,
        "7": 16.232873164,
        "8": 15.651550286,
        "9": 15.462065553,
        "11": 14.251800821,
        "3": 14.215593109,
        "20": 13.916275992,
        "16": 13.812956191,
        "10": 13.585627791,
        "19": 12.841926645,
        "2": 12.323411037,
        "17": 12.189156681,
        "1": 12.050092548,
        "14": 10.274552713,
        "15": 10.162713784,
        "6": 9.934119323,
        "4": 9.837275428,
        "21": 9.453728603,
        "5": 8.102430973
    }
}