{
    "Ranking": "12 > 18 > 13 > 7 > 8 > 9 > 11 > 3 > 20 > 16 > 10 > 19 > 2 > 17 > 1 > 14 > 15 > 6 > 4 > 21 > 5",
    "Number Of Seats": 2,
    "Stats": {
        "12": 20.73969452262198,
        "18": 18.763177398081552,
        "13": 16.891597703608465,
        "7": 16.23287316443069,
        "8": 15.651550285891364,
        "9": 15.462065553417382,
        "11": 14.251800820950097,
        "3": 14.215593109081386,
        "20": 13.916275991988577,
        "16": 13.812956190989118,
        "10": 13.585627790788793,
        "19": 12.841926645394148,
        "2": 12.323411036856282,
        "17": 12.189156680832946,
        "1": 12.050092548224491,
        "14": 10.274552712739533,
        "15": 10.1627137840377,
        "6": 9.934119323400306,
        "4": 9.837275427555694,
        "21": 9.453728602591687,
        "5": 8.102430973247941
    }
}