{
    "Ranking": "4 > 7 > 2 > 3 > 5 > 6 > 1",
    "Number Of Seats": 2,
    "Stats": {
        "1": {
            "2": 0,
            "3": 0,
            "4": 0,
            "5": 0,
            "6": 0,
            "7": 0
        },
        "2": {
            "1": 4.375,
            "3": 1.3333333333333333,
            "4": 0,
            "5": 1.65,
            "6": 2.4285714285714284,
            "7": 0
        },
        "3": {
            "1": 1.7647058823529411,
            "2": 0,
            "4": 0,
            "5": 1.3043478260869565,
            "6": 1.105263157894737,
            "7": 0
        },
        "4": {
            "1": 5.6,
            "2": 3.6,
            "3": 3.2941176470588234,
            "5": 4.384615384615385,
            "6": 5.454545454545454,
            "7": 2.3636363636363638
        },
        "5": {
            "1": 1.7857142857142858,
            "2": 0,
            "3": 0,
            "4": 0,
            "6": 1.105263157894737,
            "7": 0
        },
        "6": {
            "1": 1.2666666666666666,
            "2": 0,
            "3": 0,
            "4": 0,
            "5": 0,
            "7": 0
        },
        "7": {
            "1": 3.3333333333333335,
            "2": 1.096774193548387,
            "3": 1.3461538461538463,
            "4": 0,
            "5": 2.3125,
            "6": 2.375
        }
    }
}