{
    "Ranking": "4 > 7 > 2 > 3 > 6 > 5 > 1",
    "Number Of Seats": 2,
    "Stats": {
        "4": 53.42547619,
        "7": 31.066865079,
        "2": 28.188214286,
        "3": 26.64547619,
        "6": 21.821428571,
        "5": 21.453690476,
        "1": 19.641706349
    }
}