{
    "Ranking": "4 > 2 > 7 > 1 > 6 > 3 > 5",
    "Number Of Seats": 2,
    "Stats": {
        "1": {
            "2": 0,
            "3": 1.75,
            "4": 0,
            "5": 1.4285714285714286,
            "6": 1.6666666666666667,
            "7": 1.0909090909090908
        },
        "2": {
            "1": 2.1666666666666665,
            "3": 2.142857142857143,
            "4": 0,
            "5": 1.625,
            "6": 2.142857142857143,
            "7": 1.3
        },
        "3": {
            "1": 1.0909090909090908,
            "2": 0,
            "4": 0,
            "5": 1.4285714285714286,
            "6": 1.0909090909090908,
            "7": 1.0909090909090908
        },
        "4": {
            "1": 2.1666666666666665,
            "2": 2.6,
            "3": 2.5,
            "5": 2.857142857142857,
            "6": 4.5,
            "7": 2.0833333333333335
        },
        "5": {
            "1": 0,
            "2": 0,
            "3": 0,
            "4": 0,
            "6": 0,
            "7": 0
        },
        "6": {
            "1": 1.0909090909090908,
            "2": 0,
            "3": 2.2,
            "4": 0,
            "5": 1.4285714285714286,
            "7": 1.0909090909090908
        },
        "7": {
            "1": 1.2857142857142858,
            "2": 0,
            "3": 1.4444444444444444,
            "4": 0,
            "5": 1.7,
            "6": 1.4444444444444444
        }
    }
}