{
    "Ranking": "4 > 7 > 2 > 3 > 5 > 6 > 1",
    "Number Of Seats": 2,
    "Stats": {
        "4": 50.583333333333336,
        "7": 24.450000000000003,
        "2": 20.23333333333333,
        "3": 18.18333333333333,
        "5": 11.883333333333335,
        "6": 11.533333333333335,
        "1": 7.933333333333334
    }
}