{
    "Ranking": "4 > 7",
    "Number Of Seats": 2,
    "Stats": {
        "votes_needed_to_win": 27,
        "rounds": {
            "1": {
                "4": 43,
                "7": 11,
                "3": 9,
                "2": 7,
                "6": 4,
                "1": 2,
                "5": 2
            },
            "2": {
                "7": 15.46511627907,
                "2": 11.46511627907,
                "3": 10.488372093023,
                "6": 4.744186046512,
                "5": 3.488372093023,
                "1": 2.372093023256
            },
            "3": {
                "7": 15.46511627907,
                "2": 12.837209302326,
                "3": 11.488372093023,
                "6": 4.744186046512,
                "5": 3.488372093023
            },
            "4": {
                "7": 17.209302325581,
                "2": 13.581395348837,
                "3": 11.488372093023,
                "6": 5.744186046512
            },
            "5": {
                "7": 19.209302325581,
                "2": 13.953488372093,
                "3": 13.860465116279
            },
            "6": {
                "7": 24.581395348837,
                "2": 19.697674418605
            },
            "7": {
                "7": 33.186046511628
            }
        }
    }
}