{
    "Ranking": "1 > 10 > 8 > 4 > 3 > 2 > 7 > 11 > 9 > 6 > 5 > 12",
    "Number Of Seats": 11,
    "Stats": {
        "1": 1589.3479025515926,
        "10": 1060.9300082275042,
        "8": 997.3046614946164,
        "4": 957.9777171139447,
        "3": 948.5927385767646,
        "2": 888.9777109999261,
        "7": 787.8166666458454,
        "11": 780.456808242972,
        "9": 752.7032315280766,
        "6": 729.6560123238163,
        "5": 605.7484388879524,
        "12": 519.6750442439679
    }
}