{
    "Ranking": "9 > 5 > 8 > 3 > 6 > 2 > 7 > 1 > 4",
    "Number Of Seats": 5,
    "Stats": {
        "9": 143.9831448412699,
        "5": 93.93111678004553,
        "8": 92.6021990740741,
        "3": 89.77509212018138,
        "6": 79.75492205215431,
        "2": 77.80708002645511,
        "7": 73.9993664965987,
        "1": 72.41045918367357,
        "4": 67.84773053665926
    }
}