{
    "Ranking": "9 > 5 > 8 > 3 > 6 > 7",
    "Number Of Seats": 5,
    "Stats": {
        "votes_needed_to_win": 47,
        "rounds": {
            "1": {
                "9": 95,
                "5": 40,
                "8": 32,
                "3": 30,
                "6": 20,
                "2": 19,
                "7": 16,
                "1": 15,
                "4": 13
            },
            "2": {
                "5": 44.547368422,
                "3": 37.57894737,
                "8": 37.557894738,
                "6": 31.115789476,
                "7": 26.10526316,
                "1": 20.05263158,
                "2": 19.505263158,
                "4": 14.515789474
            },
            "3": {
                "5": 45.547368422,
                "8": 41.568421054,
                "3": 38.57894737,
                "6": 33.621052634,
                "7": 27.10526316,
                "2": 22.505263158,
                "1": 21.05263158
            },
            "4": {
                "5": 47.547368422,
                "8": 43.073684212,
                "3": 41.094736844,
                "6": 37.126315792,
                "7": 31.621052634,
                "2": 28.515789474
            },
            "5": {
                "3": 44.69111078,
                "8": 43.211829004,
                "6": 40.250977018,
                "7": 32.172364056,
                "2": 29.101637094
            },
            "6": {
                "8": 60.763140426,
                "3": 50.724661228,
                "6": 42.262489084,
                "7": 35.677627214
            },
            "7": {
                "6": 64.523515058,
                "7": 53.660500704
            }
        }
    }
}