{
    "Ranking": "9 > 5 > 8 > 3 > 6 > 2 > 7 > 1 > 4",
    "Number Of Seats": 5,
    "Stats": {
        "9": 143.983144841,
        "5": 93.93111678,
        "8": 92.602199074,
        "3": 89.77509212,
        "6": 79.754922052,
        "2": 77.807080026,
        "7": 73.999366497,
        "1": 72.410459184,
        "4": 67.847730537
    }
}