{
    "Ranking": "Ben Collins > Bdale Garbee > Branden Robinson > Anand Kumria > None Of The Above",
    "Number Of Seats": 1,
    "Stats": {
        "Ben Collins": 186.61666666666676,
        "Bdale Garbee": 167.9333333333334,
        "Branden Robinson": 164.4,
        "Anand Kumria": 57.08333333333341,
        "None Of The Above": 55.56666666666675
    }
}