{
    "Ranking": "9 > 1 > 6 > 10 > 5 > 4 > 8 > 3 > 7 > 2",
    "Number Of Seats": 5,
    "Stats": {
        "9": 120.055333207,
        "1": 100.594213593,
        "6": 92.633437736,
        "10": 89.109380669,
        "5": 89.055950649,
        "4": 86.914794659,
        "8": 83.959814342,
        "3": 79.491733434,
        "7": 77.783282785,
        "2": 64.950471624
    }
}