{
    "Ranking": "5 > 2 > 3",
    "Number Of Seats": 3,
    "Stats": {
        "Votes Needed to Win": 70,
        "rounds": {
            "1": {
                "5": 80,
                "2": 50,
                "3": 44,
                "4": 32,
                "7": 29,
                "1": 25,
                "6": 16
            },
            "2": {
                "2": 52.5,
                "3": 44.875,
                "4": 32.875,
                "7": 32.25,
                "1": 26.375,
                "6": 16.25
            },
            "3": {
                "2": 54.5,
                "3": 46,
                "4": 41,
                "7": 35.25,
                "1": 27.375
            },
            "4": {
                "2": 60.875,
                "3": 57.5,
                "4": 42.25,
                "7": 40.5
            },
            "5": {
                "2": 92,
                "3": 60.5,
                "4": 48.5
            },
            "6": {
                "3": 90.875000005,
                "4": 67.61413044
            }
        }
    }
}