{
    "Ranking": "B > A > F > E > D > C",
    "Number Of Seats": 2,
    "Stats": {
        "B": 188.54999999999993,
        "A": 186.48333333333352,
        "F": 167.10000000000016,
        "E": 155.43333333333342,
        "D": 153.54999999999995,
        "C": 132.01666666666662
    }
}