{
    "Ranking": "B > A > F > E > D > C",
    "Number Of Seats": 2,
    "Stats": {
        "B": 188.55,
        "A": 186.483333333,
        "F": 167.1,
        "E": 155.433333333,
        "D": 153.55,
        "C": 132.016666667
    }
}