{
    "Ranking": "E > B > F > A > D > C",
    "Number Of Seats": 2,
    "Stats": {
        "A": {
            "B": 1.0833333333333333,
            "C": 1.1578947368421053,
            "D": 1.364864864864865,
            "E": 1.0833333333333333,
            "F": 1.1014492753623188
        },
        "B": {
            "A": 1.175,
            "C": 1.6229508196721312,
            "D": 1.175,
            "E": 1.0833333333333333,
            "F": 1.1951219512195121
        },
        "C": {
            "A": 0,
            "B": 0,
            "D": 0,
            "E": 0,
            "F": 0
        },
        "D": {
            "A": 1.1014492753623188,
            "B": 1.0833333333333333,
            "C": 1.1014492753623188,
            "E": 1.0833333333333333,
            "F": 1.1014492753623188
        },
        "E": {
            "A": 1.175,
            "B": 1.1066666666666667,
            "C": 1.3225806451612903,
            "D": 1.175,
            "F": 1.2857142857142858
        },
        "F": {
            "A": 1.175,
            "B": 1.0833333333333333,
            "C": 1.2608695652173914,
            "D": 1.175,
            "E": 1.0833333333333333
        }
    }
}