{
    "Ranking": "1 > 3 > 13 > 5 > 11 > 4 > 7 > 6 > 12 > 9 > 16 > 8 > 15 > 2 > 10 > 14",
    "Number Of Seats": 7,
    "Stats": {
        "1": 351.4444749694743,
        "3": 229.07198912198896,
        "13": 198.18446275946252,
        "5": 172.74836274836264,
        "11": 152.16717726717735,
        "4": 146.2794982794983,
        "7": 142.99976689976708,
        "6": 113.25849705849726,
        "12": 100.44617882117903,
        "9": 91.55172605172623,
        "16": 86.86778221778236,
        "8": 81.40749528249547,
        "15": 75.31421078921105,
        "2": 68.12715062715088,
        "10": 65.4676295926298,
        "14": 58.63287545787569
    }
}