{
    "Ranking": "1 > 3 > 13 > 5 > 4 > 11 > 7",
    "Number Of Seats": 7,
    "Stats": {
        "votes_needed_to_win": 96,
        "rounds": {
            "1": {
                "1": 227,
                "3": 94,
                "13": 69,
                "5": 52,
                "4": 48,
                "7": 45,
                "11": 37,
                "6": 36,
                "12": 35,
                "15": 23,
                "8": 19,
                "16": 19,
                "9": 12,
                "10": 12,
                "2": 11,
                "14": 11
            },
            "2": {
                "3": 130.356828193,
                "13": 86.31277533,
                "5": 62.387665198,
                "4": 56.656387665,
                "7": 55.387665198,
                "11": 52.004405286,
                "6": 40.039647577,
                "12": 36.731277533,
                "15": 24.731277533,
                "16": 22.462555066,
                "8": 20.154185022,
                "9": 18.925110132,
                "2": 17.348017621,
                "10": 17.193832599,
                "14": 12.154185022
            },
            "3": {
                "13": 91.620249458,
                "5": 74.206771255,
                "4": 68.275602606,
                "7": 60.695139326,
                "11": 60.410929056,
                "6": 43.565871393,
                "12": 39.203261885,
                "15": 25.835489776,
                "16": 24.720952331,
                "9": 22.28771964,
                "8": 21.521957131,
                "10": 19.352284306,
                "2": 18.452229864,
                "14": 12.681304754
            },
            "4": {
                "13": 94.620249458,
                "5": 74.470331121,
                "4": 68.275602606,
                "11": 62.988021567,
                "7": 62.272231837,
                "6": 44.565871393,
                "12": 39.203261885,
                "15": 28.835489776,
                "16": 24.720952331,
                "8": 22.521957131,
                "9": 22.28771964,
                "10": 19.615844172,
                "2": 18.452229864
            },
            "5": {
                "13": 97.197341969,
                "5": 74.733890987,
                "4": 74.161065161,
                "7": 65.580601881,
                "11": 64.828673944,
                "6": 45.565871393,
                "12": 39.203261885,
                "15": 28.835489776,
                "9": 25.28771964,
                "16": 24.720952331,
                "8": 22.521957131,
                "10": 20.192936683
            },
            "6": {
                "5": 80.811289661,
                "4": 79.21749591,
                "7": 71.019314694,
                "11": 69.543265293,
                "6": 47.008253621,
                "12": 39.804991736,
                "15": 30.591404649,
                "9": 26.767057878,
                "16": 25.973686713,
                "8": 22.558913141,
                "10": 20.794666534
            },
            "7": {
                "5": 82.554885864,
                "4": 80.635240798,
                "7": 72.596407205,
                "11": 70.38391767,
                "6": 47.008253621,
                "12": 46.645644113,
                "15": 30.867283185,
                "9": 29.344150389,
                "16": 28.81433909,
                "8": 24.399565518
            },
            "8": {
                "5": 87.554885864,
                "4": 86.1746792,
                "7": 73.596407205,
                "11": 71.973328851,
                "12": 50.48629649,
                "6": 49.008253621,
                "16": 32.391431601,
                "15": 31.879601855,
                "9": 29.9212429
            },
            "9": {
                "5": 93.281000796,
                "4": 89.027650247,
                "7": 78.352322078,
                "11": 75.231726116,
                "6": 52.020572291,
                "12": 50.48629649,
                "16": 35.980842782,
                "15": 35.720254232
            },
            "10": {
                "5": 104.698745684,
                "4": 96.892939964,
                "11": 79.975322319,
                "7": 79.87944181,
                "6": 53.020572291,
                "12": 52.48629649,
                "16": 37.993161452
            },
            "11": {
                "11": 110.884384036,
                "7": 104.663993474,
                "6": 76.075505984,
                "12": 59.167916907,
                "16": 49.231701542
            }
        }
    }
}