{
    "Ranking": "1 > 5 > 3 > 2 > 6 > 7 > 4",
    "Number Of Seats": 5,
    "Stats": {
        "1": 152.904722222,
        "5": 108.111269841,
        "3": 98.230198413,
        "2": 88.068214286,
        "6": 86.71765873,
        "7": 85.172222222,
        "4": 78.274285714
    }
}