{
    "Ranking": "1 > 5 > 3 > 6 > 2 > 7",
    "Number Of Seats": 5,
    "Stats": {
        "votes_needed_to_win": 45,
        "rounds": {
            "1": {
                "1": 98,
                "5": 37,
                "7": 32,
                "3": 31,
                "2": 29,
                "4": 21,
                "6": 21
            },
            "2": {
                "5": 54.30612244898,
                "3": 43.438775510204,
                "2": 36.030612244898,
                "7": 35.244897959184,
                "6": 30.19387755102,
                "4": 23.704081632653
            },
            "3": {
                "3": 50.164404205876,
                "6": 39.848399788326,
                "2": 39.762878770448,
                "7": 37.210075236408,
                "4": 24.758990405632
            },
            "4": {
                "6": 49.916031214201,
                "2": 44.284206908301,
                "7": 40.39436974962,
                "4": 28.252133650588
            },
            "5": {
                "2": 53.171006754487,
                "7": 48.740353269276,
                "4": 37.270838531495
            }
        }
    }
}