{
    "Ranking": "1 > 5 > 3 > 2 > 6 > 7 > 4",
    "Number Of Seats": 5,
    "Stats": {
        "1": 152.9047222222221,
        "5": 108.11126984126969,
        "3": 98.23019841269854,
        "2": 88.06821428571425,
        "6": 86.71765873015882,
        "7": 85.17222222222216,
        "4": 78.27428571428574
    }
}