{
    "Ranking": "9 > 5 > 8 > 3 > 6 > 7",
    "Number Of Seats": 5,
    "Stats": {
        "votes_needed_to_win": 47,
        "rounds": {
            "1": {
                "9": 95,
                "5": 40,
                "8": 32,
                "3": 30,
                "6": 20,
                "2": 19,
                "7": 16,
                "1": 15,
                "4": 13
            },
            "2": {
                "5": 44.547368421053,
                "3": 37.578947368421,
                "8": 37.557894736842,
                "6": 31.115789473684,
                "7": 26.105263157895,
                "1": 20.052631578947,
                "2": 19.505263157895,
                "4": 14.515789473684
            },
            "3": {
                "5": 45.547368421053,
                "8": 41.568421052632,
                "3": 38.578947368421,
                "6": 33.621052631579,
                "7": 27.105263157895,
                "2": 22.505263157895,
                "1": 21.052631578947
            },
            "4": {
                "5": 47.547368421053,
                "8": 43.073684210526,
                "3": 41.094736842105,
                "6": 37.126315789474,
                "7": 31.621052631579,
                "2": 28.515789473684
            },
            "5": {
                "3": 44.691110774501,
                "8": 43.211828996889,
                "6": 40.250977010825,
                "7": 32.172364051595,
                "2": 29.10163709029
            },
            "6": {
                "8": 60.763140416905,
                "3": 50.724661221351,
                "6": 42.262489076355,
                "7": 35.677627209489
            },
            "7": {
                "6": 64.523515033313,
                "7": 53.660500691616
            }
        }
    }
}