{
    "Ranking": "9 > 5 > 8 > 3 > 6 > 2 > 7 > 1 > 4",
    "Number Of Seats": 5,
    "Stats": {
        "9": 136.91666666666669,
        "5": 81.78571428571442,
        "8": 80.50833333333334,
        "3": 79.92380952380948,
        "6": 67.60833333333345,
        "2": 66.57857142857154,
        "7": 60.4547619047619,
        "1": 60.01904761904764,
        "4": 54.621428571428645
    }
}