{
    "Ranking": "3 > 5 > 1 > 9 > 6 > 4 > 8 > 2 > 7",
    "Number Of Seats": 3,
    "Stats": {
        "3": 28.947619047619042,
        "5": 28.474999999999994,
        "1": 26.56666666666666,
        "9": 22.984523809523807,
        "6": 22.158333333333328,
        "4": 21.385714285714286,
        "8": 12.841666666666665,
        "2": 11.745238095238095,
        "7": 7.978571428571429
    }
}