{
    "Ranking": "5 > 1 > 3",
    "Number Of Seats": 3,
    "Stats": {
        "votes_needed_to_win": 22,
        "rounds": {
            "1": {
                "3": 18,
                "6": 13,
                "1": 11,
                "5": 11,
                "9": 10,
                "4": 8,
                "2": 6,
                "8": 5,
                "7": 4
            },
            "2": {
                "3": 18,
                "5": 14,
                "6": 13,
                "1": 12,
                "9": 10,
                "4": 8,
                "2": 6,
                "8": 5
            },
            "3": {
                "3": 18,
                "5": 18,
                "1": 13,
                "6": 13,
                "9": 10,
                "4": 8,
                "2": 6
            },
            "4": {
                "3": 21,
                "5": 18,
                "1": 15,
                "6": 13,
                "9": 10,
                "4": 9
            },
            "5": {
                "5": 23,
                "3": 21,
                "1": 18,
                "6": 14,
                "9": 10
            },
            "6": {
                "1": 24.217391304348,
                "3": 24,
                "6": 14.173913043478,
                "9": 11.086956521739
            }
        }
    }
}