{
    "Ranking": "3 > 5 > 1 > 9 > 6 > 4 > 8 > 2 > 7",
    "Number Of Seats": 3,
    "Stats": {
        "3": 28.947619048,
        "5": 28.475,
        "1": 26.566666667,
        "9": 22.98452381,
        "6": 22.158333333,
        "4": 21.385714286,
        "8": 12.841666667,
        "2": 11.745238095,
        "7": 7.978571429
    }
}