{
    "Ranking": "6 > 5 > 1 > 3 > 4 > 8 > 9 > 2 > 7",
    "Number Of Seats": 3,
    "Stats": {
        "1": {
            "2": 1.8181818181818181,
            "3": 1.3333333333333333,
            "4": 1.8181818181818181,
            "5": 0,
            "6": 0,
            "7": 1.8181818181818181,
            "8": 1.8181818181818181,
            "9": 1.8181818181818181
        },
        "2": {
            "1": 0,
            "3": 0,
            "4": 0,
            "5": 0,
            "6": 0,
            "7": 1.1666666666666667,
            "8": 0,
            "9": 0
        },
        "3": {
            "1": 0,
            "2": 1.875,
            "4": 1.6666666666666667,
            "5": 0,
            "6": 0,
            "7": 1.6666666666666667,
            "8": 1.6666666666666667,
            "9": 1.6666666666666667
        },
        "4": {
            "1": 0,
            "2": 3.25,
            "3": 1.3333333333333333,
            "5": 0,
            "6": 0,
            "7": 2.25,
            "8": 4.5,
            "9": 1.8
        },
        "5": {
            "1": 1.4,
            "2": 6.5,
            "3": 1.3333333333333333,
            "4": 1.4,
            "6": 0,
            "7": 1.7,
            "8": 1.7,
            "9": 2.5555555555555554
        },
        "6": {
            "1": 1.4,
            "2": 1.6363636363636365,
            "3": 1.4545454545454546,
            "4": 1.4545454545454546,
            "5": 1.6363636363636365,
            "7": 2.75,
            "8": 1.6363636363636365,
            "9": 1.6363636363636365
        },
        "7": {
            "1": 0,
            "2": 0,
            "3": 0,
            "4": 0,
            "5": 0,
            "6": 0,
            "8": 0,
            "9": 0
        },
        "8": {
            "1": 0,
            "2": 2.3333333333333335,
            "3": 1.3333333333333333,
            "4": 1.3333333333333333,
            "5": 0,
            "6": 0,
            "7": 2.25,
            "9": 1.3333333333333333
        },
        "9": {
            "1": 0,
            "2": 2.3333333333333335,
            "3": 1.2857142857142858,
            "4": 1.2857142857142858,
            "5": 0,
            "6": 0,
            "7": 1.6666666666666667,
            "8": 1.2857142857142858
        }
    }
}