{
    "Ranking": "8 > 5 > 7 > 6 > 3 > 4 > 1 > 9 > 2",
    "Number Of Seats": 3,
    "Stats": {
        "8": 96.742857143,
        "5": 66.833333333,
        "7": 48.352380952,
        "6": 34.422619048,
        "3": 32.395238095,
        "4": 16.73452381,
        "1": 16.166666667,
        "9": 13.616666667,
        "2": 7.445238095
    }
}