{
    "Ranking": "8 > 5 > 7 > 6 > 3 > 4 > 1 > 9 > 2",
    "Number Of Seats": 3,
    "Stats": {
        "8": 96.74285714285715,
        "5": 66.83333333333334,
        "7": 48.35238095238099,
        "6": 34.42261904761904,
        "3": 32.395238095238085,
        "4": 16.7345238095238,
        "1": 16.166666666666657,
        "9": 13.616666666666656,
        "2": 7.445238095238095
    }
}