{
    "Ranking": "Lucas Nussbaum > Neil McGovern > None Of The Above",
    "Number Of Seats": 1,
    "Stats": {
        "Lucas Nussbaum": 299.1944444444444,
        "Neil McGovern": 277.2777777777778,
        "None Of The Above": 118.52777777777726
    }
}