{
    "Ranking": "3 > 5 > 10 > 2 > 8 > 7 > 9 > 11 > 1",
    "Number Of Seats": 9,
    "Stats": {
        "votes_needed_to_win": 91,
        "rounds": {
            "1": {
                "3": 172,
                "5": 120,
                "10": 118,
                "2": 109,
                "8": 96,
                "7": 89,
                "9": 59,
                "1": 57,
                "11": 47,
                "4": 23,
                "6": 12
            },
            "2": {
                "7": 149.929702339625,
                "9": 94.605008504109,
                "1": 72.865998881689,
                "11": 65.670944953526,
                "4": 29.165817491342,
                "6": 15.42223996925
            },
            "3": {
                "11": 110.084621695713,
                "1": 104.663166318903,
                "4": 40.530533778611,
                "6": 22.45095366236
            }
        }
    }
}