{
    "Ranking": "3 > 8 > 5 > 7 > 2 > 10 > 9 > 1 > 11 > 4 > 6",
    "Number Of Seats": 9,
    "Stats": {
        "3": 324.4236202873403,
        "8": 309.34135075242204,
        "5": 305.615442076662,
        "7": 293.7136340445271,
        "2": 279.75568425181564,
        "10": 269.3245055000114,
        "9": 243.3680967555374,
        "1": 212.5569976408069,
        "11": 196.28201451877047,
        "4": 152.12432459515736,
        "6": 137.42369465631313
    }
}