{
    "Ranking": "8 > 7 > 5 > 3 > 2 > 9 > 10 > 11 > 1 > 4 > 6",
    "Number Of Seats": 9,
    "Stats": {
        "1": {
            "2": 0,
            "3": 0,
            "4": 2.3892215568862274,
            "5": 0,
            "6": 3.5,
            "7": 0,
            "8": 0,
            "9": 0,
            "10": 0,
            "11": 0
        },
        "2": {
            "1": 1.5687732342007434,
            "3": 0,
            "4": 4.341666666666667,
            "5": 0,
            "6": 5.066037735849057,
            "7": 0,
            "8": 0,
            "9": 1.022408963585434,
            "10": 1.022408963585434,
            "11": 1.5129151291512914
        },
        "3": {
            "1": 1.42,
            "2": 1.0053763440860215,
            "4": 4.037593984962406,
            "5": 0,
            "6": 4.143939393939394,
            "7": 0,
            "8": 0,
            "9": 1.0964187327823691,
            "10": 1.311926605504587,
            "11": 2.0296610169491527
        },
        "4": {
            "1": 0,
            "2": 0,
            "3": 0,
            "5": 0,
            "6": 1.2352941176470589,
            "7": 0,
            "8": 0,
            "9": 0,
            "10": 0,
            "11": 0
        },
        "5": {
            "1": 2.1106382978723404,
            "2": 1.3172205438066464,
            "3": 1.050531914893617,
            "4": 4.456692913385827,
            "6": 7.818181818181818,
            "7": 0,
            "8": 0,
            "9": 1.3768996960486322,
            "10": 1.4563758389261745,
            "11": 2.534313725490196
        },
        "6": {
            "1": 0,
            "2": 0,
            "3": 0,
            "4": 0,
            "5": 0,
            "7": 0,
            "8": 0,
            "9": 0,
            "10": 0,
            "11": 0
        },
        "7": {
            "1": 2.3813953488372093,
            "2": 1.2921686746987953,
            "3": 1.072192513368984,
            "4": 4.949579831932773,
            "5": 1.0052219321148825,
            "6": 7.658536585365853,
            "8": 0,
            "9": 1.4241486068111455,
            "10": 1.6643598615916955,
            "11": 2.6146341463414635
        },
        "8": {
            "1": 2.4722222222222223,
            "2": 1.4308681672025723,
            "3": 1.2771084337349397,
            "4": 5.605504587155964,
            "5": 1.0549738219895288,
            "6": 6.691489361702128,
            "7": 1.052219321148825,
            "9": 2.0198412698412698,
            "10": 1.8315018315018314,
            "11": 3.151685393258427
        },
        "9": {
            "1": 1.8714859437751004,
            "2": 0,
            "3": 0,
            "4": 3.7916666666666665,
            "5": 0,
            "6": 5.176991150442478,
            "7": 0,
            "8": 0,
            "10": 1.2034883720930232,
            "11": 1.8326693227091633
        },
        "10": {
            "1": 1.6472868217054264,
            "2": 0,
            "3": 0,
            "4": 3.36734693877551,
            "5": 0,
            "6": 5.655913978494624,
            "7": 0,
            "8": 0,
            "9": 0,
            "11": 1.5851851851851853
        },
        "11": {
            "1": 1.0658307210031348,
            "2": 0,
            "3": 0,
            "4": 2.502923976608187,
            "5": 0,
            "6": 2.8662420382165603,
            "7": 0,
            "8": 0,
            "9": 0,
            "10": 0
        }
    }
}