{
    "Ranking": "3 > 8 > 5 > 7 > 2 > 10 > 9 > 1 > 11 > 4 > 6",
    "Number Of Seats": 9,
    "Stats": {
        "3": 324.423620287,
        "8": 309.341350752,
        "5": 305.615442077,
        "7": 293.713634045,
        "2": 279.755684252,
        "10": 269.3245055,
        "9": 243.368096756,
        "1": 212.556997641,
        "11": 196.282014519,
        "4": 152.124324595,
        "6": 137.423694656
    }
}