{
    "Ranking": "3 > 5 > 1 > 6 > 9 > 4 > 8 > 2 > 7",
    "Number Of Seats": 3,
    "Stats": {
        "3": 34.179816232,
        "5": 33.224946618,
        "1": 31.431249528,
        "6": 29.134865363,
        "9": 28.207260015,
        "4": 27.481254252,
        "8": 21.187848167,
        "2": 20.520685469,
        "7": 17.923344199
    }
}