{
    "Ranking": "1 > 4 > 3 > 2 > 5",
    "Number Of Seats": 1,
    "Stats": {
        "1": 52.447222222,
        "4": 45.269444444,
        "3": 34.223611111,
        "2": 29.963888889,
        "5": 25.329166667
    }
}