{
    "Ranking": "4 > 2 > 3 > 1 > 5",
    "Number Of Seats": 2,
    "Stats": {
        "4": 289.640277778,
        "2": 246.858333333,
        "3": 240.556944444,
        "1": 219.575,
        "5": 202.119444444
    }
}