{
    "Ranking": "4 > 2 > 3 > 1 > 5",
    "Number Of Seats": 2,
    "Stats": {
        "4": 289.6402777777784,
        "2": 246.85833333333358,
        "3": 240.55694444444427,
        "1": 219.57500000000033,
        "5": 202.1194444444439
    }
}