{
    "Ranking": "4 > 3",
    "Number Of Seats": 2,
    "Stats": {
        "votes_needed_to_win": 176,
        "rounds": {
            "1": {
                "4": 172,
                "3": 106,
                "2": 105,
                "1": 87,
                "5": 55
            },
            "2": {
                "4": 179,
                "3": 137,
                "2": 111,
                "1": 94
            },
            "3": {
                "3": 139.519553072626,
                "2": 115.290502793296,
                "1": 95.385474860335
            },
            "4": {
                "3": 170.603351955307,
                "2": 160.424581005586
            },
            "5": {
                "3": 252.458100558659
            }
        }
    }
}