{
    "Ranking": "3 > 2 > 4 > 1",
    "Number Of Seats": 1,
    "Stats": {
        "3": 161.66666666666669,
        "2": 121.1666666666664,
        "4": 97.16666666666661,
        "1": 90.83333333333336
    }
}