{
    "Ranking": "3 > 4 > 1 > 2",
    "Number Of Seats": 1,
    "Stats": {
        "1": {
            "2": 1.42,
            "3": 0,
            "4": 0
        },
        "2": {
            "1": 0,
            "3": 0,
            "4": 0
        },
        "3": {
            "1": 2.4,
            "2": 1.6590909090909092,
            "4": 1.2
        },
        "4": {
            "1": 1.8421052631578947,
            "2": 1.42,
            "3": 0
        }
    }
}