{
    "Ranking": "3 > 2 > 4 > 1",
    "Number Of Seats": 1,
    "Stats": {
        "3": 161.666666667,
        "2": 121.166666667,
        "4": 97.166666667,
        "1": 90.833333333
    }
}