{
    "Ranking": "5 > 3 > 8 > 7 > 9 > 1 = 2 > 6 > 4",
    "Number Of Seats": 3,
    "Stats": {
        "1": {
            "2": 1.5,
            "3": 0,
            "4": 3.2142857142857144,
            "5": 0,
            "6": 1.5,
            "7": 1.173913043478261,
            "8": 1.1395348837209303,
            "9": 1.173913043478261
        },
        "2": {
            "1": 1.5,
            "3": 0,
            "4": 1.5,
            "5": 0,
            "6": 1.5588235294117647,
            "7": 1.173913043478261,
            "8": 1.1395348837209303,
            "9": 1.173913043478261
        },
        "3": {
            "1": 2.15,
            "2": 1.7,
            "4": 2.15,
            "5": 0,
            "6": 1.5588235294117647,
            "7": 1.2352941176470589,
            "8": 1.263157894736842,
            "9": 1.263157894736842
        },
        "4": {
            "1": 1.1470588235294117,
            "2": 1.1470588235294117,
            "3": 0,
            "5": 0,
            "6": 1.1470588235294117,
            "7": 1.1470588235294117,
            "8": 1.1395348837209303,
            "9": 1.1470588235294117
        },
        "5": {
            "1": 6.944444444444445,
            "2": 2.0256410256410255,
            "3": 1.641025641025641,
            "4": 3.78125,
            "6": 3.6,
            "7": 5.764705882352941,
            "8": 1.9607843137254901,
            "9": 6.037037037037037
        },
        "6": {
            "1": 1.5,
            "2": 1.5,
            "3": 0,
            "4": 1.5,
            "5": 0,
            "7": 1.173913043478261,
            "8": 1.1395348837209303,
            "9": 1.173913043478261
        },
        "7": {
            "1": 2.2222222222222223,
            "2": 1.5,
            "3": 0,
            "4": 2.2222222222222223,
            "5": 0,
            "6": 1.5,
            "8": 1.1395348837209303,
            "9": 1.65625
        },
        "8": {
            "1": 2.2,
            "2": 1.694915254237288,
            "3": 0,
            "4": 2.375,
            "5": 0,
            "6": 2.1333333333333333,
            "7": 1.173913043478261,
            "9": 1.8387096774193548
        },
        "9": {
            "1": 2.02,
            "2": 1.5,
            "3": 0,
            "4": 2.02,
            "5": 0,
            "6": 1.5,
            "7": 1.173913043478261,
            "8": 1.1395348837209303
        }
    }
}