{
    "Ranking": "5 > 9 > 8 > 4 > 3 > 2 > 1 > 7 > 6",
    "Number Of Seats": 3,
    "Stats": {
        "5": 239.60357142857146,
        "9": 156.11071428571447,
        "8": 122.11309523809504,
        "4": 119.39761904761907,
        "3": 111.61904761904736,
        "2": 98.7666666666666,
        "1": 68.07142857142873,
        "7": 67.02976190476198,
        "6": 51.40714285714287
    }
}