{
    "Ranking": "4 > 5 > 2 = 9 > 8 > 3 > 7 > 6 > 1",
    "Number Of Seats": 2,
    "Stats": {
        "1": {
            "4": 100.44444444444446,
            "5": 70.44444444444446,
            "2": 31.444444444444443,
            "9": 31.444444444444443,
            "8": 23.444444444444443,
            "3": 20.444444444444443,
            "7": 12.444444444444443,
            "6": 11.444444444444443,
            "1": 8.444444444444445
        }
    }
}