{
    "Ranking": "4 > 5 > 9 > 2 > 8 > 3 > 7 > 6 > 1",
    "Number Of Seats": 2,
    "Stats": {
        "4": 161.490214632,
        "5": 150.176043241,
        "9": 94.964617032,
        "2": 89.390640275,
        "8": 83.702331034,
        "3": 79.461467467,
        "7": 75.031033321,
        "6": 72.924593884,
        "1": 69.839217845
    }
}