{
    "Ranking": "4 > 5 > 9 > 2 > 8 > 3 > 7 > 6 > 1",
    "Number Of Seats": 2,
    "Stats": {
        "4": 161.4902146321491,
        "5": 150.1760432413706,
        "9": 94.96461703199806,
        "2": 89.39064027462842,
        "8": 83.70233103426567,
        "3": 79.46146746661633,
        "7": 75.03103332073584,
        "6": 72.92459388384991,
        "1": 69.83921784454537
    }
}