{
    "Ranking": "A = C > D > B",
    "Number Of Seats": 2,
    "Stats": {
        "A": {
            "B": 1.3541666666666667,
            "C": 0,
            "D": 1.4516129032258065
        },
        "B": {
            "A": 0,
            "C": 0,
            "D": 0
        },
        "C": {
            "A": 0,
            "B": 1.3636363636363635,
            "D": 1.9090909090909092
        },
        "D": {
            "A": 0,
            "B": 1.0232558139534884,
            "C": 0
        }
    }
}