{
    "Ranking": "A > B > C > D",
    "Number Of Seats": 2,
    "Stats": {
        "A": 127.8333333333333,
        "B": 117.33333333333326,
        "C": 100.49999999999997,
        "D": 92.66666666666669
    }
}