{
    "Ranking": "9 > 3 > 5 > 8 > 2 > 1 > 6 > 4 > 7",
    "Number Of Seats": 5,
    "Stats": {
        "1": {
            "2": 0,
            "3": 0,
            "4": 1.0512820512820513,
            "5": 0,
            "6": 1.016,
            "7": 1.0512820512820513,
            "8": 0,
            "9": 0
        },
        "2": {
            "1": 1.2072072072072073,
            "3": 0,
            "4": 1.3009708737864079,
            "5": 0,
            "6": 1.016,
            "7": 1.0964912280701755,
            "8": 0,
            "9": 0
        },
        "3": {
            "1": 1.3653846153846154,
            "2": 1.4134615384615385,
            "4": 1.9268292682926829,
            "5": 1.162162162162162,
            "6": 1.2935779816513762,
            "7": 1.4563106796116505,
            "8": 1.1415929203539823,
            "9": 0
        },
        "4": {
            "1": 0,
            "2": 0,
            "3": 0,
            "5": 0,
            "6": 0,
            "7": 1.0964912280701755,
            "8": 0,
            "9": 0
        },
        "5": {
            "1": 1.3725490196078431,
            "2": 1.2072072072072073,
            "3": 0,
            "4": 1.6477272727272727,
            "6": 1.3557692307692308,
            "7": 1.34,
            "8": 1.1415929203539823,
            "9": 0
        },
        "6": {
            "1": 0,
            "2": 0,
            "3": 0,
            "4": 1.1043478260869566,
            "5": 0,
            "7": 1.34,
            "8": 0,
            "9": 0
        },
        "7": {
            "1": 0,
            "2": 0,
            "3": 0,
            "4": 0,
            "5": 0,
            "6": 0,
            "8": 0,
            "9": 0
        },
        "8": {
            "1": 1.5789473684210527,
            "2": 1.297029702970297,
            "3": 0,
            "4": 1.431578947368421,
            "5": 0,
            "6": 1.0909090909090908,
            "7": 1.1416666666666666,
            "9": 0
        },
        "9": {
            "1": 2.0930232558139537,
            "2": 1.934782608695652,
            "3": 2.1666666666666665,
            "4": 2.0229885057471266,
            "5": 1.89010989010989,
            "6": 2.4794520547945207,
            "7": 3,
            "8": 1.5809523809523809
        }
    }
}