{
    "Ranking": "5 > 8 = 9 > 2 = 4 > 3 > 1 > 7 > 6",
    "Number Of Seats": 3,
    "Stats": {
        "1": {
            "5": 193.444444444,
            "8": 57.444444444,
            "9": 57.444444444,
            "2": 55.444444444,
            "4": 55.444444444,
            "3": 54.444444444,
            "1": 22.444444444,
            "7": 19.444444444,
            "6": 13.444444444
        }
    }
}