{
    "Ranking": "5 > 9 > 8 > 4 > 3 > 2 > 7 > 1 > 6",
    "Number Of Seats": 3,
    "Stats": {
        "1": {
            "2": 0,
            "3": 0,
            "4": 0,
            "5": 0,
            "6": 1.3693693693693694,
            "7": 0,
            "8": 0,
            "9": 0
        },
        "2": {
            "1": 1.0849673202614378,
            "3": 0,
            "4": 0,
            "5": 0,
            "6": 2.25,
            "7": 1.2,
            "8": 0,
            "9": 0
        },
        "3": {
            "1": 1.5076923076923077,
            "2": 1.282758620689655,
            "4": 0,
            "5": 0,
            "6": 2.0106382978723403,
            "7": 1.6106194690265487,
            "8": 0,
            "9": 0
        },
        "4": {
            "1": 1.206896551724138,
            "2": 1.4713375796178343,
            "3": 1.1699346405228759,
            "5": 0,
            "6": 2.3333333333333335,
            "7": 1.7153846153846153,
            "8": 0,
            "9": 0
        },
        "5": {
            "1": 6.166666666666667,
            "2": 2.3504273504273505,
            "3": 1.8092105263157894,
            "4": 1.9583333333333333,
            "6": 4.211267605633803,
            "7": 5.2105263157894735,
            "8": 1.9774436090225564,
            "9": 1.900662251655629
        },
        "6": {
            "1": 0,
            "2": 0,
            "3": 0,
            "4": 0,
            "5": 0,
            "7": 0,
            "8": 0,
            "9": 0
        },
        "7": {
            "1": 1.0300751879699248,
            "2": 0,
            "3": 0,
            "4": 0,
            "5": 0,
            "6": 1.2549019607843137,
            "8": 0,
            "9": 0
        },
        "8": {
            "1": 1.6511627906976745,
            "2": 1.8125,
            "3": 1.0393258426966292,
            "4": 1.0048076923076923,
            "5": 0,
            "6": 3.3278688524590163,
            "7": 1.6428571428571428,
            "9": 0
        },
        "9": {
            "1": 3.6666666666666665,
            "2": 1.7341772151898733,
            "3": 1.6170212765957446,
            "4": 1.9365079365079365,
            "5": 0,
            "6": 2.8415841584158414,
            "7": 2.1219512195121952,
            "8": 1.2722772277227723
        }
    }
}