{
    "Ranking": "1 > 3 > 2",
    "Number Of Seats": 2,
    "Stats": {
        "1": 193.25000000000006,
        "3": 180.25000000000003,
        "2": 125.16666666666626
    }
}