{
    "Ranking": "5 > 4 > 1 > 2 > 3",
    "Number Of Seats": 3,
    "Stats": {
        "1": {
            "2": 1.1395348837209303,
            "3": 1.4838709677419355,
            "4": 0,
            "5": 0
        },
        "2": {
            "1": 0,
            "3": 1.0714285714285714,
            "4": 0,
            "5": 0
        },
        "3": {
            "1": 0,
            "2": 0,
            "4": 0,
            "5": 0
        },
        "4": {
            "1": 1.1388888888888888,
            "2": 1.6829268292682926,
            "3": 1.7878787878787878,
            "5": 0
        },
        "5": {
            "1": 3,
            "2": 2.5416666666666665,
            "3": 2.1904761904761907,
            "4": 1.9074074074074074
        }
    }
}