{
    "Ranking": "7 > 1 > 5 > 6 > 3",
    "Number Of Seats": 4,
    "Stats": {
        "votes_needed_to_win": 73,
        "rounds": {
            "1": {
                "7": 77,
                "1": 53,
                "5": 46,
                "6": 45,
                "3": 44,
                "4": 37,
                "2": 33,
                "8": 27
            },
            "2": {
                "1": 53.051948051948,
                "5": 46.935064935065,
                "6": 45.415584415584,
                "3": 44.207792207792,
                "4": 38.818181818182,
                "2": 33,
                "8": 27.207792207792
            },
            "3": {
                "1": 60.051948051948,
                "5": 54.038961038961,
                "3": 50.25974025974,
                "6": 46.415584415584,
                "4": 40.87012987013,
                "2": 36
            },
            "4": {
                "1": 74.051948051948,
                "3": 57.25974025974,
                "5": 57.038961038961,
                "6": 47.415584415584,
                "4": 43.87012987013
            },
            "5": {
                "3": 66.766265652972,
                "5": 59.095783206621,
                "6": 49.443995499415,
                "4": 46.983774205451
            },
            "6": {
                "5": 91.252845891393,
                "3": 69.898572840698,
                "6": 55.991887102725
            },
            "7": {
                "6": 86.903803613988,
                "3": 74.254566693558
            }
        }
    }
}