{
    "Ranking": "7 > 5 > 4 > 1 > 6 > 3 > 8 > 2",
    "Number Of Seats": 4,
    "Stats": {
        "7": 156.4234041950112,
        "5": 130.45931689342365,
        "4": 124.68165816326525,
        "1": 122.03326814058923,
        "6": 116.38310657596342,
        "3": 115.66758219954612,
        "8": 110.43478174603149,
        "2": 107.78116780045323
    }
}