{
    "Ranking": "1 > 2 > 3",
    "Number Of Seats": 2,
    "Stats": {
        "1": {
            "2": 1.375,
            "3": 5.333333333333333
        },
        "2": {
            "1": 0,
            "3": 1.0327868852459017
        },
        "3": {
            "1": 0,
            "2": 0
        }
    }
}