{
    "Ranking": "Bdale Garbee > Branden Robinson > Raphael Hertzog > None Of The Above",
    "Number Of Seats": 1,
    "Stats": {
        "Bdale Garbee": 335.3194444444444,
        "Branden Robinson": 273.8333333333334,
        "Raphael Hertzog": 244.30555555555634,
        "None Of The Above": 136.12499999999997
    }
}