{
    "Ranking": "Bdale Garbee > Branden Robinson > Raphael Hertzog > None Of The Above",
    "Number Of Seats": 1,
    "Stats": {
        "Bdale Garbee": 336.1805555555555,
        "Branden Robinson": 273.02777777777794,
        "Raphael Hertzog": 244.05555555555625,
        "None Of The Above": 136.3194444444444
    }
}