{
    "Ranking": "4 > 2 > 1 > 3",
    "Number Of Seats": 3,
    "Stats": {
        "4": 80.333333333,
        "2": 69.333333333,
        "1": 47.166666667,
        "3": 20.333333333
    }
}