{
    "Ranking": "4 > 2 > 1 > 3",
    "Number Of Seats": 3,
    "Stats": {
        "1": {
            "2": 0,
            "3": 10,
            "4": 0
        },
        "2": {
            "1": 1.0625,
            "3": 5.125,
            "4": 0
        },
        "3": {
            "1": 0,
            "2": 0,
            "4": 0
        },
        "4": {
            "1": 1.09375,
            "2": 1.3478260869565217,
            "3": 11.5
        }
    }
}