{
    "Ranking": "8 > 5 > 7 > 6 > 3 > 9 > 1 > 4 > 2",
    "Number Of Seats": 3,
    "Stats": {
        "1": {
            "2": 1.5294117647058822,
            "3": 0,
            "4": 1.5294117647058822,
            "5": 0,
            "6": 0,
            "7": 0,
            "8": 0,
            "9": 0
        },
        "2": {
            "1": 0,
            "3": 0,
            "4": 0,
            "5": 0,
            "6": 0,
            "7": 0,
            "8": 0,
            "9": 0
        },
        "3": {
            "1": 3.1333333333333333,
            "2": 4,
            "4": 2.4444444444444446,
            "5": 0,
            "6": 0,
            "7": 0,
            "8": 0,
            "9": 1.8823529411764706
        },
        "4": {
            "1": 0,
            "2": 2.6666666666666665,
            "3": 0,
            "5": 0,
            "6": 0,
            "7": 0,
            "8": 0,
            "9": 0
        },
        "5": {
            "1": 24,
            "2": 14.5,
            "3": 5.8,
            "4": 24,
            "6": 4.7368421052631575,
            "7": 2.5588235294117645,
            "8": 0,
            "9": 7
        },
        "6": {
            "1": 3.642857142857143,
            "2": 4.4,
            "3": 1.4166666666666667,
            "4": 2.875,
            "5": 0,
            "7": 0,
            "8": 0,
            "9": 3.8333333333333335
        },
        "7": {
            "1": 5.454545454545454,
            "2": 14.5,
            "3": 2.3,
            "4": 6.6,
            "5": 0,
            "6": 1.7179487179487178,
            "8": 0,
            "9": 4.454545454545454
        },
        "8": {
            "1": 17.5,
            "2": 4.5,
            "3": 6.6923076923076925,
            "4": 18,
            "5": 2.875,
            "6": 6,
            "7": 3.6153846153846154,
            "9": 14.5
        },
        "9": {
            "1": 1.6,
            "2": 3.6666666666666665,
            "3": 0,
            "4": 1.5294117647058822,
            "5": 0,
            "6": 0,
            "7": 0,
            "8": 0
        }
    }
}