{
    "Ranking": "8 > 5 > 7",
    "Number Of Seats": 3,
    "Stats": {
        "Votes Needed to Win": 34,
        "rounds": {
            "1": {
                "8": 78,
                "5": 25,
                "7": 11,
                "3": 9,
                "6": 5,
                "1": 2,
                "2": 2,
                "4": 2,
                "9": 0
            },
            "2": {
                "5": 49.820512816,
                "7": 20.589743588,
                "3": 10.692307692,
                "6": 10.076923076,
                "1": 2.564102564,
                "4": 2.564102564,
                "2": 2,
                "9": 1.692307692
            },
            "3": {
                "7": 39.138010208,
                "6": 16.988149436,
                "3": 15.982224156,
                "1": 3.128205128,
                "4": 3.128205128,
                "2": 2.31755018,
                "9": 2.256410256
            }
        }
    }
}