{
    "Ranking": "Sam Hartman > Martin Michlmayr > Joerg Jaspert > Jonathan Carter > None Of The Above",
    "Number Of Seats": 1,
    "Stats": {
        "Sam Hartman": 217.86944444444447,
        "Martin Michlmayr": 191.7263888888889,
        "Joerg Jaspert": 172.52916666666673,
        "Jonathan Carter": 165.8222222222222,
        "None Of The Above": 69.68611111111137
    }
}