{
    "Ranking": "Steve McIntyre > Raphael Hertzog > Marc Brockschmidt > None Of The Above",
    "Number Of Seats": 1,
    "Stats": {
        "Steve McIntyre": 256.5416666666668,
        "Raphael Hertzog": 233.0694444444446,
        "Marc Brockschmidt": 215.4861111111114,
        "None Of The Above": 130.3194444444444
    }
}