{
    "Ranking": "4 > 1 > 3 > 2",
    "Number Of Seats": 1,
    "Stats": {
        "4": 120.305555556,
        "1": 111.555555556,
        "3": 103.027777778,
        "2": 79.694444444
    }
}