{
    "Ranking": "5 > 2 > 8 > 1 > 3 > 7 > 6 > 4",
    "Number Of Seats": 1,
    "Stats": {
        "5": 243.266666667,
        "2": 237.980952381,
        "8": 236.947619048,
        "1": 181.147619048,
        "3": 159.926190476,
        "7": 146.714285714,
        "6": 116.371428571,
        "4": 116.076190476
    }
}