{
    "Ranking": "5 > 2 > 8 > 1 > 3 > 7 > 6 > 4",
    "Number Of Seats": 1,
    "Stats": {
        "5": 243.26666666666654,
        "2": 237.9809523809522,
        "8": 236.94761904761918,
        "1": 181.1476190476189,
        "3": 159.92619047619036,
        "7": 146.71428571428555,
        "6": 116.3714285714286,
        "4": 116.07619047619045
    }
}