{
    "Ranking": "F > E > A > Q > K > B > I > N > J > P > D > H > M > O > L > C > G",
    "Number Of Seats": 5,
    "Stats": {
        "F": 78.75555555555556,
        "E": 42.84169898728725,
        "A": 36.80119047619046,
        "Q": 30.17673160173159,
        "K": 29.56550255300255,
        "B": 29.536904761904744,
        "I": 28.463528138528126,
        "N": 27.76984126984125,
        "J": 27.74485236985236,
        "P": 24.288600288600264,
        "D": 19.346479908979916,
        "H": 15.722442834942832,
        "M": 13.094066064654294,
        "O": 11.69473565650036,
        "L": 10.502930402930401,
        "C": 9.055886597063067,
        "G": 7.473028605381543
    }
}