{
    "Ranking": "F > E > A > Q > K > B > I > N > J > P > D > H > M > O > L > C > G",
    "Number Of Seats": 5,
    "Stats": {
        "F": 78.755555556,
        "E": 42.841698987,
        "A": 36.801190476,
        "Q": 30.176731602,
        "K": 29.565502553,
        "B": 29.536904762,
        "I": 28.463528139,
        "N": 27.76984127,
        "J": 27.74485237,
        "P": 24.288600289,
        "D": 19.346479909,
        "H": 15.722442835,
        "M": 13.094066065,
        "O": 11.694735657,
        "L": 10.502930403,
        "C": 9.055886597,
        "G": 7.473028605
    }
}