{
    "Ranking": "F > A > E > I > J > K > Q > B > N > P > C > D > H > L > M > O > G",
    "Number Of Seats": 5,
    "Stats": {
        "A": {
            "B": 1.65625,
            "C": 3.1666666666666665,
            "D": 9.666666666666666,
            "E": 1.2727272727272727,
            "F": 0,
            "G": 2.8,
            "H": 5.6,
            "I": 1.2727272727272727,
            "J": 1.2727272727272727,
            "K": 1.2727272727272727,
            "L": 9.333333333333334,
            "M": 29,
            "N": 1.2727272727272727,
            "O": 9.333333333333334,
            "P": 1.5294117647058822,
            "Q": 1.2727272727272727
        },
        "B": {
            "A": 1.05,
            "C": 3.5,
            "D": 29,
            "E": 1.05,
            "F": 0,
            "G": 6.333333333333333,
            "H": 5.2,
            "I": 1.05,
            "J": 1.05,
            "K": 1.2,
            "L": 6.5,
            "M": 14.5,
            "N": 1.263157894736842,
            "O": 13.5,
            "P": 1.263157894736842,
            "Q": 1.2
        },
        "C": {
            "A": 1.05,
            "B": 1.2,
            "D": 1.25,
            "E": 1.05,
            "F": 0,
            "G": 1.875,
            "H": 1.25,
            "I": 1.05,
            "J": 1.05,
            "K": 1.2,
            "L": 1.25,
            "M": 1.5,
            "N": 1.2,
            "O": 1.4666666666666666,
            "P": 1.2,
            "Q": 1.2
        },
        "D": {
            "A": 1.05,
            "B": 1.2,
            "C": 1.2222222222222223,
            "E": 1.05,
            "F": 0,
            "G": 2.4,
            "H": 2.4285714285714284,
            "I": 1.05,
            "J": 1.05,
            "K": 1.2,
            "L": 4.875,
            "M": 1.7857142857142858,
            "N": 1.2,
            "O": 3.3636363636363638,
            "P": 1.2,
            "Q": 1.2
        },
        "E": {
            "A": 1.05,
            "B": 1.4848484848484849,
            "C": 1.8214285714285714,
            "D": 2.8,
            "F": 0,
            "G": 6.333333333333333,
            "H": 2.4285714285714284,
            "I": 1.7241379310344827,
            "J": 1.4848484848484849,
            "K": 1.8214285714285714,
            "L": 2.8,
            "M": 2.3333333333333335,
            "N": 1.5625,
            "O": 2.8,
            "P": 1.5625,
            "Q": 1.7666666666666666
        },
        "F": {
            "A": 3.8421052631578947,
            "B": 3.7,
            "C": 4.4,
            "D": 11.666666666666666,
            "E": 1.6363636363636365,
            "G": 10.5,
            "H": 5,
            "I": 1.7,
            "J": 2.111111111111111,
            "K": 1.9411764705882353,
            "L": 6.75,
            "M": 15.5,
            "N": 6.833333333333333,
            "O": 7.75,
            "P": 7.454545454545454,
            "Q": 2.111111111111111
        },
        "G": {
            "A": 0,
            "B": 0,
            "C": 0,
            "D": 0,
            "E": 0,
            "F": 0,
            "H": 0,
            "I": 0,
            "J": 0,
            "K": 0,
            "L": 0,
            "M": 0,
            "N": 0,
            "O": 0,
            "P": 0,
            "Q": 0
        },
        "H": {
            "A": 1.05,
            "B": 1.2,
            "C": 1.2222222222222223,
            "D": 1.2222222222222223,
            "E": 1.05,
            "F": 0,
            "G": 2.4,
            "I": 1.05,
            "J": 1.05,
            "K": 1.2,
            "L": 2.769230769230769,
            "M": 1.7857142857142858,
            "N": 1.2,
            "O": 3.0833333333333335,
            "P": 1.2,
            "Q": 1.2
        },
        "I": {
            "A": 1.05,
            "B": 1.2857142857142858,
            "C": 1.5806451612903225,
            "D": 3.75,
            "E": 1.05,
            "F": 0,
            "G": 2.4,
            "H": 2.4285714285714284,
            "J": 1.2285714285714286,
            "K": 1.4193548387096775,
            "L": 3.75,
            "M": 3.2,
            "N": 1.4193548387096775,
            "O": 4,
            "P": 1.4193548387096775,
            "Q": 1.5806451612903225
        },
        "J": {
            "A": 1.05,
            "B": 1.55,
            "C": 2,
            "D": 3,
            "E": 1.05,
            "F": 0,
            "G": 4,
            "H": 2.4285714285714284,
            "I": 1.05,
            "K": 1.2941176470588236,
            "L": 3.2,
            "M": 6,
            "N": 1.625,
            "O": 4,
            "P": 1.625,
            "Q": 2.32
        },
        "K": {
            "A": 1.05,
            "B": 1.2857142857142858,
            "C": 2.4285714285714284,
            "D": 1.5625,
            "E": 1.05,
            "F": 0,
            "G": 2.5,
            "H": 1.5625,
            "I": 1.05,
            "J": 1.05,
            "L": 1.5625,
            "M": 2.6666666666666665,
            "N": 1.5625,
            "O": 3.2,
            "P": 1.5625,
            "Q": 1.4375
        },
        "L": {
            "A": 0,
            "B": 0,
            "C": 0,
            "D": 0,
            "E": 0,
            "F": 0,
            "G": 1.8333333333333333,
            "H": 0,
            "I": 0,
            "J": 0,
            "K": 0,
            "M": 1.6428571428571428,
            "N": 0,
            "O": 2.1333333333333333,
            "P": 0,
            "Q": 0
        },
        "M": {
            "A": 0,
            "B": 0,
            "C": 0,
            "D": 0,
            "E": 0,
            "F": 0,
            "G": 1.4666666666666666,
            "H": 0,
            "I": 0,
            "J": 0,
            "K": 0,
            "L": 0,
            "N": 0,
            "O": 1.4666666666666666,
            "P": 0,
            "Q": 0
        },
        "N": {
            "A": 1.05,
            "B": 1.2,
            "C": 2.4285714285714284,
            "D": 3.35,
            "E": 1.05,
            "F": 0,
            "G": 2.8,
            "H": 4.166666666666667,
            "I": 1.05,
            "J": 1.05,
            "K": 1.2,
            "L": 6.75,
            "M": 6.25,
            "O": 4.8,
            "P": 3.35,
            "Q": 1.2
        },
        "O": {
            "A": 0,
            "B": 0,
            "C": 0,
            "D": 0,
            "E": 0,
            "F": 0,
            "G": 1.5,
            "H": 0,
            "I": 0,
            "J": 0,
            "K": 0,
            "L": 0,
            "M": 0,
            "N": 0,
            "P": 0,
            "Q": 0
        },
        "P": {
            "A": 1.05,
            "B": 1.2,
            "C": 2.4285714285714284,
            "D": 4.666666666666667,
            "E": 1.05,
            "F": 0,
            "G": 2.8,
            "H": 3.7142857142857144,
            "I": 1.05,
            "J": 1.05,
            "K": 1.2,
            "L": 5.6,
            "M": 4.166666666666667,
            "N": 1.2,
            "O": 3.4285714285714284,
            "Q": 1.2
        },
        "Q": {
            "A": 1.05,
            "B": 1.2857142857142858,
            "C": 2,
            "D": 5.333333333333333,
            "E": 1.05,
            "F": 0,
            "G": 3.4,
            "H": 2.4285714285714284,
            "I": 1.05,
            "J": 1.05,
            "K": 1.2,
            "L": 4.875,
            "M": 3.4,
            "N": 1.263157894736842,
            "O": 3.3636363636363638,
            "P": 1.263157894736842
        }
    }
}