{
    "Ranking": "7 > 2 > 5 > 6 > 10 > 8 > 4 > 1 > 3 > 9",
    "Number Of Seats": 6,
    "Stats": {
        "7": 128.7023111929957,
        "2": 65.9056857835726,
        "5": 55.70199593726369,
        "6": 55.47712222852089,
        "10": 54.31247023809512,
        "8": 51.0298554421768,
        "4": 46.322323160745746,
        "1": 44.652934145880515,
        "3": 39.80255999622065,
        "9": 38.02845616024189
    }
}