{
    "Ranking": "7 > 2 > 5 > 6 > 8 > 10",
    "Number Of Seats": 6,
    "Stats": {
        "votes_needed_to_win": 29,
        "rounds": {
            "1": {
                "7": 103,
                "2": 36,
                "10": 14,
                "1": 11,
                "6": 8,
                "4": 7,
                "3": 5,
                "8": 5,
                "9": 4,
                "5": 2
            },
            "2": {
                "5": 32.563646170442,
                "10": 17.786677454153,
                "1": 13.873786407767,
                "4": 12.418015102481,
                "8": 12.378910463862,
                "6": 11.068230852211,
                "3": 6.825782092772,
                "9": 4
            },
            "3": {
                "6": 37.869627798927,
                "10": 19.942017259978,
                "8": 14.01024811219,
                "1": 13.873786407767,
                "4": 12.612459546926,
                "3": 6.825782092772,
                "9": 4
            },
            "4": {
                "8": 40.936423534619,
                "10": 19.942017259978,
                "4": 14.283567563957,
                "1": 14.217437558351,
                "3": 6.825782092772,
                "9": 4.662874070741
            },
            "5": {
                "10": 47.586639284349,
                "4": 18.167384999075,
                "1": 16.858806234029,
                "3": 8.845844147473,
                "9": 4.662874070741
            }
        }
    }
}