{
    "Ranking": "7 > 2 > 10 > 1 > 6 > 4 > 3 = 8 > 9 > 5",
    "Number Of Seats": 6,
    "Stats": {
        "1": {
            "7": 103.29999999999998,
            "2": 36.300000000000004,
            "10": 14.299999999999999,
            "1": 11.299999999999999,
            "6": 8.299999999999999,
            "4": 7.299999999999999,
            "3": 5.299999999999999,
            "8": 5.299999999999999,
            "9": 4.299999999999999,
            "5": 2.3000000000000003
        }
    }
}