{
    "Ranking": "7 > 2 > 5 > 6 > 8 > 10",
    "Number Of Seats": 6,
    "Stats": {
        "votes_needed_to_win": 29,
        "rounds": {
            "1": {
                "7": 103,
                "2": 36,
                "10": 14,
                "1": 11,
                "6": 8,
                "4": 7,
                "3": 5,
                "8": 5,
                "9": 4,
                "5": 2
            },
            "2": {
                "5": 32.563646172,
                "10": 17.786677454,
                "1": 13.873786408,
                "4": 12.418015102,
                "8": 12.378910464,
                "6": 11.068230852,
                "3": 6.825782092,
                "9": 4
            },
            "3": {
                "6": 37.8696278,
                "10": 19.94201726,
                "8": 14.010248112,
                "1": 13.873786408,
                "4": 12.612459546,
                "3": 6.825782092,
                "9": 4
            },
            "4": {
                "8": 40.936423536,
                "10": 19.94201726,
                "4": 14.283567563,
                "1": 14.217437558,
                "3": 6.825782092,
                "9": 4.66287407
            },
            "5": {
                "10": 47.586639286,
                "4": 18.167384998,
                "1": 16.858806233,
                "3": 8.845844146,
                "9": 4.66287407
            }
        }
    }
}