{
    "Ranking": "16 > 14 > 13 > 1 > 7 > 17 > 6 > 4 > 9 > 18 > 19 > 12 > 15 > 2 > 10 > 11 > 3 > 8 > 5",
    "Number Of Seats": 3,
    "Stats": {
        "16": 22.300167933,
        "14": 22.084158037,
        "13": 21.192889847,
        "1": 20.407791832,
        "7": 18.989448255,
        "17": 18.06932503,
        "6": 17.146050836,
        "4": 15.170071638,
        "9": 14.684990533,
        "18": 14.545450487,
        "19": 13.924446839,
        "12": 13.922793897,
        "15": 12.302599564,
        "2": 12.246904184,
        "10": 12.000624597,
        "11": 11.923699838,
        "3": 11.66672735,
        "8": 10.95182263,
        "5": 10.932428216
    }
}