{
    "Ranking": "1 > 6 > 5 > 4 > 3 > 2",
    "Number Of Seats": 1,
    "Stats": {
        "1": 87.1,
        "6": 64.43333333333337,
        "5": 49.78333333333336,
        "4": 47.3166666666667,
        "3": 46.63333333333334,
        "2": 27.28333333333332
    }
}