{
    "Ranking": "1 > 6 > 5 > 4 > 3 > 2",
    "Number Of Seats": 1,
    "Stats": {
        "1": 87.1,
        "6": 64.433333333,
        "5": 49.783333333,
        "4": 47.316666667,
        "3": 46.633333333,
        "2": 27.283333333
    }
}