{
    "Ranking": "C > A > B > D",
    "Number Of Seats": 3,
    "Stats": {
        "A": {
            "B": 1.2651162790697674,
            "C": 0,
            "D": 1.9645161290322581
        },
        "B": {
            "A": 0,
            "C": 0,
            "D": 1.6987951807228916
        },
        "C": {
            "A": 1.0491803278688525,
            "B": 1.4580152671755726,
            "D": 2.0166112956810633
        },
        "D": {
            "A": 0,
            "B": 0,
            "C": 0
        }
    }
}