{
    "Ranking": "C > A > B > D",
    "Number Of Seats": 3,
    "Stats": {
        "C": 636.75,
        "A": 606.333333333,
        "B": 553.25,
        "D": 420.666666667
    }
}