{
    "Ranking": "C > A > B > D",
    "Number Of Seats": 3,
    "Stats": {
        "C": 636.750000000003,
        "A": 606.3333333333359,
        "B": 553.2500000000016,
        "D": 420.66666666666737
    }
}