{
    "Ranking": "4 > 1 > 3 > 2",
    "Number Of Seats": 1,
    "Stats": {
        "1": {
            "2": 4.166666666666667,
            "3": 1.2173913043478262,
            "4": 0
        },
        "2": {
            "1": 0,
            "3": 0,
            "4": 0
        },
        "3": {
            "1": 0,
            "2": 1.4615384615384615,
            "4": 0
        },
        "4": {
            "1": 1.76,
            "2": 5.4,
            "3": 1.7272727272727273
        }
    }
}