{
    "Ranking": "4 > 1 > 2",
    "Number Of Seats": 3,
    "Stats": {
        "Votes Needed to Win": 40,
        "rounds": {
            "1": {
                "4": 57,
                "1": 44,
                "2": 37,
                "3": 20
            },
            "2": {
                "2": 43.953748008,
                "3": 31.685805423
            }
        }
    }
}