{
    "Ranking": "4 > 1 > 2 > 3",
    "Number Of Seats": 3,
    "Stats": {
        "4": 93.930555556,
        "1": 84.972222222,
        "2": 80.055555556,
        "3": 70.208333333
    }
}