{
    "Ranking": "J > B > H > E > D > N > L > A > F > K > M > G > C > I",
    "Number Of Seats": 12,
    "Stats": {
        "J": 20.63015873,
        "B": 17.53547286,
        "H": 16.360894661,
        "E": 15.056537907,
        "D": 14.356457431,
        "N": 13.682550783,
        "L": 13.166378066,
        "A": 12.382539683,
        "F": 12.325621601,
        "K": 11.542135642,
        "M": 10.817893218,
        "G": 9.604448329,
        "C": 8.999300699,
        "I": 3.862637363
    }
}