{
    "Ranking": "B > E > J > H > N > D > A > M > L > F > K > G > C",
    "Number Of Seats": 12,
    "Stats": {
        "votes_needed_to_win": 5,
        "rounds": {
            "1": {
                "B": 9,
                "E": 8,
                "J": 8,
                "H": 5,
                "N": 5,
                "C": 4,
                "K": 4,
                "M": 4,
                "A": 3,
                "D": 3,
                "F": 3,
                "G": 3,
                "I": 2,
                "L": 2
            },
            "2": {
                "D": 5.388888888889,
                "A": 4.944444444444,
                "M": 4.75,
                "C": 4.444444444444,
                "L": 4.319444444444,
                "F": 4.263888888889,
                "K": 4,
                "G": 3.444444444444,
                "I": 2
            },
            "3": {
                "A": 6.586053837342,
                "M": 5.266609392898,
                "L": 4.766609392898,
                "C": 4.444444444444,
                "F": 4.263888888889,
                "K": 4,
                "G": 3.444444444444,
                "I": 2
            },
            "4": {
                "L": 6.23367462065,
                "F": 5.490134063159,
                "K": 5.266609392898,
                "C": 4.685264497926,
                "G": 4.504708942371,
                "I": 2.516609392898
            },
            "5": {
                "G": 8.014380665432,
                "C": 6.826479778808,
                "I": 2.567231980033
            }
        }
    }
}