{
    "Ranking": "J > B > H > E > D > N > L > A > F > K > M > G > C > I",
    "Number Of Seats": 12,
    "Stats": {
        "J": 20.63015873015873,
        "B": 17.535472860472858,
        "H": 16.36089466089466,
        "E": 15.056537906537903,
        "D": 14.356457431457432,
        "N": 13.68255078255078,
        "L": 13.166378066378064,
        "A": 12.38253968253968,
        "F": 12.325621600621599,
        "K": 11.542135642135634,
        "M": 10.817893217893216,
        "G": 9.604448329448326,
        "C": 8.999300699300695,
        "I": 3.862637362637364
    }
}