{
    "Ranking": "4 > 3 > 2 > 1",
    "Number Of Seats": 1,
    "Stats": {
        "4": 22.652777778,
        "3": 18.097222222,
        "2": 14.152777778,
        "1": 11.763888889
    }
}