{
    "Ranking": "18 > 9 > 19 > 20 > 14 > 7 > 11 > 4 > 12 > 15 > 8 > 16 > 2 = 6 > 1 = 13 > 3 = 17 > 10 > 5",
    "Number Of Seats": 2,
    "Stats": {
        "1": {
            "2": 1.5,
            "3": 1.5,
            "4": 1.5,
            "5": 2.5,
            "6": 1.5,
            "7": 1.5,
            "8": 1.5,
            "9": 0,
            "10": 1.5,
            "11": 1.5,
            "12": 1.5,
            "13": 1.5,
            "14": 1.5,
            "15": 1.5,
            "16": 1.5,
            "17": 2.5,
            "18": 0,
            "19": 0,
            "20": 0
        },
        "2": {
            "1": 2.5,
            "3": 1.5,
            "4": 1.5,
            "5": 2.5,
            "6": 1.5,
            "7": 1.5,
            "8": 1.5,
            "9": 0,
            "10": 1.6666666666666667,
            "11": 1.5,
            "12": 1.5,
            "13": 1.5,
            "14": 1.5,
            "15": 1.5,
            "16": 1.5,
            "17": 4,
            "18": 0,
            "19": 0,
            "20": 0
        },
        "3": {
            "1": 1.5,
            "2": 1.5,
            "4": 1.5,
            "5": 1.5,
            "6": 1.5,
            "7": 1.5,
            "8": 1.5,
            "9": 0,
            "10": 2,
            "11": 1.5,
            "12": 1.5,
            "13": 1.5,
            "14": 1.5,
            "15": 1.5,
            "16": 1.5,
            "17": 1.5,
            "18": 0,
            "19": 0,
            "20": 0
        },
        "4": {
            "1": 2,
            "2": 2,
            "3": 3,
            "5": 2.5,
            "6": 2.5,
            "7": 1.6666666666666667,
            "8": 2.5,
            "9": 0,
            "10": 5,
            "11": 1.6666666666666667,
            "12": 2.5,
            "13": 3,
            "14": 1.5,
            "15": 2,
            "16": 3,
            "17": 3,
            "18": 0,
            "19": 0,
            "20": 0
        },
        "5": {
            "1": 0,
            "2": 0,
            "3": 0,
            "4": 0,
            "6": 0,
            "7": 0,
            "8": 0,
            "9": 0,
            "10": 0,
            "11": 0,
            "12": 0,
            "13": 0,
            "14": 0,
            "15": 0,
            "16": 0,
            "17": 0,
            "18": 0,
            "19": 0,
            "20": 0
        },
        "6": {
            "1": 1.5,
            "2": 1.5,
            "3": 2,
            "4": 1.5,
            "5": 2,
            "7": 1.5,
            "8": 1.5,
            "9": 0,
            "10": 2,
            "11": 1.5,
            "12": 1.5,
            "13": 2,
            "14": 1.5,
            "15": 1.5,
            "16": 1.5,
            "17": 3.5,
            "18": 0,
            "19": 0,
            "20": 0
        },
        "7": {
            "1": 2.25,
            "2": 2.25,
            "3": 2.25,
            "4": 2.25,
            "5": 2.25,
            "6": 2.25,
            "8": 2.25,
            "9": 0,
            "10": 6,
            "11": 2.25,
            "12": 2.25,
            "13": 2.5,
            "14": 1.5,
            "15": 2,
            "16": 2.25,
            "17": 2.25,
            "18": 0,
            "19": 0,
            "20": 0
        },
        "8": {
            "1": 2,
            "2": 2,
            "3": 2,
            "4": 1.5,
            "5": 5,
            "6": 4,
            "7": 1.5,
            "9": 0,
            "10": 4,
            "11": 1.5,
            "12": 1.5,
            "13": 2,
            "14": 1.5,
            "15": 1.5,
            "16": 2,
            "17": 3.5,
            "18": 0,
            "19": 0,
            "20": 0
        },
        "9": {
            "1": 5,
            "2": 3.3333333333333335,
            "3": 4,
            "4": 2.25,
            "5": 2.5,
            "6": 2.5,
            "7": 2.5,
            "8": 2.5,
            "10": 2.5,
            "11": 2.25,
            "12": 2.25,
            "13": 4,
            "14": 1.5,
            "15": 2.5,
            "16": 4,
            "17": 5,
            "18": 0,
            "19": 1.1,
            "20": 1.5
        },
        "10": {
            "1": 1.3333333333333333,
            "2": 1.3333333333333333,
            "3": 1.3333333333333333,
            "4": 1.3333333333333333,
            "5": 1.3333333333333333,
            "6": 1.3333333333333333,
            "7": 1.3333333333333333,
            "8": 1.3333333333333333,
            "9": 0,
            "11": 1.3333333333333333,
            "12": 1.3333333333333333,
            "13": 1.3333333333333333,
            "14": 1.3333333333333333,
            "15": 1.3333333333333333,
            "16": 1.3333333333333333,
            "17": 1.3333333333333333,
            "18": 0,
            "19": 0,
            "20": 0
        },
        "11": {
            "1": 6,
            "2": 2.5,
            "3": 4,
            "4": 5,
            "5": 3,
            "6": 4,
            "7": 1.6666666666666667,
            "8": 3,
            "9": 0,
            "10": 6,
            "12": 4,
            "13": 5,
            "14": 1.5,
            "15": 2,
            "16": 3,
            "17": 4,
            "18": 0,
            "19": 0,
            "20": 0
        },
        "12": {
            "1": 2,
            "2": 2,
            "3": 2,
            "4": 1.6666666666666667,
            "5": 3,
            "6": 3,
            "7": 1.6666666666666667,
            "8": 3,
            "9": 0,
            "10": 3,
            "11": 1.6666666666666667,
            "13": 2,
            "14": 1.5,
            "15": 1.6666666666666667,
            "16": 2,
            "17": 3,
            "18": 0,
            "19": 0,
            "20": 0
        },
        "13": {
            "1": 1.5,
            "2": 1.5,
            "3": 2,
            "4": 1.5,
            "5": 1.6,
            "6": 1.5,
            "7": 1.5,
            "8": 1.5,
            "9": 0,
            "10": 2,
            "11": 1.5,
            "12": 1.5,
            "14": 1.5,
            "15": 1.5,
            "16": 1.5,
            "17": 1.5,
            "18": 0,
            "19": 0,
            "20": 0
        },
        "14": {
            "1": 2,
            "2": 2,
            "3": 2,
            "4": 1.6666666666666667,
            "5": 5,
            "6": 3,
            "7": 1.6666666666666667,
            "8": 3,
            "9": 0,
            "10": 3,
            "11": 1.6666666666666667,
            "12": 3,
            "13": 2,
            "15": 1.6666666666666667,
            "16": 2,
            "17": 3,
            "18": 0,
            "19": 0,
            "20": 0
        },
        "15": {
            "1": 2.5,
            "2": 4,
            "3": 5,
            "4": 1.5,
            "5": 5,
            "6": 3,
            "7": 1.5,
            "8": 3,
            "9": 0,
            "10": 3,
            "11": 1.5,
            "12": 1.5,
            "13": 7,
            "14": 1.5,
            "16": 2,
            "17": 4,
            "18": 0,
            "19": 0,
            "20": 0
        },
        "16": {
            "1": 2,
            "2": 2,
            "3": 4,
            "4": 1.5,
            "5": 2,
            "6": 2.5,
            "7": 1.5,
            "8": 1.5,
            "9": 0,
            "10": 2,
            "11": 1.5,
            "12": 1.5,
            "13": 4,
            "14": 1.5,
            "15": 1.5,
            "17": 4,
            "18": 0,
            "19": 0,
            "20": 0
        },
        "17": {
            "1": 1.5,
            "2": 1.5,
            "3": 1.5,
            "4": 1.5,
            "5": 2,
            "6": 1.5,
            "7": 1.5,
            "8": 1.5,
            "9": 0,
            "10": 1.5,
            "11": 1.5,
            "12": 1.5,
            "13": 1.5,
            "14": 1.5,
            "15": 1.5,
            "16": 1.5,
            "18": 0,
            "19": 0,
            "20": 0
        },