{
    "Ranking": "18 > 9 > 19 > 12 > 7 > 1 > 2 > 13 > 20 > 8 > 5 > 16 > 15 > 11 > 14 > 4 > 6 > 10 > 3 > 17",
    "Number Of Seats": 2,
    "Stats": {
        "18": 19.166666667,
        "9": 17,
        "19": 14.337301587,
        "12": 9.893131868,
        "7": 9.348809524,
        "1": 9.19223693,
        "2": 9.050887021,
        "13": 8.905806182,
        "20": 7.912887989,
        "8": 7.431818182,
        "5": 7.012750627,
        "16": 6.856944444,
        "15": 5.102020202,
        "11": 4.748412698,
        "14": 4.301388889,
        "4": 3.875,
        "6": 3.395270416,
        "10": 2.949343098,
        "3": 2.087990196,
        "17": 1.862863933
    }
}