{
    "Ranking": "3 > 1 > 4 > 5 > 2",
    "Number Of Seats": 2,
    "Stats": {
        "3": 217.833333333,
        "1": 206.166666667,
        "4": 98.333333333,
        "5": 87.25,
        "2": 77.916666667
    }
}