{
    "Ranking": "10 > 11 > 6 > 8 > 13 > 7 > 4 > 5 > 1 > 3 > 2 > 12 > 9",
    "Number Of Seats": 2,
    "Stats": {
        "1": {
            "10": 115.384615385,
            "11": 80.384615385,
            "6": 70.384615385,
            "8": 64.384615385,
            "13": 62.384615385,
            "7": 60.384615385,
            "4": 49.384615385,
            "5": 42.384615385,
            "1": 40.384615385,
            "3": 38.384615385,
            "2": 23.384615385,
            "12": 21.384615385,
            "9": 16.384615385
        }
    }
}