{
    "Ranking": "10 > 11 > 6 > 13 > 8 > 4 > 7 > 1 > 5 > 3 > 2 > 9 > 12",
    "Number Of Seats": 2,
    "Stats": {
        "10": 239.16532310854478,
        "11": 204.58111219519836,
        "6": 190.3902484061108,
        "13": 188.57092493627013,
        "8": 188.38606882897366,
        "4": 168.07963358782794,
        "7": 167.4066229932239,
        "1": 157.39186627767705,
        "5": 153.02879200026288,
        "3": 139.51956658392436,
        "2": 128.86610863074253,
        "9": 126.77033466965474,
        "12": 126.23502004820905
    }
}