{
    "Ranking": "10 > 11 > 6 > 8 > 13 > 7 > 4 > 5 > 1 > 3 > 2 > 12 > 9",
    "Number Of Seats": 2,
    "Stats": {
        "1": {
            "10": 115.3846153846154,
            "11": 80.3846153846154,
            "6": 70.3846153846154,
            "8": 64.3846153846154,
            "13": 62.3846153846154,
            "7": 60.3846153846154,
            "4": 49.3846153846154,
            "5": 42.3846153846154,
            "1": 40.3846153846154,
            "3": 38.3846153846154,
            "2": 23.384615384615383,
            "12": 21.384615384615383,
            "9": 16.384615384615383
        },
        "2": {
            "10": 372.5,
            "11": 312.5
        }
    }
}