{
    "Ranking": "J > B > H > E > N > D > A > L > F > K > M > G > C > I",
    "Number Of Seats": 12,
    "Stats": {
        "J": 21.83746513890058,
        "B": 18.98333967619682,
        "H": 17.500139550027374,
        "E": 16.744491340212495,
        "N": 15.334524037893999,
        "D": 15.230512197661922,
        "A": 14.078894786193322,
        "L": 13.996336839290134,
        "F": 13.679008323449715,
        "K": 13.493032269080794,
        "M": 13.114665824017932,
        "G": 11.5645609982881,
        "C": 11.46016340514051,
        "I": 7.83129218707286
    }
}