{
    "Ranking": "J > B > H > E > N > D > A > L > F > K > M > G > C > I",
    "Number Of Seats": 12,
    "Stats": {
        "J": 21.837465139,
        "B": 18.983339676,
        "H": 17.50013955,
        "E": 16.74449134,
        "N": 15.334524038,
        "D": 15.230512198,
        "A": 14.078894786,
        "L": 13.996336839,
        "F": 13.679008323,
        "K": 13.493032269,
        "M": 13.114665824,
        "G": 11.564560998,
        "C": 11.460163405,
        "I": 7.831292187
    }
}