{
    "Ranking": "J > B > E > H = N > C = K = M > A = D = F = G > I = L",
    "Number Of Seats": 12,
    "Stats": {
        "1": {
            "B": 9,
            "E": 8,
            "J": 8,
            "N": 5,
            "H": 5,
            "K": 4,
            "C": 4,
            "M": 4,
            "G": 3,
            "F": 3,
            "A": 3,
            "D": 3,
            "I": 2,
            "L": 2
        },
        "2": {
            "J": 29.666666666666664,
            "B": 17.666666666666668,
            "E": 15.666666666666666
        }
    }
}