{
    "Ranking": "E > A > C > G > D > B > F",
    "Number Of Seats": 3,
    "Stats": {
        "E": 346.338095238094,
        "A": 329.2547619047618,
        "C": 295.31428571428523,
        "G": 291.7952380952378,
        "D": 273.91904761904755,
        "B": 184.27619047619012,
        "F": 143.21904761904722
    }
}