{
    "Ranking": "A > E > G > C",
    "Number Of Seats": 3,
    "Stats": {
        "votes_needed_to_win": 216,
        "rounds": {
            "1": {
                "A": 177,
                "E": 175,
                "G": 143,
                "C": 142,
                "D": 94,
                "B": 77,
                "F": 52
            },
            "2": {
                "E": 189,
                "A": 182,
                "G": 152,
                "C": 149,
                "D": 102,
                "B": 78
            },
            "3": {
                "E": 209,
                "A": 196,
                "G": 164,
                "C": 160,
                "D": 117
            },
            "4": {
                "A": 230,
                "E": 230,
                "G": 199,
                "C": 179
            },
            "5": {
                "G": 250.91304347826,
                "C": 227.591304347826
            }
        }
    }
}