{
    "Ranking": "E > A > C > G > D > B > F",
    "Number Of Seats": 3,
    "Stats": {
        "E": 346.338095238,
        "A": 329.254761905,
        "C": 295.314285714,
        "G": 291.795238095,
        "D": 273.919047619,
        "B": 184.276190476,
        "F": 143.219047619
    }
}