{
    "Ranking": "B > C > F > E > A > D",
    "Number Of Seats": 4,
    "Stats": {
        "A": {
            "B": 0,
            "C": 0,
            "D": 1.096551724137931,
            "E": 0,
            "F": 0
        },
        "B": {
            "A": 1.5389221556886228,
            "C": 1.0572916666666667,
            "D": 1.5246913580246915,
            "E": 1.5064102564102564,
            "F": 1.0723981900452488
        },
        "C": {
            "A": 1.6564885496183206,
            "B": 0,
            "D": 1.4724409448818898,
            "E": 1.4770642201834863,
            "F": 1.143646408839779
        },
        "D": {
            "A": 0,
            "B": 0,
            "C": 0,
            "E": 0,
            "F": 0
        },
        "E": {
            "A": 1.0124223602484472,
            "B": 0,
            "C": 0,
            "D": 1.0780141843971631,
            "F": 0
        },
        "F": {
            "A": 1.2848101265822784,
            "B": 0,
            "C": 0,
            "D": 1.096551724137931,
            "E": 1.162162162162162
        }
    }
}