{
    "Ranking": "B > C > F > D > A > E",
    "Number Of Seats": 4,
    "Stats": {
        "B": 400.78333333333063,
        "C": 364.54999999999944,
        "F": 352.5833333333333,
        "D": 273.8500000000001,
        "A": 267.9666666666663,
        "E": 225.60000000000005
    }
}