{
    "Ranking": "Ben Collins > Bdale Garbee > Branden Robinson > Anand Kumria > None Of The Above",
    "Number Of Seats": 1,
    "Stats": {
        "Ben Collins": 193.24722222222223,
        "Bdale Garbee": 176.15694444444452,
        "Branden Robinson": 173.6541666666667,
        "Anand Kumria": 83.15694444444446,
        "None Of The Above": 81.61805555555573
    }
}