{
    "Ranking": "1 > 3 > 7 > 5 > 8 > 9",
    "Number Of Seats": 6,
    "Stats": {
        "votes_needed_to_win": 138,
        "rounds": {
            "1": {
                "1": 325,
                "3": 200,
                "8": 114,
                "10": 65,
                "4": 60,
                "5": 59,
                "9": 47,
                "2": 44,
                "7": 31,
                "6": 18
            },
            "2": {
                "8": 117.940769230769,
                "7": 88.406923076923,
                "5": 77.416923076923,
                "10": 70.577692307692,
                "6": 66.466153846154,
                "4": 63.276153846154,
                "9": 61.875384615385,
                "2": 56.970769230769
            },
            "3": {
                "8": 122.940769230769,
                "7": 92.177692307692,
                "5": 87.497692307692,
                "9": 77.760769230769,
                "4": 73.781538461538,
                "10": 73.153076923077,
                "6": 70.236923076923
            },
            "4": {
                "7": 136.586153846154,
                "8": 128.940769230769,
                "5": 95.491538461539,
                "9": 83.833076923077,
                "4": 76.356923076923,
                "10": 73.463076923077
            },
            "5": {
                "7": 140.161538461539,
                "8": 131.826153846154,
                "5": 115.376923076923,
                "9": 94.179230769231,
                "4": 92.242307692308
            },
            "6": {
                "8": 136.513151224496,
                "5": 122.548721593428,
                "9": 109.007034529052,
                "4": 101.783994756684
            },
            "7": {
                "5": 148.50641390112,
                "8": 145.640185753547,
                "9": 127.777803759821
            },
            "8": {
                "9": 193.412820630118
            }
        }
    }
}