{
    "Ranking": "1 > 3 > 5 > 8 > 9 > 7 > 6 > 10 > 2 > 4",
    "Number Of Seats": 6,
    "Stats": {
        "1": 403.25634920634917,
        "3": 234.16269841269832,
        "5": 153.35,
        "8": 149.25992063492046,
        "9": 135.6027777777778,
        "7": 130.3444444444441,
        "6": 130.28769841269826,
        "10": 125.99047619047624,
        "2": 116.3067460317461,
        "4": 105.63650793650795
    }
}