{
    "Ranking": "1 > 6 > 7 > 3 > 5 > 10 > 9 > 2 > 4 > 8",
    "Number Of Seats": 6,
    "Stats": {
        "1": {
            "2": 3.1956521739130435,
            "3": 1.3717948717948718,
            "4": 3.1785714285714284,
            "5": 2.622950819672131,
            "6": 4.56,
            "7": 7.424242424242424,
            "8": 1.6590909090909092,
            "9": 1.7763157894736843,
            "10": 2.340909090909091
        },
        "2": {
            "1": 0,
            "3": 1.0517241379310345,
            "4": 1.2903225806451613,
            "5": 1.0517241379310345,
            "6": 1.0517241379310345,
            "7": 1.0517241379310345,
            "8": 1.2820512820512822,
            "9": 1.152542372881356,
            "10": 1.1372549019607843
        },
        "3": {
            "1": 0,
            "2": 1.3770491803278688,
            "4": 1.7777777777777777,
            "5": 1.6111111111111112,
            "6": 1.127906976744186,
            "7": 1.2372881355932204,
            "8": 2.054054054054054,
            "9": 1.5689655172413792,
            "10": 1.32
        },
        "4": {
            "1": 0,
            "2": 1.152542372881356,
            "3": 1.0517241379310345,
            "5": 1.0517241379310345,
            "6": 1.0517241379310345,
            "7": 1.0517241379310345,
            "8": 1.2820512820512822,
            "9": 1.152542372881356,
            "10": 1.1372549019607843
        },
        "5": {
            "1": 0,
            "2": 1.2372881355932204,
            "3": 1.2372881355932204,
            "4": 1.2372881355932204,
            "6": 1.127906976744186,
            "7": 1.2372881355932204,
            "8": 1.6590909090909092,
            "9": 1.2372881355932204,
            "10": 1.2372881355932204
        },
        "6": {
            "1": 0,
            "2": 1.4137931034482758,
            "3": 1.2758620689655173,
            "4": 1.8205128205128205,
            "5": 1.2758620689655173,
            "7": 1.2903225806451613,
            "8": 1.2903225806451613,
            "9": 1.3714285714285714,
            "10": 1.2903225806451613
        },
        "7": {
            "1": 0,
            "2": 1.2758620689655173,
            "3": 1.2758620689655173,
            "4": 1.5897435897435896,
            "5": 1.2758620689655173,
            "6": 1.127906976744186,
            "8": 1.4736842105263157,
            "9": 1.2758620689655173,
            "10": 1.4772727272727273
        },
        "8": {
            "1": 0,
            "2": 1.152542372881356,
            "3": 1.0517241379310345,
            "4": 1.152542372881356,
            "5": 1.0517241379310345,
            "6": 1.0517241379310345,
            "7": 1.0517241379310345,
            "9": 1.152542372881356,
            "10": 1.1372549019607843
        },
        "9": {
            "1": 0,
            "2": 1.2688172043010753,
            "3": 1.0517241379310345,
            "4": 1.6226415094339623,
            "5": 1.0517241379310345,
            "6": 1.0517241379310345,
            "7": 1.0517241379310345,
            "8": 1.2820512820512822,
            "10": 1.1372549019607843
        },
        "10": {
            "1": 0,
            "2": 1.152542372881356,
            "3": 1.0517241379310345,
            "4": 1.4363636363636363,
            "5": 1.0517241379310345,
            "6": 1.0517241379310345,
            "7": 1.0517241379310345,
            "8": 1.2820512820512822,
            "9": 1.152542372881356
        }
    }
}