{
    "Ranking": "1 > 3 > 13 > 5 > 4 > 11 > 7 > 6 > 12 > 9 > 16 > 8 > 15 > 2 > 10 > 14",
    "Number Of Seats": 7,
    "Stats": {
        "1": 365.31177885222945,
        "3": 247.5060097604763,
        "13": 214.88182802214297,
        "5": 192.7372473698455,
        "4": 173.39436694184198,
        "11": 172.86915483497552,
        "7": 167.32984689616023,
        "6": 141.32616410845873,
        "12": 131.35663443676836,
        "9": 120.09401962271512,
        "16": 119.97870328893583,
        "8": 115.8141193863826,
        "15": 109.92799847149396,
        "2": 104.59911391548574,
        "10": 104.15657392175935,
        "14": 94.83193301082258
    }
}