{
    "Ranking": "Sam Hartman > Martin Michlmayr > Joerg Jaspert > Jonathan Carter > None Of The Above",
    "Number Of Seats": 1,
    "Stats": {
        "Sam Hartman": 224.57500000000002,
        "Martin Michlmayr": 197.51527777777775,
        "Joerg Jaspert": 177.52222222222233,
        "Jonathan Carter": 173.07361111111115,
        "None Of The Above": 90.41388888888928
    }
}