{
    "Ranking": "4 > 3 > 5 > 1 > 2",
    "Number Of Seats": 1,
    "Stats": {
        "1": {
            "2": 1.025,
            "3": 0,
            "4": 0,
            "5": 0
        },
        "2": {
            "1": 0,
            "3": 0,
            "4": 0,
            "5": 0
        },
        "3": {
            "1": 1.5526315789473684,
            "2": 1.5,
            "4": 0,
            "5": 1.1320754716981132
        },
        "4": {
            "1": 2.793103448275862,
            "2": 2.6774193548387095,
            "3": 1.3333333333333333,
            "5": 2.0256410256410255
        },
        "5": {
            "1": 1.7058823529411764,
            "2": 2.52,
            "3": 0,
            "4": 0
        }
    }
}