{
    "Ranking": "4 > 3 > 5 > 1 > 2",
    "Number Of Seats": 1,
    "Stats": {
        "4": 89.829166667,
        "3": 75.761111111,
        "5": 63.377777778,
        "1": 55.481944444,
        "2": 53.483333333
    }
}