{
    "Ranking": "5 > 9 > 8 > 4 > 3 > 2 > 7 > 1 > 6",
    "Number Of Seats": 3,
    "Stats": {
        "5": 276.50923154446986,
        "9": 192.67302075459853,
        "8": 171.57324609473403,
        "4": 163.82986646510474,
        "3": 163.79283179012324,
        "2": 154.22236174099262,
        "7": 128.96910682791633,
        "1": 127.5558755353993,
        "6": 117.39866559586788
    }
}