{
    "Ranking": "5 > 9 > 8",
    "Number Of Seats": 3,
    "Stats": {
        "votes_needed_to_win": 133,
        "rounds": {
            "1": {
                "5": 193,
                "8": 57,
                "9": 57,
                "2": 55,
                "4": 55,
                "3": 54,
                "1": 22,
                "7": 19,
                "6": 13
            },
            "2": {
                "9": 80.316062176166,
                "8": 65.082901554404,
                "2": 57.176165803109,
                "4": 57.176165803109,
                "3": 56.79792746114,
                "7": 33.300518134715,
                "1": 24.79792746114,
                "6": 15.487046632124
            },
            "3": {
                "9": 82.870466321244,
                "8": 72.704663212435,
                "3": 59.108808290155,
                "2": 58.176165803109,
                "4": 57.176165803109,
                "7": 34.300518134715,
                "1": 24.79792746114
            },
            "4": {
                "9": 90.735751295337,
                "8": 75.326424870466,
                "3": 67.419689119171,
                "4": 61.176165803109,
                "2": 59.176165803109,
                "7": 34.300518134715
            },
            "5": {
                "9": 99.533678756477,
                "8": 83.300518134715,
                "3": 75.082901554404,
                "4": 64.419689119171,
                "2": 61.176165803109
            },
            "6": {
                "8": 123.165803108808,
                "9": 103.844559585492,
                "3": 81.082901554404,
                "4": 67.419689119171
            },
            "7": {
                "9": 136.466321243523,
                "8": 132.098445595855,
                "3": 91.704663212435
            },
            "8": {
                "8": 135.285093702159,
                "3": 121.551725928808
            }
        }
    }
}