{
    "Ranking": "5 > 9 > 8 > 2 = 4 > 3 > 1 > 7 > 6",
    "Number Of Seats": 3,
    "Stats": {
        "1": {
            "5": 193.44444444444446,
            "8": 57.44444444444446,
            "9": 57.44444444444446,
            "2": 55.44444444444446,
            "4": 55.44444444444446,
            "3": 54.44444444444446,
            "1": 22.444444444444443,
            "7": 19.444444444444443,
            "6": 13.444444444444443
        },
        "2": {
            "5": 256.00000000000006,
            "9": 146.00000000000006,
            "8": 126.99999999999997
        }
    }
}