{
    "Ranking": "5 > 9 > 8 > 4 > 3 > 2 > 7 > 1 > 6",
    "Number Of Seats": 3,
    "Stats": {
        "5": 276.509231544,
        "9": 192.673020755,
        "8": 171.573246095,
        "4": 163.829866465,
        "3": 163.79283179,
        "2": 154.222361741,
        "7": 128.969106828,
        "1": 127.555875535,
        "6": 117.398665596
    }
}