{
    "Ranking": "A > D > E > C > B",
    "Number Of Seats": 4,
    "Stats": {
        "A": 1531.4,
        "D": 1495.9,
        "E": 970.133333333,
        "C": 961.8,
        "B": 688.716666667
    }
}