{
    "Ranking": "A > D > E > C",
    "Number Of Seats": 4,
    "Stats": {
        "Votes Needed to Win": 558,
        "rounds": {
            "1": {
                "A": 980,
                "D": 833,
                "C": 420,
                "E": 399,
                "B": 153
            },
            "2": {
                "E": 644.548259392,
                "C": 638.204561902,
                "B": 290.292917215
            }
        }
    }
}