{
    "Ranking": "Sam Hocevar > Steve McIntyre > Anthony Towns > Rapha\u00ebl Hertzog > Wouter Verhelst > Gustavo Franco > None Of The Above > Aigars Mahinovs = Simon Richter",
    "Number Of Seats": 1,
    "Stats": {
        "1": {
            "Sam Hocevar": 142.99801587301587,
            "Steve McIntyre": 92.41468253968254,
            "Anthony Towns": 89.48611111111113,
            "Rapha\u00ebl Hertzog": 57.081349206349216,
            "Wouter Verhelst": 51.664682539682545,
            "Gustavo Franco": 20.914682539682538,
            "None Of The Above": 19.444444444444443,
            "Aigars Mahinovs": 3.998015873015873,
            "Simon Richter": 3.998015873015873
        },
        "2": {
            "Sam Hocevar": 245,
            "Steve McIntyre": 237
        }
    }
}