{
    "Ranking": "Sam Hocevar > Steve McIntyre > Anthony Towns > Rapha\u00ebl Hertzog > Wouter Verhelst > Gustavo Franco > None Of The Above > Simon Richter > Aigars Mahinovs",
    "Number Of Seats": 1,
    "Stats": {
        "Sam Hocevar": 231.21929909926916,
        "Steve McIntyre": 204.5812940917106,
        "Anthony Towns": 184.00930996472653,
        "Rapha\u00ebl Hertzog": 176.1137988158225,
        "Wouter Verhelst": 166.23549571680522,
        "Gustavo Franco": 126.0248135550517,
        "None Of The Above": 108.21118874401643,
        "Simon Richter": 87.13862118921652,
        "Aigars Mahinovs": 80.0288772360797
    }
}