{
    "Ranking": "Jonathan Carter > Sruthi Chandran > Brian Gupta > None Of The Above",
    "Number Of Seats": 1,
    "Stats": {
        "Jonathan Carter": 274.5,
        "Sruthi Chandran": 154.16666666666666,
        "Brian Gupta": 131.24999999999991,
        "None Of The Above": 100.41666666666654
    }
}