{
    "Ranking": "8 > 5 > 7 > 6 > 3 > 4 > 1 > 9 > 2",
    "Number Of Seats": 3,
    "Stats": {
        "8": 98.015799005,
        "5": 67.906336609,
        "7": 49.963565445,
        "6": 37.590402179,
        "3": 36.563274439,
        "4": 24.364275951,
        "1": 23.927867221,
        "9": 23.007344734,
        "2": 20.571848702
    }
}