{
    "Ranking": "8 > 5 > 7",
    "Number Of Seats": 3,
    "Stats": {
        "votes_needed_to_win": 34,
        "rounds": {
            "1": {
                "8": 78,
                "5": 25,
                "7": 11,
                "3": 9,
                "6": 5,
                "1": 2,
                "2": 2,
                "4": 2,
                "9": 0
            },
            "2": {
                "5": 49.820512820513,
                "7": 20.589743589744,
                "3": 10.692307692308,
                "6": 10.076923076923,
                "1": 2.564102564103,
                "4": 2.564102564103,
                "2": 2,
                "9": 1.692307692308
            },
            "3": {
                "7": 39.138010214181,
                "6": 16.988149438484,
                "3": 15.982224157726,
                "1": 3.128205128205,
                "4": 3.128205128205,
                "2": 2.317550180134,
                "9": 2.25641025641
            }
        }
    }
}