{
    "Ranking": "8 > 5 > 7 > 3 > 6 > 1 = 2 = 4 > 9",
    "Number Of Seats": 3,
    "Stats": {
        "1": {
            "8": 78.11111111111111,
            "5": 25.11111111111111,
            "7": 11.11111111111111,
            "3": 9.11111111111111,
            "6": 5.111111111111111,
            "1": 2.111111111111111,
            "2": 2.111111111111111,
            "4": 2.111111111111111,
            "9": 0.1111111111111111
        }
    }
}