{
    "Ranking": "8 > 5 > 7 > 6 > 3 > 4 > 1 > 9 > 2",
    "Number Of Seats": 3,
    "Stats": {
        "8": 98.01579900478711,
        "5": 67.90633660871757,
        "7": 49.96356544469644,
        "6": 37.590402179390274,
        "3": 36.56327443940537,
        "4": 24.364275951121158,
        "1": 23.927867220962444,
        "9": 23.007344734189942,
        "2": 20.571848702443923
    }
}