{
    "Ranking": "8 > 5 > 7 > 6 > 3 > 1 > 4 > 9 > 2",
    "Number Of Seats": 3,
    "Stats": {
        "1": {
            "2": 2.9166666666666665,
            "3": 0,
            "4": 1.1538461538461537,
            "5": 0,
            "6": 0,
            "7": 0,
            "8": 0,
            "9": 1.1538461538461537
        },
        "2": {
            "1": 0,
            "3": 0,
            "4": 0,
            "5": 0,
            "6": 0,
            "7": 0,
            "8": 0,
            "9": 0
        },
        "3": {
            "1": 3,
            "2": 7.6923076923076925,
            "4": 2.5588235294117645,
            "5": 0,
            "6": 0,
            "7": 0,
            "8": 0,
            "9": 2.75
        },
        "4": {
            "1": 0,
            "2": 4.235294117647059,
            "3": 0,
            "5": 0,
            "6": 0,
            "7": 0,
            "8": 0,
            "9": 1.2708333333333333
        },
        "5": {
            "1": 25.2,
            "2": 31.75,
            "3": 6.333333333333333,
            "4": 21,
            "6": 4.782608695652174,
            "7": 2.5,
            "8": 0,
            "9": 15.125
        },
        "6": {
            "1": 3.8076923076923075,
            "2": 9.818181818181818,
            "3": 1.4259259259259258,
            "4": 3.03125,
            "5": 0,
            "7": 0,
            "8": 0,
            "9": 5.611111111111111
        },
        "7": {
            "1": 6.705882352941177,
            "2": 30.75,
            "3": 2.638888888888889,
            "4": 9.583333333333334,
            "5": 0,
            "6": 1.8695652173913044,
            "8": 0,
            "9": 7.6
        },
        "8": {
            "1": 17.714285714285715,
            "2": 20.333333333333332,
            "3": 6.388888888888889,
            "4": 20.666666666666668,
            "5": 2.5945945945945947,
            "6": 6.588235294117647,
            "7": 3.2903225806451615,
            "9": 20.666666666666668
        },
        "9": {
            "1": 0,
            "2": 2.772727272727273,
            "3": 0,
            "4": 0,
            "5": 0,
            "6": 0,
            "7": 0,
            "8": 0
        }
    }
}