{
    "Ranking": "A > C > B > D",
    "Number Of Seats": 1,
    "Stats": {
        "A": 404.666666667,
        "C": 191,
        "B": 171.666666667,
        "D": 159.083333333
    }
}