{
    "Ranking": "A > C > B > D",
    "Number Of Seats": 1,
    "Stats": {
        "A": 404.6666666666664,
        "C": 190.9999999999999,
        "B": 171.66666666666677,
        "D": 159.0833333333334
    }
}