{
    "Ranking": "J > B > A > L > F > E > I > K > H > D > M > G > C",
    "Number Of Seats": 8,
    "Stats": {
        "J": 240.73062770562774,
        "B": 226.59191919191917,
        "A": 200.99383116883115,
        "L": 176.9840187590187,
        "F": 175.80245310245323,
        "E": 162.59509379509356,
        "I": 152.05147907647907,
        "K": 138.3782106782107,
        "H": 137.3449134199134,
        "D": 134.9375901875901,
        "M": 118.2576118326119,
        "G": 108.89754689754695,
        "C": 103.79491341991331
    }
}