{
    "Ranking": "5 > 9 > 8",
    "Number Of Seats": 3,
    "Stats": {
        "Votes Needed to Win": 133,
        "rounds": {
            "1": {
                "5": 193,
                "8": 57,
                "9": 57,
                "2": 55,
                "4": 55,
                "3": 54,
                "1": 22,
                "7": 19,
                "6": 13
            },
            "2": {
                "9": 80.316062175,
                "8": 65.082901554,
                "2": 57.176165803,
                "4": 57.176165803,
                "3": 56.797927461,
                "7": 33.300518134,
                "1": 24.797927461,
                "6": 15.487046632
            },
            "3": {
                "9": 82.87046632,
                "8": 72.704663212,
                "3": 59.10880829,
                "2": 58.176165803,
                "4": 57.176165803,
                "7": 34.300518134,
                "1": 24.797927461
            },
            "4": {
                "9": 90.735751294,
                "8": 75.32642487,
                "3": 67.419689119,
                "4": 61.176165803,
                "2": 59.176165803,
                "7": 34.300518134
            },
            "5": {
                "9": 99.533678755,
                "8": 83.300518134,
                "3": 75.082901554,
                "4": 64.419689119,
                "2": 61.176165803
            },
            "6": {
                "8": 123.165803108,
                "9": 103.844559584,
                "3": 81.082901554,
                "4": 67.419689119
            },
            "7": {
                "9": 136.466321242,
                "8": 132.098445595,
                "3": 91.704663212
            },
            "8": {
                "8": 135.285093702,
                "3": 121.551725931
            }
        }
    }
}