{
    "Ranking": "5 > 9 > 8 > 4 > 3 > 2 > 1 > 7 > 6",
    "Number Of Seats": 3,
    "Stats": {
        "5": 239.603571429,
        "9": 156.110714286,
        "8": 122.113095238,
        "4": 119.397619048,
        "3": 111.619047619,
        "2": 98.766666667,
        "1": 68.071428571,
        "7": 67.029761905,
        "6": 51.407142857
    }
}