{
    "Ranking": "3 > 5 > 6 > 1 > 7 > 4 > 2",
    "Number Of Seats": 2,
    "Stats": {
        "1": {
            "2": 1.275,
            "3": 0,
            "4": 1.0851063829787233,
            "5": 0,
            "6": 0,
            "7": 1.02
        },
        "2": {
            "1": 0,
            "3": 0,
            "4": 0,
            "5": 0,
            "6": 0,
            "7": 0
        },
        "3": {
            "1": 1.4318181818181819,
            "2": 1.8157894736842106,
            "4": 1.5238095238095237,
            "5": 1.1272727272727272,
            "6": 1.2452830188679245,
            "7": 1.346938775510204
        },
        "4": {
            "1": 0,
            "2": 1.4594594594594594,
            "3": 0,
            "5": 0,
            "6": 0,
            "7": 0
        },
        "5": {
            "1": 1.3863636363636365,
            "2": 1.5128205128205128,
            "3": 0,
            "4": 1.0851063829787233,
            "6": 1.1372549019607843,
            "7": 1.3863636363636365
        },
        "6": {
            "1": 1.1956521739130435,
            "2": 1.7575757575757576,
            "3": 0,
            "4": 1.0851063829787233,
            "5": 0,
            "7": 1.9333333333333333
        },
        "7": {
            "1": 0,
            "2": 1.3513513513513513,
            "3": 0,
            "4": 1.0196078431372548,
            "5": 0,
            "6": 0
        }
    }
}