{
    "Ranking": "A > E > C > D > G > B > F",
    "Number Of Seats": 3,
    "Stats": {
        "A": {
            "B": 2.0229007633587788,
            "C": 1.2240663900414939,
            "D": 1.326086956521739,
            "E": 1.091254752851711,
            "F": 2.8210526315789473,
            "G": 1.3145539906103287
        },
        "B": {
            "A": 0,
            "C": 0,
            "D": 0,
            "E": 0,
            "F": 2.1565217391304348,
            "G": 0
        },
        "C": {
            "A": 0,
            "B": 1.6308724832214765,
            "D": 1.3468468468468469,
            "E": 0,
            "F": 2.5445544554455446,
            "G": 1.0940170940170941
        },
        "D": {
            "A": 0,
            "B": 1.8461538461538463,
            "C": 0,
            "E": 0,
            "F": 3.1,
            "G": 1.0700389105058365
        },
        "E": {
            "A": 0,
            "B": 1.9710144927536233,
            "C": 1.1859504132231404,
            "D": 1.188,
            "F": 3.810126582278481,
            "G": 1.558252427184466
        },
        "F": {
            "A": 0,
            "B": 0,
            "C": 0,
            "D": 0,
            "E": 0,
            "G": 0
        },
        "G": {
            "A": 0,
            "B": 1.7114093959731544,
            "C": 0,
            "D": 0,
            "E": 0,
            "F": 2.704761904761905
        }
    }
}