{
    "Ranking": "12 > 18 > 7 > 13 > 8 > 9 > 11 > 20 > 3 > 16 > 10 > 19 > 2 > 17 > 1 > 14 > 15 > 6 > 4 > 21 > 5",
    "Number Of Seats": 2,
    "Stats": {
        "12": 16.492099567099572,
        "18": 13.356944444444444,
        "7": 11.12420634920635,
        "13": 10.710964912280703,
        "8": 9.950980392156863,
        "9": 9.742857142857144,
        "11": 8.619893483709273,
        "20": 8.372161172161173,
        "3": 8.14005439005439,
        "16": 7.569079939668174,
        "10": 7.30595238095238,
        "19": 6.6069444444444425,
        "2": 6.116666666666667,
        "17": 5.890476190476191,
        "1": 5.3921568627450975,
        "14": 3.9056277056277056,
        "15": 3.450490196078431,
        "6": 3.3727564102564105,
        "4": 3.319022644022644,
        "21": 2.8692982456140363,
        "5": 1.1538742690058477
    }
}