{
    "Ranking": "1 > 3 > 2",
    "Number Of Seats": 2,
    "Stats": {
        "1": 182.16666666666669,
        "3": 141.91666666666643,
        "2": 139.74999999999974
    }
}